tree
version=v4
num_class=1
num_tree_per_iteration=1
label_index=0
max_feature_idx=9
objective=regression
feature_names=feat_0 feat_1 feat_2 feat_3 feat_4 feat_5 feat_6 feat_7 feat_8 feat_9
feature_infos=[-2.7032322929992372:2.5269324258736217] [-2.9403886346642802:2.5581992856682523] [-3.2412673400690726:2.5600845382687947] [-2.1988059566200819:2.6016831141803949] [-2.6197451040897444:2.6443433470170348] [-2.5910422921449099:3.1931075678448608] [-2.6968866429415717:2.403415585238275] [-2.4238793266289567:3.1377485336599937] [-2.650969808393012:3.0788808084552377] [-2.8722622132816493:3.8527314906547212]
tree_sizes=710 742 824 824 737 730 741 828 717 723 830 834 748 742 749 832 745 828 915 827 737 831 831 830 743 747 752 834 836 747 835 746 830 827 830 746 833 825 736 826 831 833 746 831 808 893 831 755 808 749 835 838 822 825 835 813 730 837 747 835 832 747 752 748 813 831 745 832 838 753 752 836 837 743 740 745 836 835 748 752 753 750 837 755 751 838 814 818 752 835 744 746 753 839 747 840 753 838 817 838 826 742 751 752 903 799 838 816 815 840 752 733 753 840 907 842 753 842 839 840 836 742 817 741 818 842 751 829 730 811 818 753 844 744 753 844 802 737 836 715 756 734 756 811 829 843 746 740 734 833 733 841 756 736 747 821 846 842 744 755 816 842 847 758 843 745 847 746 753 755 844 840 758 846 847 840 819 845 842 849 737 755 832 757 850 757 761 823 759 815 846 845 756 799 838 813 748 756 756 757 756 762 849 755 753 804 844 756 840 668 752 825 844 839 846 842 908 889 757 819 853 756 761 842 846 758 836 757 844 830 847 913 761 725 748 829 842 753 760 756 756 846 738 671 819 845 760 829 735 820 844 748 844 847 760 849 905 833 823 817 850 760 823 755 825 757 758 822 844 845 846 842 836 748 845 756 814 805 756 808 752 827 738 759 823 843 747 749 764 843 824 763 848 763 758 847 847 760 734 822 908 760 830 907 762 837 849 910 757 762 753 822 838 763 817 847 761 842 761 833 846 814 837 733 759 767 754 764 849 816 843 842 743 763 844 760 827 738 762 763 895 762 764 754 855 758 762 833 754 744 852 752 833 843 850 837 739 829 842 754 831 722 765 753 770 804 748 833 811 763 767 762 744 750 754 753 764 827 765 759 744 744 835 821 765 749 763 845 843 804 852 833 749 738 824 763 917 832 745 743 832 812 842 809 756 830 819 819 837 728 856 725 725 813 746 746 745 850 825 765 744 830 857 854 728 843 831 767 747 832 735 755 767 758 768 853 736 767 743 852 839 850 845 850 856 744 845 745 850 758 844 750 745 768 769 744 767 748 845 748 812 795 761 746 857 823 838 837 748 832 833 830 754 859 769 745 756 834 833 829 823 838 853 811 841 816 753 839 838 715 739 834 718 739 874 835 826 809 765 724

Tree=0
num_leaves=7
num_cat=0
split_feature=1 2 5 0 6 1
split_gain=0.774611 0.739446 0.484071 0.362685 0.225206 0.136247
threshold=1.1421014948046573 0.51305485367989789 -0.476704862485478 0.5049099755936578 -0.26433549898023673 -0.38836542391905376
decision_type=2 2 2 2 2 2
left_child=1 2 -1 4 -4 -3
right_child=-2 5 3 -5 -6 -7
leaf_value=0.46910584733998872 0.46810647271175188 0.47755735601957383 0.4826634687617794 0.47088483052653146 0.47577793161368481 0.48317267573807771
leaf_weight=35 35 21 20 22 34 33
leaf_count=35 35 21 20 22 34 33
internal_value=0.474852 0.476286 0.47399 0.476178 0.47843 0.48109
internal_weight=200 165 111 76 54 54
internal_count=200 165 111 76 54 54
is_linear=0
shrinkage=1


Tree=1
num_leaves=7
num_cat=0
split_feature=3 1 8 6 0 5
split_gain=0.869927 1.11553 0.479635 0.469385 0.503544 0.247613
threshold=0.89588184640498669 1.1421014948046573 0.65201422690695299 -0.089520240767445816 0.10122652774700015 0.10867640870088148
decision_type=2 2 2 2 2 2
left_child=1 2 3 4 -1 -5
right_child=-2 -3 -4 5 -6 -7
leaf_value=0.00042496573999214961 0.0067997585017456541 -0.010288343129933278 -0.0050369671231489084 0.0019712039515939364 0.010998521333971582 -0.0047468140572903168
leaf_weight=24 38 30 31 29 23 25
leaf_count=24 38 30 31 29 23 25
internal_value=0 -0.00159657 0.000347274 0.00205267 0.00571778 -0.00104959
internal_weight=200 162 132 101 47 54
internal_count=200 162 132 101 47 54
is_linear=0
shrinkage=0.05


Tree=2
num_leaves=8
num_cat=0
split_feature=3 1 2 8 1 2 6
split_gain=0.785022 1.00743 0.563331 0.453605 0.232994 0.171621 0.153418
threshold=0.89588184640498669 1.1421014948046573 0.51305485367989789 0.42837544121092647 -0.54902232878446267 1.072677761510225 -0.034850130101102501
decision_type=2 2 2 2 2 2 2
left_child=1 2 3 4 -1 -4 -6
right_child=-2 -3 5 -5 6 -7 -8
leaf_value=0.005071303806272312 0.0064606629753255554 -0.0097756350245883708 0.0086408960276204549 -0.0068334606671056081 0.0014042882239931568 0.0016998624169633756 -0.0045083693277214376
leaf_weight=20 38 30 20 30 21 20 21
leaf_count=20 38 30 20 30 21 20 21
internal_value=0 -0.00151541 0.000330047 -0.00178339 0.000586749 0.00530796 -0.00143696
internal_weight=200 162 132 92 62 40 42
internal_count=200 162 132 92 62 40 42
is_linear=0
shrinkage=0.05


Tree=3
num_leaves=8
num_cat=0
split_feature=3 1 2 5 1 2 1
split_gain=0.708091 0.910191 0.509249 0.265957 0.285346 0.153965 0.0840095
threshold=0.89588184640498669 1.1421014948046573 0.51305485367989789 0.42917437219935917 -0.4762805516938205 1.072677761510225 0.15908064658775997
decision_type=2 2 2 2 2 2 2
left_child=1 2 3 4 -1 -4 -6
right_child=-2 -3 5 -5 6 -7 -8
leaf_value=0.0011811302316870856 0.0061384777012928899 -0.0092884769981519712 0.0082110006871878791 0.0021596869064936623 -0.0084133282415012802 0.0016152920975206206 -0.0033892473980010329
leaf_weight=20 38 30 20 29 20 20 23
leaf_count=20 38 30 20 29 20 20 23
internal_value=0 -0.00143668 0.000315644 -0.00169177 -0.00354451 0.00505009 -0.00585614
internal_weight=200 162 132 92 63 40 43
internal_count=200 162 132 92 63 40 43
is_linear=0
shrinkage=0.05


Tree=4
num_leaves=7
num_cat=0
split_feature=3 1 2 8 1 2
split_gain=0.638693 0.82234 0.460417 0.400886 0.207487 0.13807
threshold=0.89588184640498669 1.1421014948046573 0.51305485367989789 0.42837544121092647 -0.18965921797176757 1.072677761510225
decision_type=2 2 2 2 2 2
left_child=1 2 3 4 -1 -4
right_child=-2 -3 5 -5 -6 -7
leaf_value=0.0036622303720576024 0.0058323593830978231 -0.008825596255804119 0.0078024930306779807 -0.0063549822601690828 -0.0020798064466577451 0.0015349292907567314
leaf_weight=30 38 30 20 30 32 20
leaf_count=30 38 30 20 30 32 20
internal_value=0 -0.00136201 0.000301806 -0.00160493 0.000619506 0.00480504
internal_weight=200 162 132 92 62 40
internal_count=200 162 132 92 62 40
is_linear=0
shrinkage=0.05


Tree=5
num_leaves=7
num_cat=0
split_feature=3 8 0 4 9 8
split_gain=0.576313 0.355572 0.258332 0.446603 0.43919 0.248732
threshold=0.89588184640498669 0.65201422690695299 0.30792615419808084 0.8894798583124065 -0.053470711242552503 -0.086510780692153996
decision_type=2 2 2 2 2 2
left_child=1 2 3 5 -4 -1
right_child=-2 -3 4 -5 -6 -7
leaf_value=-0.001278791046234345 0.005541506940709779 -0.0055171560037152708 -0.0015475738645193587 0.0044724284094383024 0.0078819934956052082 -0.008318073208110904
leaf_weight=34 38 38 25 20 23 22
leaf_count=34 38 38 25 20 23 22
internal_value=0 -0.0012925 0 -0.00180736 0.0028738 -0.00414325
internal_weight=200 162 124 76 48 56
internal_count=200 162 124 76 48 56
is_linear=0
shrinkage=0.05


Tree=6
num_leaves=7
num_cat=0
split_feature=9 1 2 0 7 0
split_gain=0.42063 0.487396 0.557437 0.42106 0.202698 0.180886
threshold=0.85132753845485853 -0.67938351361349336 0.54010936032557877 0.35959148292834869 0.290393031021634 1.0000000180025095e-35
decision_type=2 2 2 2 2 2
left_child=1 -1 3 4 -3 -2
right_child=5 2 -4 -5 -6 -7
leaf_value=0.004354305311796129 0.0011446036810804558 -0.0049685859998311321 0.0024148483054887036 -8.9296402703144154e-05 -0.011746984646094973 0.0075982056452199749
leaf_weight=30 27 35 36 31 20 21
leaf_count=30 27 35 36 31 20 21
internal_value=0 -0.00128237 -0.00271182 -0.00491625 -0.00754105 0.00408193
internal_weight=200 152 122 86 55 48
internal_count=200 152 122 86 55 48
is_linear=0
shrinkage=0.05


Tree=7
num_leaves=8
num_cat=0
split_feature=3 1 2 8 6 1 6
split_gain=0.518212 0.719682 0.362373 0.335485 0.179088 0.200303 0.127727
threshold=0.89588184640498669 1.1421014948046573 0.51305485367989789 0.42837544121092647 -0.38318791566268462 -0.11922484547233848 -0.12919833161773669
decision_type=2 2 2 2 2 2 2
left_child=1 2 3 4 -1 -6 -4
right_child=-2 -3 6 -5 5 -7 -8
leaf_value=0.0044659252282920605 0.0052544456981400553 -0.0082094238916306794 0.0071984074053016312 -0.0057075628571435066 0.0022543676243863297 -0.0046361828461218783 0.0011825932699501219
leaf_weight=21 38 30 20 30 20 21 20
leaf_count=21 38 30 20 30 20 21 20
internal_value=0 -0.00122593 0.000328394 -0.00135806 0.000671825 -0.00115598 0.00432564
internal_weight=200 162 132 92 62 41 40
internal_count=200 162 132 92 62 41 40
is_linear=0
shrinkage=0.05


Tree=8
num_leaves=7
num_cat=0
split_feature=9 1 2 0 7 4
split_gain=0.371206 0.422866 0.469634 0.381742 0.184135 0.163494
threshold=0.85132753845485853 -0.67938351361349336 0.54010936032557877 0.35959148292834869 0.290393031021634 0.13752351837426172
decision_type=2 2 2 2 2 2
left_child=1 -1 3 4 -3 -2
right_child=5 2 -4 -5 -6 -7
leaf_value=0.0040445496295687068 0.00054846533384674044 -0.0045968211208207484 0.0021627814764378804 0 -0.01106846379255181 0.006651054402865262
leaf_weight=30 23 35 36 31 20 25
leaf_count=30 23 35 36 31 20 25
internal_value=0 -0.00120121 -0.00253436 -0.0045589 -0.00705671 0.00383807
internal_weight=200 152 122 86 55 48
internal_count=200 152 122 86 55 48
is_linear=0
shrinkage=0.05


Tree=9
num_leaves=7
num_cat=0
split_feature=3 2 8 6 3 0
split_gain=0.465167 0.342971 0.288029 0.254546 0.147299 0.125434
threshold=0.89588184640498669 0.28676327924322481 0.82192651695695773 0.098220931421532071 -0.32684283938280462 -0.085877667947008351
decision_type=2 2 2 2 2 2
left_child=1 2 3 5 -3 -1
right_child=-2 4 -4 -5 -6 -7
leaf_value=-0.001550078659841967 0.0049818376396059154 0.0052524355023887484 -0.0073362024372952174 -0.0044514524265513505 0 0.0036924284801690905
leaf_weight=20 38 21 27 35 35 24
leaf_count=20 38 21 27 35 35 24
internal_value=0 -0.00115788 -0.0028485 -0.00124419 0.00195247 0.00119798
internal_weight=200 162 106 79 56 44
internal_count=200 162 106 79 56 44
is_linear=0
shrinkage=0.05


Tree=10
num_leaves=8
num_cat=0
split_feature=3 1 0 0 6 8 7
split_gain=0.419984 0.63344 0.394477 0.336747 0.394885 0.0839006 0.0432127
threshold=0.89588184640498669 1.1421014948046573 0.79733710242475475 -0.24930629763983744 0.098220931421532071 0.10997349839977005 -0.2421686211457568
decision_type=2 2 2 2 2 2 2
left_child=1 2 3 5 6 -1 -5
right_child=-2 -3 -4 4 -6 -7 -8
leaf_value=1.2555632239846902e-06 0.004733399439265761 -0.0076536687852140281 -0.0060447440595037087 0.0046580714530033455 -0.00049555841384162091 -0.0043366494166910347 0.0088431977273071578
leaf_weight=20 38 30 20 21 31 20 20
leaf_count=20 38 30 20 21 31 20 20
internal_value=0 -0.00110052 0.000355647 0.00154755 0.00361473 -0.00204841 0.0068378
internal_weight=200 162 132 112 72 40 41
internal_count=200 162 132 112 72 40 41
is_linear=0
shrinkage=0.05


Tree=11
num_leaves=8
num_cat=0
split_feature=3 1 0 0 6 8 5
split_gain=0.379142 0.571817 0.356269 0.303686 0.357857 0.0761467 0.0395808
threshold=0.89588184640498669 1.1421014948046573 0.79733710242475475 -0.24930629763983744 0.098220931421532071 0.10997349839977005 -0.058179031203032937
decision_type=2 2 2 2 2 2 2
left_child=1 2 3 5 6 -1 -5
right_child=-2 -3 -4 4 -6 -7 -8
leaf_value=1.1930951098007803e-06 0.0044973507870643787 -0.0072722568563448643 -0.0057440106029534215 0.0043009756302081082 -0.00047086012846164391 -0.0041208955918007814 0.0083341137475170784
leaf_weight=20 38 30 20 20 31 20 21
leaf_count=20 38 30 20 20 31 20 21
internal_value=0 -0.00104565 0.000336071 0.00147056 0.00343489 -0.0019403 0.00650364
internal_weight=200 162 132 112 72 40 41
internal_count=200 162 132 112 72 40 41
is_linear=0
shrinkage=0.05


Tree=12
num_leaves=7
num_cat=0
split_feature=3 1 0 2 6 1
split_gain=0.342272 0.516185 0.321764 0.306092 0.244544 0.360693
threshold=0.89588184640498669 1.1421014948046573 0.79733710242475475 0.51305485367989789 -0.38318791566268462 -0.44930766057155741
decision_type=2 2 2 2 2 2
left_child=1 2 3 4 -1 -6
right_child=-2 -3 -4 -5 5 -7
leaf_value=0.0033915939243689339 0.0042730734026025291 -0.0069098520207147678 -0.0054582389252288126 0.0053566994093620706 0.0023940457044372343 -0.0060767776636835632
leaf_weight=28 38 30 20 34 21 29
leaf_count=28 38 30 20 34 21 29
internal_value=0 -0.000993521 0.000317462 0.00139739 -0.000269092 -0.00242155
internal_weight=200 162 132 112 78 50
internal_count=200 162 132 112 78 50
is_linear=0
shrinkage=0.05


Tree=13
num_leaves=7
num_cat=0
split_feature=5 4 3 0 0 4
split_gain=0.32537 0.28114 0.182045 0.161067 0.147093 0.132522
threshold=0.42917437219935917 -0.10129883819559048 0.70865380239478815 0.31613239052413888 0.13721357584674315 1.0300775799107975
decision_type=2 2 2 2 2 2
left_child=1 4 5 -2 -1 -3
right_child=3 2 -4 -5 -6 -7
leaf_value=-0.0064179467666187475 0.00062918195506129571 0.00073527183391234154 0.0042657437544815976 0.0059175659479690215 -0.00098644478443223396 -0.0041534312069416044
leaf_weight=31 36 37 23 27 25 21
leaf_count=31 36 37 23 27 25 21
internal_value=0 -0.00135797 0.000470775 0.00298066 -0.00408838 -0.00095282
internal_weight=200 137 81 63 56 58
internal_count=200 137 81 63 56 58
is_linear=0
shrinkage=0.05


Tree=14
num_leaves=7
num_cat=0
split_feature=3 1 0 2 8 3
split_gain=0.297184 0.460686 0.293186 0.272061 0.154362 0.186498
threshold=0.89588184640498669 1.1421014948046573 0.79733710242475475 0.51305485367989789 0.42837544121092647 1.0000000180025095e-35
decision_type=2 2 2 2 2 2
left_child=1 2 3 4 5 -1
right_child=-2 -3 -4 -5 -6 -7
leaf_value=0.0039702019931050813 0.0039837756543725806 -0.0065136588639595179 -0.0051976671683328654 0.0050776544193289301 -0.0036030685351349998 -0.0018341921863565408
leaf_weight=29 38 30 20 34 24 25
leaf_count=29 38 30 20 34 24 25
internal_value=0 -0.000923661 0.000312911 0.00134531 -0.000222014 0.00119214
internal_weight=200 162 132 112 78 54
internal_count=200 162 132 112 78 54
is_linear=0
shrinkage=0.05


Tree=15
num_leaves=8
num_cat=0
split_feature=9 1 2 0 3 0 6
split_gain=0.300209 0.32154 0.267619 0.424647 0.261948 0.148054 0.0636988
threshold=0.85132753845485853 -0.85175710570357788 0.63327937351919183 0.67040357000334094 0.46356336607458076 1.0000000180025095e-35 0.098220931421532071
decision_type=2 2 2 2 2 2 2
left_child=1 -1 3 4 6 -2 -3
right_child=5 2 -4 -5 -6 -7 -8
leaf_value=0.0037917225602739297 0.00078197711205790419 -0.0053945614170137941 0.0014306693087117028 0.0026155014174865251 -0.0011412972146533874 0.0066266106256235267 -0.010027735046536675
leaf_weight=27 27 23 35 20 25 21 22
leaf_count=27 27 23 35 20 25 21 22
internal_value=0 -0.00108041 -0.00217495 -0.00363266 -0.00549035 0.00345142 -0.00778775
internal_weight=200 152 125 90 70 48 45
internal_count=200 152 125 90 70 48 45
is_linear=0
shrinkage=0.05


Tree=16
num_leaves=7
num_cat=0
split_feature=5 4 7 3 6 2
split_gain=0.293654 0.255963 0.172162 0.197275 0.136168 0.123215
threshold=0.42917437219935917 -0.10129883819559048 -0.34067680349636748 0.48793810252706005 -0.24450826217084101 -0.1248327245305791
decision_type=2 2 2 2 2 2
left_child=1 5 -3 -4 -2 -1
right_child=4 2 3 -5 -6 -7
leaf_value=-0.0066704025701233242 0.0055387432257407703 -0.0030090512798643088 -0.00028111233903078736 0.0055805468153676168 0.00065559922947117501 -0.0016425152845982449
leaf_weight=24 27 24 34 23 36 32
leaf_count=24 27 24 34 23 36 32
internal_value=0 -0.00128866 0.000453842 0.00200218 0.00283308 -0.0038945
internal_weight=200 137 81 57 63 56
internal_count=200 137 81 57 63 56
is_linear=0
shrinkage=0.05


Tree=17
num_leaves=8
num_cat=0
split_feature=3 1 0 0 2 6 2
split_gain=0.246481 0.39733 0.273643 0.245449 0.275807 0.266662 0.160744
threshold=0.89588184640498669 1.1421014948046573 0.79733710242475475 -0.24930629763983744 0.28676327924322481 0.098220931421532071 -0.21123306410811662
decision_type=2 2 2 2 2 2 2
left_child=1 2 3 6 5 -5 -1
right_child=-2 -3 -4 4 -6 -7 -8
leaf_value=0.0012145709162994997 0.0036273928784479308 -0.0060342261809051235 -0.0050178983318271923 0.004287143352869633 0.0066301426275294888 -0.0037416723763004905 -0.0049669988101246343
leaf_weight=20 38 30 20 21 31 20 20
leaf_count=20 38 30 20 21 31 20 20
internal_value=0 -0.000841858 0.00030405 0.00130263 0.00307141 0.000249419 -0.0017562
internal_weight=200 162 132 112 72 41 40
internal_count=200 162 132 112 72 41 40
is_linear=0
shrinkage=0.05


Tree=18
num_leaves=9
num_cat=0
split_feature=5 4 8 0 1 1 0 3
split_gain=0.264968 0.228382 0.152184 0.176287 0.137295 0.266002 0.112888 0.0395167
threshold=0.42917437219935917 -0.10129883819559048 0.82192651695695773 0.33468831985443565 0.50263616117637389 -0.54902232878446267 0.13721357584674315 0.33740704005179617
decision_type=2 2 2 2 2 2 2 2
left_child=1 6 3 7 5 -2 -1 -3
right_child=4 2 -4 -5 -6 -7 -8 -9
leaf_value=-0.0057356322396822108 0.00038807795935378962 -0.0017273114262083868 -0.0031538003742235809 0.0055776904675349662 -0.00051379919571069939 0.008510583450100315 -0.00093622966242798303 0.0013911270142639455
leaf_weight=31 23 20 21 20 20 20 25 20
leaf_count=31 23 20 21 20 20 20 25 20
internal_value=0 -0.00122588 0.000416881 0.00175298 0.00268938 0.00429298 -0.00368766 -4.38231e-05
internal_weight=200 137 81 60 63 43 56 40
internal_count=200 137 81 60 63 43 56 40
is_linear=0
shrinkage=0.05


Tree=19
num_leaves=8
num_cat=0
split_feature=5 4 8 8 1 1 2
split_gain=0.239474 0.20658 0.137494 0.167885 0.124785 0.239381 0.101779
threshold=0.42917437219935917 -0.10129883819559048 0.82192651695695773 -0.54599136229516632 0.50263616117637389 -0.54902232878446267 0.052601104911993962
decision_type=2 2 2 2 2 2 2
left_child=1 6 3 -3 5 -2 -1
right_child=4 2 -4 -5 -6 -7 -8
leaf_value=-0.005685691522215609 0.0003687581361888291 -0.0016508989735628686 -0.002996857672205892 0.0037164733009388442 -0.00048823699966740248 0.0080871714770200838 -0.0011405365375861578
leaf_weight=28 23 22 21 38 20 20 28
leaf_count=28 23 22 21 38 20 20 28
internal_value=0 -0.00116658 0.000393083 0.00166577 0.00255558 0.00408516 -0.00350832
internal_weight=200 137 81 60 63 43 56
internal_count=200 137 81 60 63 43 56
is_linear=0
shrinkage=0.05


Tree=20
num_leaves=7
num_cat=0
split_feature=3 2 8 4 0 2
split_gain=0.221807 0.24465 0.237318 0.143645 0.188602 0.142037
threshold=0.89588184640498669 -1.0099812928652321 1.0023018536812007 0.57618336971590733 0.28011584133812589 -0.15907034707281489
decision_type=2 2 2 2 2 2
left_child=1 -1 3 4 5 -3
right_child=-2 2 -4 -5 -6 -7
leaf_value=-0.0053416066702856009 0.0034366051693327155 0.00049759869324675517 -0.0049904017040821071 0.0036866629569372021 0.0025145303365101115 -0.0047739166830634248
leaf_weight=25 38 22 20 33 36 26
leaf_count=25 38 22 20 33 36 26
internal_value=0 -0.000803088 0 0.000889845 -0.00015253 -0.00225784
internal_weight=200 162 137 117 84 48
internal_count=200 162 137 117 84 48
is_linear=0
shrinkage=0.05


Tree=21
num_leaves=8
num_cat=0
split_feature=9 1 1 7 4 1 3
split_gain=0.253379 0.283943 0.247704 0.264217 0.136443 0.251326 0.105493
threshold=0.85132753845485853 -0.67938351361349336 0.05191326338887798 -0.045665831783112107 0.62169092603662379 0.5700380129846615 0.4077554097752199
decision_type=2 2 2 2 2 2 2
left_child=1 -1 3 -3 5 -4 -2
right_child=6 2 4 -5 -6 -7 -8
leaf_value=0.0032910477004920525 0.00096223023372082525 -0.00076173180945921903 0.0025349854950362173 -0.0090011372032882935 0.0026750712173399648 -0.0043400912901639449 0.0059867213651612029
leaf_weight=30 28 20 20 22 24 36 20
leaf_count=30 28 20 20 22 24 36 20
internal_value=0 -0.000995597 -0.00209247 -0.0052075 -0.000390198 -0.00179544 0.00316781
internal_weight=200 152 122 42 80 56 48
internal_count=200 152 122 42 80 56 48
is_linear=0
shrinkage=0.05


Tree=22
num_leaves=8
num_cat=0
split_feature=9 1 1 7 4 1 4
split_gain=0.229193 0.257472 0.19794 0.193982 0.122987 0.227246 0.107305
threshold=0.85132753845485853 -0.85175710570357788 0.05191326338887798 -0.14323352037145445 0.62169092603662379 0.5700380129846615 0.13752351837426172
decision_type=2 2 2 2 2 2 2
left_child=1 -1 3 -3 5 -4 -2
right_child=6 2 4 -5 -6 -7 -8
leaf_value=0.0034091077030144936 0.00031024130843418504 -0.00063068940633194371 0.0024088668113398312 -0.0075362131875230977 0.0025418726747714975 -0.0041236878513330154 0.0052936793115746922
leaf_weight=27 23 20 20 25 24 36 25
leaf_count=27 23 20 20 25 24 36 25
internal_value=0 -0.000944357 -0.00192665 -0.00458616 -0.000364392 -0.00170137 0.00301534
internal_weight=200 152 125 45 80 56 48
internal_count=200 152 125 45 80 56 48
is_linear=0
shrinkage=0.05


Tree=23
num_leaves=8
num_cat=0
split_feature=5 9 8 6 4 9 4
split_gain=0.213227 0.184989 0.316109 0.228074 0.285582 0.110887 0.105808
threshold=0.42917437219935917 0.98829560984475029 0.42837544121092647 -0.82892638494837001 -0.10129883819559048 -0.30229839111583084 -0.16420371272621029
decision_type=2 2 2 2 2 2 2
left_child=1 2 3 -1 -5 -2 -7
right_child=5 -3 -4 4 -6 6 -8
leaf_value=-0.004667115691627621 -0.00044184361969060561 0.0026090309138042259 -0.0057814784407003153 -0.0025093513774762165 0.0047479687384374657 0.0011405697067129127 0.0064466487324986409
leaf_weight=20 20 26 37 23 31 22 21
leaf_count=20 20 26 37 23 31 22 21
internal_value=0 -0.00109781 -0.00201266 -5.5509e-05 0.00156554 0.00241442 0.00385686
internal_weight=200 137 111 74 54 63 43
internal_count=200 137 111 74 54 63 43
is_linear=0
shrinkage=0.05


Tree=24
num_leaves=7
num_cat=0
split_feature=5 9 8 6 4 0
split_gain=0.192527 0.167401 0.28497 0.205635 0.258131 0.111331
threshold=0.42917437219935917 0.98829560984475029 0.42837544121092647 -0.82892638494837001 -0.10129883819559048 0.31613239052413888
decision_type=2 2 2 2 2 2
left_child=1 2 3 -1 -5 -2
right_child=5 -3 -4 4 -6 -7
leaf_value=-0.0044349209388685569 0.0003195299124577369 0.0024790792822323993 -0.0054931837280288425 -0.0023844270430731051 0.0045113337229206628 0.004731846233740504
leaf_weight=20 36 26 37 23 31 27
leaf_count=20 36 26 37 23 31 27
internal_value=0 -0.00104313 -0.00191464 -5.28974e-05 0.00148285 0.00229426
internal_weight=200 137 111 74 54 63
internal_count=200 137 111 74 54 63
is_linear=0
shrinkage=0.05


Tree=25
num_leaves=7
num_cat=0
split_feature=5 9 8 6 6 6
split_gain=0.174257 0.151502 0.25688 0.185391 0.170401 0.11043
threshold=0.42917437219935917 0.98829560984475029 0.42837544121092647 -0.82892638494837001 0.098220931421532071 -0.24450826217084101
decision_type=2 2 2 2 2 2
left_child=1 2 3 -1 -5 -2
right_child=5 -3 -4 4 -6 -7
leaf_value=-0.0042142780553271518 0.0046073941135868378 0.0023556002212324362 -0.0052192648412720012 0.0049459754008252471 -0.00070659647811080397 0.00022007006367570476
leaf_weight=20 27 26 37 21 33 36
leaf_count=20 27 26 37 21 33 36
internal_value=0 -0.000991166 -0.00182151 -5.04083e-05 0.00140428 0.00218391
internal_weight=200 137 111 74 54 63
internal_count=200 137 111 74 54 63
is_linear=0
shrinkage=0.05


Tree=26
num_leaves=7
num_cat=0
split_feature=3 0 0 4 4 8
split_gain=0.200618 0.142546 0.173361 0.355459 0.141895 0.082708
threshold=0.89588184640498669 0.98143087147855501 0.31613239052413888 0.68601774066871213 0.073151886678842634 1.0000000180025095e-35
decision_type=2 2 2 2 2 2
left_child=1 2 3 4 5 -1
right_child=-2 -3 -4 -5 -6 -7
leaf_value=0.00027305977650883285 0.0032750858087459301 -0.004707871119848531 0.0026823492725611981 0.0029514888098907972 -0.0066820676577576676 -0.0036602053798705453
leaf_weight=24 38 20 38 33 22 25
leaf_count=24 38 20 38 33 22 25
internal_value=0 -0.000756943 -0.000162367 -0.00125139 -0.00327657 -0.00163524
internal_weight=200 162 142 104 71 49
internal_count=200 162 142 104 71 49
is_linear=0
shrinkage=0.05


Tree=27
num_leaves=8
num_cat=0
split_feature=9 1 2 0 9 0 0
split_gain=0.158486 0.226648 0.21454 0.297957 0.145853 0.128569 0.112304
threshold=0.85132753845485853 -0.67938351361349336 0.63839066173497094 0.67040357000334094 -0.61334235326820707 -0.12822755145984863 1.0000000180025095e-35
decision_type=2 2 2 2 2 2 2
left_child=1 -1 3 4 -3 -6 -2
right_child=6 2 -4 -5 5 -7 -8
leaf_value=0.0030464475884711822 0.00018051565586970741 -0.00074510416618330574 0.0016489095553593285 0.0020106889263360422 -0.0033764837325329384 -0.008987324507060376 0.0052588304001573135
leaf_weight=30 27 20 32 21 26 23 21
leaf_count=30 27 20 32 21 26 23 21
internal_value=0 -0.000780121 -0.00176375 -0.00303312 -0.00464124 -0.00612492 0.00251254
internal_weight=200 152 122 90 69 49 48
internal_count=200 152 122 90 69 49 48
is_linear=0
shrinkage=0.05


Tree=28
num_leaves=8
num_cat=0
split_feature=3 2 8 3 9 6 9
split_gain=0.179208 0.205007 0.163301 0.134367 0.13007 0.105798 0.0962861
threshold=0.89588184640498669 -1.0099812928652321 1.0023018536812007 -0.64846967926451671 -0.30229839111583084 -0.034850130101102501 0.40601699904274541
decision_type=2 2 2 2 2 2 2
left_child=1 -1 3 5 -5 -3 -6
right_child=-2 2 -4 4 6 -7 -8
leaf_value=-0.0048677563489195833 0.0030984229640424097 0.0055591196422045824 -0.004113087809612205 -0.0037128681864808583 0.0035913597727518769 0.00026981580596399532 -0.00071711264201791626
leaf_weight=25 38 21 20 22 20 21 33
leaf_count=25 38 21 20 22 20 21 33
internal_value=0 -0.000712324 1.24944e-05 0.000763331 -0.000447463 0.00304016 0.000818266
internal_weight=200 162 137 117 75 42 53
internal_count=200 162 137 117 75 42 53
is_linear=0
shrinkage=0.05


Tree=29
num_leaves=7
num_cat=0
split_feature=3 1 0 6 0 3
split_gain=0.161782 0.30482 0.219219 0.189342 0.206131 0.176187
threshold=0.89588184640498669 1.1421014948046573 0.79733710242475475 -0.68227132361849663 -0.41282134652725405 0.077262375494543192
decision_type=2 2 2 2 2 2
left_child=1 2 3 -1 -5 -6
right_child=-2 -3 -4 4 5 -7
leaf_value=0.0044655758552427328 0.0029439083999557559 -0.0052275429055886804 -0.0044330933923596768 -0.0038362125454255306 0.0041551072416988787 -0.0014331917004095569
leaf_weight=32 38 30 20 25 31 24
leaf_count=32 38 30 20 25 31 24
internal_value=0 -0.000676831 0.000322746 0.0012198 -2.00377e-05 0.00162766
internal_weight=200 162 132 112 80 55
internal_count=200 162 132 112 80 55
is_linear=0
shrinkage=0.05


Tree=30
num_leaves=8
num_cat=0
split_feature=5 4 7 1 9 9 4
split_gain=0.152762 0.15976 0.218439 0.176235 0.161088 0.0976686 0.0955421
threshold=0.42917437219935917 -0.46853740374328245 -0.71341139243060037 -0.18965921797176757 0.30934123971459987 -0.30229839111583084 -0.16420371272621029
decision_type=2 2 2 2 2 2 2
left_child=1 -1 -3 -4 -5 -2 -7
right_child=5 2 3 4 -6 6 -8
leaf_value=-0.0037841036165045406 -0.00063338291400404122 -0.0040578411138496705 0.0048418835677443983 0.0021017382453220215 -0.0035042124475896091 0.00082510293743729064 0.0058580675722934052
leaf_weight=36 20 24 25 30 22 22 21
leaf_count=36 20 24 25 30 22 22 21
internal_value=0 -0.000926693 4.50696e-05 0.00139235 -0.000176214 0.0020461 0.00340696
internal_weight=200 137 101 77 52 63 43
internal_count=200 137 101 77 52 63 43
is_linear=0
shrinkage=0.05


Tree=31
num_leaves=7
num_cat=0
split_feature=3 1 0 6 0 6
split_gain=0.145057 0.270466 0.194615 0.168595 0.181769 0.165169
threshold=0.89588184640498669 1.1421014948046573 0.79733710242475475 -0.68227132361849663 -0.41282134652725405 0.098220931421532071
decision_type=2 2 2 2 2 2
left_child=1 2 3 -1 -5 -6
right_child=-2 -3 -4 4 5 -7
leaf_value=0.004207182223865083 0.0027858492460595616 -0.0049296678176948003 -0.0041814481468861967 -0.0036094718423497624 0.0047721270729840053 -0.00066775804315911274
leaf_weight=32 38 30 20 25 23 32
leaf_count=32 38 30 20 25 23 32
internal_value=0 -0.000642666 0.000296796 0.0011441 -2.243e-05 0.00152089
internal_weight=200 162 132 112 80 55
internal_count=200 162 132 112 80 55
is_linear=0
shrinkage=0.05


Tree=32
num_leaves=8
num_cat=0
split_feature=7 7 1 9 7 8 8
split_gain=0.142206 0.189041 0.231209 0.177971 0.135021 0.133641 0.246627
threshold=1.3357349548866864 -0.71341139243060037 -0.18965921797176757 0.024098743833236503 -1.044328942796515 0.33744086048601274 -0.45706740793120976
decision_type=2 2 2 2 2 2 2
left_child=1 4 3 -3 -1 6 -4
right_child=-2 2 5 -5 -6 -7 -8
leaf_value=0.00020525440175342261 -0.0037748721289149233 0.00043651540945102642 -0.0027353063678165887 0.0065335033415040104 -0.0052461166023078125 -0.0028299082774321557 0.004192229095469094
leaf_weight=21 22 23 21 30 21 31 31
leaf_count=21 22 23 21 30 21 31 31
internal_value=0 0.000477445 0.00140628 0.00398761 -0.00240765 -0.000184679 0.00129872
internal_weight=200 178 136 53 42 83 52
internal_count=200 178 136 53 42 83 52
is_linear=0
shrinkage=0.05


Tree=33
num_leaves=8
num_cat=0
split_feature=5 4 7 4 7 3 7
split_gain=0.132999 0.141585 0.18099 0.149544 0.282695 0.108841 0.159229
threshold=0.42917437219935917 -0.46853740374328245 -0.71341139243060037 0.24228376000015475 0.34101924767434805 -0.48460923203808609 -0.14323352037145445
decision_type=2 2 2 2 2 2 2
left_child=1 -1 -3 -4 -5 -2 -7
right_child=5 2 3 4 -6 6 -8
leaf_value=-0.003557000072657484 0.0049677726974831291 -0.003684457684905728 0.0040439136224981412 0.0039844220050087023 -0.0038167601753699822 0.003564684218351875 -0.0024763174911295125
leaf_weight=36 20 24 30 20 27 21 22
leaf_count=36 20 24 30 20 27 21 22
internal_value=0 -0.00086673 4.52923e-05 0.00127593 -0.00038954 0.00190714 0.000359355
internal_weight=200 137 101 77 47 63 43
internal_count=200 137 101 77 47 63 43
is_linear=0
shrinkage=0.05


Tree=34
num_leaves=8
num_cat=0
split_feature=9 1 1 7 1 4 1
split_gain=0.129509 0.18642 0.17972 0.169278 0.10089 0.086494 0.171266
threshold=0.85132753845485853 -0.85175710570357788 0.05191326338887798 -0.14323352037145445 -0.41796661833308008 0.62169092603662379 0.5700380129846615
decision_type=2 2 2 2 2 2 2
left_child=1 -1 3 -3 -2 6 -4
right_child=4 2 5 -5 -6 -7 -8
leaf_value=0.0029903163325825082 -0.00010570848793215095 -0.00037135405197220655 0.0023612790912463893 -0.006825551245198307 0.0042934145262925388 0.0023761593856504843 -0.0033143742980017558
leaf_weight=27 21 20 20 25 27 24 36
leaf_count=27 21 20 20 25 27 24 36
internal_value=0 -0.000707888 -0.00154842 -0.00407507 0.00226863 -6.14452e-05 -0.00119763
internal_weight=200 152 125 45 48 80 56
internal_count=200 152 125 45 48 80 56
is_linear=0
shrinkage=0.05


Tree=35
num_leaves=7
num_cat=0
split_feature=3 6 1 6 0 4
split_gain=0.131435 0.198035 0.272276 0.260015 0.147722 0.15725
threshold=0.9379282452022929 1.0027405419071362 1.1421014948046573 0.098220931421532071 -0.41282134652725405 -0.34860813675483643
decision_type=2 2 2 2 2 2
left_child=1 2 3 4 -1 -6
right_child=-2 -3 -4 -5 5 -7
leaf_value=-0.0015938026974891826 0.002785397695969164 0.0033587069953595543 -0.0058643385001571633 -0.0039823073100332404 -0.00037341373439748484 0.0050589313189501987
leaf_weight=27 35 26 27 33 20 32
leaf_count=27 35 26 27 33 20 32
internal_value=0 -0.000583778 -0.00135905 -0.000224089 0.00128564 0.00287689
internal_weight=200 165 139 112 79 52
internal_count=200 165 139 112 79 52
is_linear=0
shrinkage=0.05


Tree=36
num_leaves=8
num_cat=0
split_feature=5 4 7 4 3 3 0
split_gain=0.120536 0.119434 0.165239 0.144143 0.298518 0.094713 0.147092
threshold=0.42917437219935917 -0.46853740374328245 -0.71341139243060037 1.0000000180025095e-35 0.48793810252706005 -0.48460923203808609 0.31613239052413888
decision_type=2 2 2 2 2 2 2
left_child=1 -1 -3 -4 -5 -2 -7
right_child=5 2 3 4 -6 6 -8
leaf_value=-0.0032967227893569342 0.0046721062108651913 -0.0035567394814973782 0.0047116641595218132 -0.0031858015254004842 0.0042156189877652758 -0.0024935962332156593 0.0033100107676303221
leaf_weight=36 20 24 21 33 23 21 22
leaf_count=36 20 24 21 33 23 21 22
internal_value=0 -0.000827004 6.22612e-06 0.00118478 -5.471e-05 0.00181372 0.000360472
internal_weight=200 137 101 77 56 63 43
internal_count=200 137 101 77 56 63 43
is_linear=0
shrinkage=0.05


Tree=37
num_leaves=8
num_cat=0
split_feature=7 7 1 9 7 1 9
split_gain=0.12243 0.15035 0.192669 0.146323 0.115819 0.114057 0.234436
threshold=1.3357349548866864 -0.71341139243060037 -0.18965921797176757 0.024098743833236503 -1.044328942796515 0.37645805247457781 0.30934123971459987
decision_type=2 2 2 2 2 2 2
left_child=1 4 3 -3 -1 -4 -7
right_child=-2 2 5 -5 -6 6 -8
leaf_value=0.00028049595117727867 -0.0035048956970149033 0.00038638426257031302 -0.002751044486729345 0.0059383695666675156 -0.0047613933576509289 0.0037068549669252112 -0.0030339039940924487
leaf_weight=21 22 23 29 30 21 34 20
leaf_count=21 22 23 29 30 21 34 20
internal_value=0 0.000440709 0.0012714 0.00362844 -0.00212701 -0.00017609 0.00111686
internal_weight=200 178 136 53 42 83 54
internal_count=200 178 136 53 42 83 54
is_linear=0
shrinkage=0.05


Tree=38
num_leaves=7
num_cat=0
split_feature=3 1 0 6 0 3
split_gain=0.110713 0.203121 0.168409 0.13158 0.14621 0.169027
threshold=0.89588184640498669 1.1421014948046573 0.79733710242475475 -0.68227132361849663 -0.41282134652725405 0.077262375494543192
decision_type=2 2 2 2 2 2
left_child=1 2 3 -1 -5 -6
right_child=-2 -3 -4 4 5 -7
leaf_value=0.0037401679439058181 0.0024300850311836861 -0.0042813149531564501 -0.0039195939379544995 -0.0032124825675352159 0.0038727929789447177 -0.0016117387509197616
leaf_weight=32 38 30 20 25 31 24
leaf_count=32 38 30 20 25 31 24
internal_value=0 -0.000565234 0.000244082 0.00103503 0 0.00139022
internal_weight=200 162 132 112 80 55
internal_count=200 162 132 112 80 55
is_linear=0
shrinkage=0.05


Tree=39
num_leaves=8
num_cat=0
split_feature=9 1 1 0 7 1 2
split_gain=0.111362 0.155891 0.172005 0.163856 0.153813 0.0999217 0.0977794
threshold=0.85132753845485853 -0.85175710570357788 0.05191326338887798 0.30792615419808084 -0.14323352037145445 -0.41796661833308008 0.076313224626990861
decision_type=2 2 2 2 2 2 2
left_child=1 -1 4 6 -3 -2 -4
right_child=5 2 3 -5 -6 -7 -8
leaf_value=0.0027160158801851349 -0.00026936566377703045 -0.0003567869665803572 -0.0039743956330078887 0.0027277990371986898 -0.0065231531687763578 0.0041219460164502652 0.00036631897218289416
leaf_weight=27 21 20 26 32 25 27 22
leaf_count=27 21 20 26 32 25 27 22
internal_value=0 -0.00065991 -0.00143067 0 -0.00390028 0.00210023 -0.00188433
internal_weight=200 152 125 80 45 48 48
internal_count=200 152 125 80 45 48 48
is_linear=0
shrinkage=0.05


Tree=40
num_leaves=8
num_cat=0
split_feature=7 7 1 4 8 8 7
split_gain=0.107987 0.136328 0.170972 0.124799 0.110762 0.191749 0.106881
threshold=1.3357349548866864 -0.71341139243060037 -0.18965921797176757 -0.085521822524017271 0.36921659338632479 -0.45706740793120976 -1.044328942796515
decision_type=2 2 2 2 2 2 2
left_child=1 6 3 -3 5 -4 -1
right_child=-2 2 4 -5 -6 -7 -8
leaf_value=0.00027337079099158787 -0.0032934907318105523 0.00051842464918572132 -0.0024719749793622164 0.0056481151723165278 -0.0026948469836797721 0.0035537743585021021 -0.0045628874902547247
leaf_weight=21 22 24 21 29 29 33 21
leaf_count=21 22 24 21 29 29 33 21
internal_value=0 0.000412109 0.0012043 0.00342475 -0.000155822 0.00111777 -0.00203109
internal_weight=200 178 136 53 83 54 42
internal_count=200 178 136 53 83 54 42
is_linear=0
shrinkage=0.05


Tree=41
num_leaves=8
num_cat=0
split_feature=5 6 6 3 7 3 7
split_gain=0.102162 0.139708 0.125193 0.120014 0.0948692 0.0836144 0.12911
threshold=0.42917437219935917 -0.26433549898023673 0.098220931421532071 0.37823315801581142 -0.34067680349636748 -0.48460923203808609 -0.14323352037145445
decision_type=2 2 2 2 2 2 2
left_child=1 4 -3 -4 -1 -2 -7
right_child=5 2 3 -5 -6 6 -8
leaf_value=-0.0053220900395101285 0.0043523955005985585 0.0039420741143336964 -0.0023246568538334285 0.0021170287694940457 -0.00082278280458021396 0.0031930166574733517 -0.0022454074811510643
leaf_weight=22 20 20 39 24 32 21 22
leaf_count=22 20 20 39 24 32 21 22
internal_value=0 -0.000763439 0.00047367 -0.000552673 -0.0027547 0.00166771 0.000295804
internal_weight=200 137 83 63 54 63 43
internal_count=200 137 83 63 54 63 43
is_linear=0
shrinkage=0.05


Tree=42
num_leaves=7
num_cat=0
split_feature=4 3 1 0 6 0
split_gain=0.103389 0.173115 0.121948 0.112922 0.134738 0.155594
threshold=1.3006673947196312 0.89588184640498669 1.1421014948046573 -0.41282134652725405 0.27649602086819425 0.59012526187806846
decision_type=2 2 2 2 2 2
left_child=1 2 3 -1 5 -5
right_child=-2 -3 -4 4 -6 -7
leaf_value=-0.0031183622987860458 0.003003846599063669 0.0028458336051234343 -0.0043110632967432224 0.0039960913344198818 -0.0020976764618526457 -0.0013802364593677556
leaf_weight=30 25 32 26 35 32 20
leaf_count=30 25 32 26 35 32 20
internal_value=0 -0.000427445 -0.00119634 -0.000458395 0.000403957 0.00195136
internal_weight=200 175 143 117 87 55
internal_count=200 175 143 117 87 55
is_linear=0
shrinkage=0.05


Tree=43
num_leaves=8
num_cat=0
split_feature=4 9 2 0 5 9 6
split_gain=0.0934307 0.161279 0.230891 0.191875 0.18348 0.163509 0.105898
threshold=1.3006673947196312 -0.053470711242552503 0.35356261238506298 0.31613239052413888 -0.49775681337292449 -0.74916025757631621 0.040907475073654949
decision_type=2 2 2 2 2 2 2
left_child=1 2 5 4 -3 -1 -6
right_child=-2 3 -4 -5 6 -7 -8
leaf_value=0.0026822708079598813 0.0028542526841786988 -0.0045041862769290729 -0.0060758354038415677 0.0039603635233135953 -0.001052027949283734 -0.0028571003443334463 0.0038472208108715892
leaf_weight=25 25 21 25 34 22 28 20
leaf_count=25 25 21 25 34 22 28 20
internal_value=0 -0.000407616 -0.0021186 0.000917501 -0.000649113 -0.000149897 0.00116578
internal_weight=200 175 78 97 63 53 42
internal_count=200 175 78 97 63 53 42
is_linear=0
shrinkage=0.05


Tree=44
num_leaves=8
num_cat=0
split_feature=5 6 6 3 0 3 0
split_gain=0.0855703 0.124021 0.108647 0.101072 0.0763356 0.0760384 0.114593
threshold=0.42917437219935917 -0.26433549898023673 0.098220931421532071 0.37823315801581142 0.35959148292834869 -0.48460923203808609 0.31613239052413888
decision_type=2 2 2 2 2 2 2
left_child=1 4 -3 -4 -1 -2 -7
right_child=5 2 3 -5 -6 6 -8
leaf_value=-0.0040170819816777691 0.004081743221674392 0.003694810515584711 -0.002119818170104757 0.0019539212051554898 0 -0.002294763864428511 0.0028326373246005351
leaf_weight=34 20 20 39 24 20 21 22
leaf_count=34 20 20 39 24 20 21 22
internal_value=0 -0.000700042 0.00046294 -0.000488041 -0.00257756 0.00152496 0.000213034
internal_weight=200 137 83 63 54 63 43
internal_count=200 137 83 63 54 63 43
is_linear=0
shrinkage=0.05


Tree=45
num_leaves=9
num_cat=0
split_feature=7 7 8 7 6 6 7 2
split_gain=0.0953566 0.114206 0.14368 0.2122 0.135516 0.106697 0.0915544 0.0658678
threshold=1.3357349548866864 -0.71341139243060037 0.5327708601056651 -0.16357954804292413 -0.61258587722311242 0.040907475073654949 -1.044328942796515 -0.34270105530355904
decision_type=2 2 2 2 2 2 2 2
left_child=1 6 3 -3 -5 -4 -1 -6
right_child=-2 2 5 4 7 -7 -8 -9
leaf_value=0.00027203639857228224 -0.0030958465127721088 0.0059647090207249256 -0.0039421584312074277 -0.0027166954394596725 0 0.0010203751660353767 -0.0041918199350483602 0.0037531252716740114
leaf_weight=21 22 27 20 20 21 21 21 27
leaf_count=21 22 27 20 20 21 21 21 27
internal_value=0 0.000386312 0.00111322 0.00219997 0.000625162 -0.00128242 -0.00184578 0.00212431
internal_weight=200 178 136 95 68 41 42 48
internal_count=200 178 136 95 68 41 42 48
is_linear=0
shrinkage=0.05


Tree=46
num_leaves=8
num_cat=0
split_feature=7 7 9 8 7 0 7
split_gain=0.0861029 0.102779 0.152394 0.219627 0.246603 0.164221 0.0830176
threshold=1.3357349548866864 -0.71341139243060037 0.68790205687404715 0.5327708601056651 -0.16357954804292413 0.28011584133812589 -1.044328942796515
decision_type=2 2 2 2 2 2 2
left_child=1 6 3 4 -3 -6 -1
right_child=-2 2 -4 -5 5 -7 -8
leaf_value=0.00025849905859798159 -0.0029417545909727859 0.0056572642857479353 0.003843538848285942 -0.0036965828849204888 -0.0031242990555289812 0.0027217402189122553 -0.0039832222738890284
leaf_weight=21 22 24 36 28 27 21 21
leaf_count=21 22 24 36 28 27 21 21
internal_value=0 0.000367133 0.00105788 2.26078e-06 0.00151318 -0.000462366 -0.00174802
internal_weight=200 178 136 100 72 48 42
internal_count=200 178 136 100 72 48 42
is_linear=0
shrinkage=0.05


Tree=47
num_leaves=7
num_cat=0
split_feature=3 1 8 1 6 6
split_gain=0.0792265 0.166816 0.087716 0.165866 0.176987 0.119306
threshold=0.89588184640498669 1.1421014948046573 -0.72651789902524244 -0.034958492301967341 0.29743659271513118 -0.089520240767445816
decision_type=2 2 2 2 2 2
left_child=1 2 -1 4 -4 -5
right_child=-2 -3 3 5 -6 -7
leaf_value=0.0028683402989027572 0.0020533832789855835 -0.0038502516122681839 -4.2815058824564681e-05 0.0043822093082599945 -0.0059831128307428231 -0.00044596046728798117
leaf_weight=26 38 30 38 23 20 25
leaf_count=26 38 30 38 23 20 25
internal_value=0 -0.000480477 0.000249866 -0.000347374 -0.00218402 0.00176789
internal_weight=200 162 132 106 58 48
internal_count=200 162 132 106 58 48
is_linear=0
shrinkage=0.05


Tree=48
num_leaves=8
num_cat=0
split_feature=7 9 6 7 7 4 4
split_gain=0.0778259 0.0910395 0.125808 0.0986964 0.125008 0.0862651 0.0734021
threshold=1.1905476249262537 0.85132753845485853 -0.82892638494837001 -0.7829995439310653 -0.085584269725811318 0.13752351837426172 -0.10129883819559048
decision_type=2 2 2 2 2 2 2
left_child=1 2 -1 -4 -5 -3 -6
right_child=-2 5 3 4 6 -7 -8
leaf_value=-0.0029194276616697585 -0.0026034108120057565 0 -0.0022568036783149471 0.0041556873317357161 -0.0023528503170074776 0.0047918570190636249 0.0015000893853349478
leaf_weight=33 25 20 22 28 20 20 32
leaf_count=33 25 20 22 28 20 20 32
internal_value=0 0.000373625 -0.000213716 0.000614692 0.00146861 0.00247618 0
internal_weight=200 175 135 102 80 40 52
internal_count=200 175 135 102 80 40 52
is_linear=0
shrinkage=0.05


Tree=49
num_leaves=7
num_cat=0
split_feature=4 3 1 4 1 8
split_gain=0.0733882 0.132277 0.101662 0.0736156 0.161394 0.14834
threshold=1.3006673947196312 0.89588184640498669 1.1421014948046573 0.18648266153919926 -0.034958492301967341 0.094718437542167022
decision_type=2 2 2 2 2 2
left_child=1 2 3 4 5 -1
right_child=-2 -3 -4 -5 -6 -7
leaf_value=0.0012284858335937518 0.0025283309384304805 0.002493338943154455 -0.0038807700511239379 -0.0021898634464105988 0.0033102021022576992 -0.0042244539705500227
leaf_weight=25 25 32 26 38 31 23
leaf_count=25 25 32 26 38 31 23
internal_value=0 -0.000362583 -0.00103791 -0.000360687 0.000457616 -0.00128378
internal_weight=200 175 143 117 79 48
internal_count=200 175 143 117 79 48
is_linear=0
shrinkage=0.05


Tree=50
num_leaves=8
num_cat=0
split_feature=5 6 6 3 1 1 6
split_gain=0.0735285 0.107272 0.100257 0.0744405 0.0725184 0.163844 0.0676223
threshold=0.42917437219935917 -0.26433549898023673 0.098220931421532071 0.37823315801581142 -0.54902232878446267 0.50263616117637389 -1.0292394857285847
decision_type=2 2 2 2 2 2 2
left_child=1 6 -3 -4 -2 -6 -1
right_child=4 2 3 -5 5 -7 -8
leaf_value=-0.00010946828759077822 -0.0006512348528032179 0.0035357959478148323 -0.0018886139107239252 0.001594769002491013 0.0059265868140579159 -0.0002431103913345147 -0.0039261667575190068
leaf_weight=23 23 20 39 24 20 20 31
leaf_count=23 23 20 39 24 20 20 31
internal_value=0 -0.000648971 0.000429105 -0.000481947 0.00141354 0.00272414 -0.00239616
internal_weight=200 137 83 63 63 40 54
internal_count=200 137 83 63 63 40 54
is_linear=0
shrinkage=0.05


Tree=51
num_leaves=8
num_cat=0
split_feature=7 1 1 7 0 0 4
split_gain=0.0719358 0.0908405 0.319578 0.131856 0.0974947 0.134631 0.0909289
threshold=1.3357349548866864 -0.18965921797176757 0.05191326338887798 -0.71341139243060037 0.31613239052413888 -0.052178855134359665 -0.085521822524017271
decision_type=2 2 2 2 2 2 2
left_child=1 3 -3 -1 5 -4 -5
right_child=-2 2 4 6 -6 -7 -8
leaf_value=-0.0015890249134555682 -0.0026919250894860444 -0.006270221529750904 0.0013050864865881339 0.00052086517806029667 0.0030248392153642699 -0.0037881766566404355 0.0049459223894728829
leaf_weight=20 22 20 35 24 30 20 29
leaf_count=20 22 20 35 24 30 20 29
internal_value=0 0.000332522 -0.000573907 0.00170369 0.000713441 -0.000459779 0.00304104
internal_weight=200 178 105 73 85 55 53
internal_count=200 178 105 73 85 55 53
is_linear=0
shrinkage=0.05


Tree=52
num_leaves=8
num_cat=0
split_feature=6 3 6 5 8 0 9
split_gain=0.0671077 0.151886 0.153639 0.119863 0.09458 0.133611 0.0645702
threshold=1.0027405419071362 0.9379282452022929 0.098220931421532071 -0.30228676680383432 0.5327708601056651 0.30792615419808084 0.17499900215754285
decision_type=2 2 2 2 2 2 2
left_child=1 2 4 -4 5 6 -1
right_child=-2 -3 3 -5 -6 -7 -8
leaf_value=0.0011519360983938112 0.0020934688092015008 0.0028360962198848779 -0.00054801822505631847 -0.0062034053854408307 -0.0025935871269682359 0.0038006894695447667 -0.0025481425743808087
leaf_weight=22 32 29 20 22 26 26 23
leaf_count=22 32 29 20 22 26 26 23
internal_value=0 -0.000401422 -0.00111437 -0.00363683 0 0.000925368 -0.000629807
internal_weight=200 168 139 42 97 71 45
internal_count=200 168 139 42 97 71 45
is_linear=0
shrinkage=0.05


Tree=53
num_leaves=8
num_cat=0
split_feature=9 1 1 7 1 9 2
split_gain=0.0683459 0.123734 0.135284 0.140591 0.0862313 0.0837555 0.110183
threshold=0.85132753845485853 -0.85175710570357788 0.05191326338887798 -0.14323352037145445 -0.41796661833308008 0.19547561438371558 0.10016094044642973
decision_type=2 2 2 2 2 2 2
left_child=1 -1 3 -3 -2 6 -4
right_child=4 2 5 -5 -6 -7 -8
leaf_value=0.0024830575083035328 -0.00056068845870088061 -1.7388778465304195e-05 0.0031775268565157918 -0.005898200041536553 0.0035344418114209306 -0.0025167406661621419 -0.0011302936794683062
leaf_weight=27 21 20 30 25 27 23 27
leaf_count=27 21 20 30 25 27 23 27
internal_value=0 -0.000520891 -0.00121118 -0.0034012 0.00164143 0 0.00105101
internal_weight=200 152 125 45 48 80 57
internal_count=200 152 125 45 48 80 57
is_linear=0
shrinkage=0.05


Tree=54
num_leaves=8
num_cat=0
split_feature=5 4 1 1 2 3 1
split_gain=0.0660132 0.0903025 0.143106 0.14915 0.127405 0.0709181 0.102576
threshold=0.42917437219935917 -0.46853740374328245 -0.50452283143810328 0.05191326338887798 0.24135772552730123 -0.48460923203808609 -0.35807060396644247
decision_type=2 2 2 2 2 2 2
left_child=1 -1 -3 -4 -5 -2 -7
right_child=5 2 3 4 -6 6 -8
leaf_value=-0.0027720897253073872 0.0037949059510705482 0.0036004376629956095 -0.0041665473608957036 -0.0014744216077616648 0.0033852630649648958 -0.002421999840408712 0.0024506497013410834
leaf_weight=36 20 23 24 31 23 20 23
leaf_count=36 20 23 24 31 23 20 23
internal_value=0 -0.000619774 9.99148e-05 -0.000871559 0.000505454 0.00133448 6.79307e-05
internal_weight=200 137 101 78 54 63 43
internal_count=200 137 101 78 54 63 43
is_linear=0
shrinkage=0.05


Tree=55
num_leaves=8
num_cat=0
split_feature=9 8 7 0 7 0 5
split_gain=0.063611 0.154994 0.125317 0.170105 0.120324 0.0981907 0.0965078
threshold=0.68790205687404715 0.42837544121092647 -0.16357954804292413 0.28011584133812589 -0.61053223770495524 0.079078012346146212 -0.15279347726455431
decision_type=2 2 2 2 2 2 2
left_child=1 2 4 -4 -1 -3 -2
right_child=6 5 3 -5 -6 -7 -8
leaf_value=0 -0.00092799566782914207 -0.00025144334622080573 -0.0033316992831717491 0.0021264349833069007 0.0052793050502643194 -0.005203157330233279 0.0031318522846364469
leaf_weight=20 23 21 33 24 21 24 34
leaf_count=20 23 21 33 24 21 24 34
internal_value=0 -0.000566561 0.000505879 -0.000946273 0.00264377 -0.0030089 0.00140735
internal_weight=200 143 98 57 41 45 57
internal_count=200 143 98 57 41 45 57
is_linear=0
shrinkage=0.05


Tree=56
num_leaves=7
num_cat=0
split_feature=6 8 8 8 0 3
split_gain=0.0616142 0.155805 0.0778079 0.148723 0.130381 0.0857116
threshold=0.48327776272721706 -0.086510780692153996 -0.54599136229516632 0.28599075041299965 0.10122652774700015 -0.32684283938280462
decision_type=2 2 2 2 2 2
left_child=2 -2 -1 4 -4 -5
right_child=1 -3 3 5 -6 -7
leaf_value=-0.0025094054522007466 0.0043688533009508569 -0.0007294037788997123 -0.00039144352466137695 -0.0040175520913987269 0.004693244126777487 0
leaf_weight=38 25 34 22 22 25 34
leaf_count=38 25 34 22 22 25 34
internal_value=0 0.00135001 -0.000572982 9.4671e-05 0.00221124 -0.00159339
internal_weight=200 59 141 103 47 56
internal_count=200 59 141 103 47 56
is_linear=0
shrinkage=0.05


Tree=57
num_leaves=8
num_cat=0
split_feature=9 1 0 0 3 2 3
split_gain=0.0611549 0.0996438 0.0999854 0.221896 0.20729 0.203344 0.092448
threshold=0.68790205687404715 -0.67938351361349336 0.35959148292834869 -0.052178855134359665 -0.41325862778101113 -0.0097840681389136201 0.4077554097752199
decision_type=2 2 2 2 2 2 2
left_child=1 -1 3 4 -3 -4 -2
right_child=6 2 5 -5 -6 -7 -8
leaf_value=0.0020442817544521516 -0.00020178772728563795 -0.004054353894684371 0.0043462225463037464 -0.0060866540076632151 0.0027448325558932889 -0.002424484964351931 0.0037440941033351593
leaf_weight=28 33 20 20 26 25 24 24
leaf_count=28 33 20 20 26 25 24 24
internal_value=0 -0.000559648 -0.00123831 -0.00241152 -0.000168453 0.000542607 0.00137572
internal_weight=200 143 115 71 45 44 57
internal_count=200 143 115 71 45 44 57
is_linear=0
shrinkage=0.05


Tree=58
num_leaves=7
num_cat=0
split_feature=4 9 7 7 0 5
split_gain=0.0595086 0.114082 0.165355 0.134378 0.144644 0.111572
threshold=1.3006673947196312 -0.053470711242552503 -0.30973956622233528 -0.14323352037145445 0.28011584133812589 0.23629185763565297
decision_type=2 2 2 2 2 2
left_child=1 3 -3 -1 -5 -4
right_child=-2 2 5 4 -6 -7
leaf_value=0.00051700736035865784 0.0022694999230464369 -0.0020162037700369637 0.00035856534504755892 -0.0064806346330640004 -0.0005451527403998169 0.004749679610793001
leaf_weight=33 25 33 37 22 23 27
leaf_count=33 25 33 37 22 23 27
internal_value=0 -0.000333634 0.000775312 -0.00177596 -0.00356574 0.00229359
internal_weight=200 175 97 78 45 64
internal_count=200 175 97 78 45 64
is_linear=0
shrinkage=0.05


Tree=59
num_leaves=8
num_cat=0
split_feature=7 1 1 7 9 5 2
split_gain=0.0579505 0.0713394 0.257306 0.108125 0.0899768 0.0739055 0.0893815
threshold=1.1905476249262537 -0.18965921797176757 0.05191326338887798 -0.71341139243060037 0.024098743833236503 0.23629185763565297 0.24135772552730123
decision_type=2 2 2 2 2 2 2
left_child=1 3 -3 -1 -5 6 -4
right_child=-2 2 5 4 -6 -7 -8
leaf_value=-0.0014174645247669957 -0.0022524761263303366 -0.0055952963562895409 -0.0018900881417923503 0.00020240616069469618 0.0046341358017515637 0.002904610120770753 0.002142922075389467
leaf_weight=20 25 20 35 23 29 26 22
leaf_count=20 25 20 35 23 29 26 22
internal_value=0 0.000316386 -0.000491161 0.00154005 0.00277407 0.000683836 -0.000244895
internal_weight=200 175 103 72 52 83 57
internal_count=200 175 103 72 52 83 57
is_linear=0
shrinkage=0.05


Tree=60
num_leaves=8
num_cat=0
split_feature=4 8 8 1 1 5 4
split_gain=0.0552682 0.165347 0.157427 0.220191 0.141565 0.106496 0.0974314
threshold=0.57618336971590733 -0.14785035516316869 -0.20301925959018771 0.5700380129846615 -0.56132390804561849 -0.21514663834254452 1.1872433748230649
decision_type=2 2 2 2 2 2 2
left_child=2 -2 5 4 -4 -1 -3
right_child=1 6 3 -5 -6 -7 -8
leaf_value=-0.00064066694270541028 -0.0021995946610461193 0.0056703262524540297 -0.0036300245422258301 -0.0058934577222889382 0.0015642594263670499 0.0035572613045394014 0.00043244891176208742
leaf_weight=28 21 20 20 25 37 29 20
leaf_count=28 21 20 20 25 37 29 20
internal_value=0 0.00124803 -0.000556015 -0.00198362 -0.000173896 0.00141004 0.00318369
internal_weight=200 61 139 82 57 57 40
internal_count=200 61 139 82 57 57 40
is_linear=0
shrinkage=0.05


Tree=61
num_leaves=7
num_cat=0
split_feature=6 8 2 5 8 8
split_gain=0.0530572 0.141244 0.0763258 0.1116 0.127315 0.138984
threshold=0.48327776272721706 -0.086510780692153996 -0.70637522872661085 0.44120769376490404 -0.44166336894424701 0.42837544121092647
decision_type=2 2 2 2 2 2
left_child=2 -2 -1 4 -4 -6
right_child=1 -3 3 -5 5 -7
leaf_value=-0.0028655708398367731 0.0041295491036517449 -0.00072226490293010863 -0.004040045417551554 0.002388948192713819 0.0028709415476975402 -0.0021707790267973368
leaf_weight=28 25 34 24 35 27 27
leaf_count=28 25 34 24 35 27 27
internal_value=0 0.00125249 -0.000531971 4.0795e-06 -0.00100372 0.000258307
internal_weight=200 59 141 113 78 54
internal_count=200 59 141 113 78 54
is_linear=0
shrinkage=0.05


Tree=62
num_leaves=7
num_cat=0
split_feature=7 6 7 9 7 1
split_gain=0.0516351 0.0640065 0.0957131 0.133875 0.0986912 0.165042
threshold=1.1905476249262537 1.0027405419071362 -0.71341139243060037 0.68790205687404715 -0.16357954804292413 0.15908064658775997
decision_type=2 2 2 2 2 2
left_child=1 2 -1 4 -4 -6
right_child=-2 -3 3 -5 5 -7
leaf_value=-0.0023531408767651901 -0.002127007401986159 0.0024914309587926202 0.0019488617111647042 0.0035350883190753734 -0.0045664999145172335 0.00084127445748321107
leaf_weight=36 25 28 28 29 26 28
leaf_count=36 25 28 28 29 26 28
internal_value=0 0.000297825 -8.74245e-05 0.000603855 -0.000374943 -0.00167368
internal_weight=200 175 147 111 82 54
internal_count=200 175 147 111 82 54
is_linear=0
shrinkage=0.05


Tree=63
num_leaves=7
num_cat=0
split_feature=4 9 7 7 0 5
split_gain=0.0503377 0.089185 0.135427 0.11638 0.123053 0.0906156
threshold=1.3006673947196312 -0.053470711242552503 -0.30973956622233528 -0.14323352037145445 0.28011584133812589 0.23629185763565297
decision_type=2 2 2 2 2 2
left_child=1 3 -3 -1 -5 -4
right_child=-2 2 5 4 -6 -7
leaf_value=0.00054532921045816012 0.0020893972407863195 -0.0018484514451436583 0.00029184841601092698 -0.0059392567930481822 -0.00044803390827723394 0.004263507219837339
leaf_weight=33 25 33 37 22 23 27
leaf_count=33 25 33 37 22 23 27
internal_value=0 -0.000304808 0.000671317 -0.00158203 -0.00325071 0.00204943
internal_weight=200 175 97 78 45 64
internal_count=200 175 97 78 45 64
is_linear=0
shrinkage=0.05


Tree=64
num_leaves=8
num_cat=0
split_feature=3 4 2 5 5 9 5
split_gain=0.0483293 0.135794 0.110703 0.127836 0.185446 0.153486 0.0595524
threshold=0.8429562258010318 0.18648266153919926 -1.0099812928652321 -1.0948773304761479 -0.49775681337292449 -0.54947988218227117 0.42917437219935917
decision_type=2 2 2 2 2 2 2
left_child=2 -2 -1 -4 -5 -6 -7
right_child=1 -3 3 4 5 6 -8
leaf_value=-0.0036180632360263429 -0.0010216982928366761 0.0044036263544818656 0.0034292905092919513 -0.0048147714279715625 -0.0033933880650878542 0 0.0030305541812816411
leaf_weight=23 23 21 24 21 20 34 34
leaf_count=23 23 21 24 21 20 34 34
internal_value=0 0.0014584 -0.000416093 0.000102368 -0.000586808 0.000369704 0.00155327
internal_weight=200 44 156 133 109 88 68
internal_count=200 44 156 133 109 88 68
is_linear=0
shrinkage=0.05


Tree=65
num_leaves=8
num_cat=0
split_feature=4 8 1 8 1 9 4
split_gain=0.0455866 0.140519 0.196543 0.139508 0.121968 0.0988576 0.0913602
threshold=0.57618336971590733 -0.20301925959018771 0.5700380129846615 -0.14785035516316869 -0.56132390804561849 0.51055159470149003 1.1872433748230649
decision_type=2 2 2 2 2 2 2
left_child=1 5 4 -2 -3 -1 -5
right_child=3 2 -4 6 -6 -7 -8
leaf_value=0.0029808385876185384 -0.0020212138008207118 -0.0033544398492100225 -0.0055478581459265184 0.0053175107487917535 0.0014672344729035709 -0.0012056703109876805 0.00025348147637713512
leaf_weight=36 21 20 25 20 37 21 20
leaf_count=36 21 20 25 20 37 21 20
internal_value=0 -0.000503756 -0.00185434 0.00113469 -0.000139927 0.00135146 0.00291713
internal_weight=200 139 82 61 57 57 40
internal_count=200 139 82 61 57 57 40
is_linear=0
shrinkage=0.05


Tree=66
num_leaves=7
num_cat=0
split_feature=0 0 2 9 2 3
split_gain=0.0439229 0.163092 0.100418 0.161543 0.257654 0.267509
threshold=0.98143087147855501 0.67040357000334094 0.63327937351919183 0.75617384441553581 -0.02855393123849061 0.46356336607458076
decision_type=2 2 2 2 2 2
left_child=1 2 3 4 5 -1
right_child=-2 -3 -4 -5 -6 -7
leaf_value=-0.0027947778955469851 -0.0020055125741852272 0.00440852608916822 0.0018869674949021889 0.0020435958097849744 -0.006200593866741223 0.0042095218419860954
leaf_weight=38 24 21 39 30 27 21
leaf_count=38 24 21 39 30 27 21
internal_value=0 0.000270394 -0.0002605 -0.00102656 -0.00215675 -0.000214215
internal_weight=200 176 155 116 86 59
internal_count=200 176 155 116 86 59
is_linear=0
shrinkage=0.05


Tree=67
num_leaves=8
num_cat=0
split_feature=4 9 2 7 9 2 2
split_gain=0.0431713 0.0728414 0.218512 0.11988 0.107126 0.106564 0.0419667
threshold=1.3006673947196312 -0.053470711242552503 0.35356261238506298 -0.30973956622233528 -0.67465762942262575 -0.34270105530355904 0.28676327924322481
decision_type=2 2 2 2 2 2 2
left_child=1 2 4 -3 -1 -5 -7
right_child=-2 3 -4 5 -6 6 -8
leaf_value=0.002659907415946339 0.0019371647591817664 -0.0017688741748505398 -0.0052912387756660455 0.0047268698892737335 -0.0017996339921279366 -0.0010711116647522695 0.0020332481304359672
leaf_weight=26 25 33 25 22 27 22 20
leaf_count=26 25 33 25 22 27 22 20
internal_value=0 -0.000280102 -0.00143606 0.000598464 0.000294793 0.00189798 0.000289708
internal_weight=200 175 78 97 53 64 42
internal_count=200 175 78 97 53 64 42
is_linear=0
shrinkage=0.05


Tree=68
num_leaves=8
num_cat=0
split_feature=7 1 1 4 0 4 2
split_gain=0.0412269 0.0558432 0.211947 0.0791429 0.0780418 0.0870693 0.0625835
threshold=1.1905476249262537 -0.18965921797176757 0.05191326338887798 -0.17284956211234459 0.30792615419808084 0.54605715478692607 0.068790183900552623
decision_type=2 2 2 2 2 2 2
left_child=1 3 -3 -1 5 -4 -5
right_child=-2 2 4 6 -6 -7 -8
leaf_value=-0.00046681402424393701 -0.0018970746594291937 -0.0050759733823679421 -0.002174377336378595 0.0046403853696817318 0.0026289694854193081 0.0019709167372150374 0.00045615413703432124
leaf_weight=30 25 20 32 22 31 20 20
leaf_count=30 25 20 32 22 31 20 20
internal_value=0 0.000269685 -0.000440817 0.00135465 0.000620684 -0.000483341 0.00277248
internal_weight=200 175 103 72 83 52 42
internal_count=200 175 103 72 83 52 42
is_linear=0
shrinkage=0.05


Tree=69
num_leaves=7
num_cat=0
split_feature=6 8 8 8 0 9
split_gain=0.0398479 0.126842 0.0598794 0.116072 0.0992637 0.0547857
threshold=0.48327776272721706 -0.086510780692153996 -0.54599136229516632 0.28599075041299965 0.10122652774700015 0.30934123971459987
decision_type=2 2 2 2 2 2
left_child=2 -2 -1 4 -4 -5
right_child=1 -3 3 5 -6 -7
leaf_value=-0.0021602584806874668 0.0038204075931849708 -0.00077965921466989865 -0.00024489336141397778 -0.0027307772809477097 0.0041607324623936914 0.00025980017424263521
leaf_weight=38 25 34 22 32 25 24
leaf_count=38 25 34 22 32 25 24
internal_value=0 0.00108809 -0.000458401 0.000122459 0.00199623 -0.0013618
internal_weight=200 59 141 103 47 56
internal_count=200 59 141 103 47 56
is_linear=0
shrinkage=0.05


Tree=70
num_leaves=7
num_cat=0
split_feature=0 0 2 9 7 0
split_gain=0.0401494 0.139191 0.0956098 0.139925 0.244747 0.165761
threshold=0.98143087147855501 0.67040357000334094 0.63327937351919183 0.75617384441553581 0.45796664919111035 -0.13638236272716078
decision_type=2 2 2 2 2 2
left_child=1 2 3 4 5 -1
right_child=-2 -3 -4 -5 -6 -7
leaf_value=0.0023477613257222568 -0.0019169816376324511 0.0040823740200514758 0.0018663364011184563 0.0018728748738976115 -0.0060805387732526459 -0.0028852439317635669
leaf_weight=30 24 21 39 30 26 30
leaf_count=30 24 21 39 30 26 30
internal_value=0 0.000258973 -0.000229097 -0.000977664 -0.00203113 -0.000185994
internal_weight=200 176 155 116 86 60
internal_count=200 176 155 116 86 60
is_linear=0
shrinkage=0.05


Tree=71
num_leaves=8
num_cat=0
split_feature=3 3 2 5 5 8 8
split_gain=0.0380141 0.108133 0.101277 0.10509 0.15318 0.133591 0.0976919
threshold=0.8429562258010318 1.1791560607766125 -1.0099812928652321 -1.0948773304761479 -0.49775681337292449 -0.58590883985080078 0.056966815367347261
decision_type=2 2 2 2 2 2 2
left_child=2 -2 -1 -4 -5 -6 -7
right_child=1 -3 3 4 5 6 -8
leaf_value=-0.0034325152220057312 0.0039279624640994586 -0.00089978695730174782 0.0031441229376246321 -0.0043401117372586966 0.0039876326445990526 -0.0035838902853799989 0.00051072594964307529
leaf_weight=23 21 23 24 21 20 20 48
leaf_count=23 21 23 24 21 20 20 48
internal_value=0 0.00129467 -0.000367796 0.000126808 -0.000493998 0.000370955 -0.000623646
internal_weight=200 44 156 133 109 88 68
internal_count=200 44 156 133 109 88 68
is_linear=0
shrinkage=0.05


Tree=72
num_leaves=8
num_cat=0
split_feature=4 4 3 3 4 4 3
split_gain=0.036709 0.11637 0.0763802 0.172015 0.141221 0.125737 0.0295675
threshold=0.62169092603662379 1.0300775799107975 1.0383130688101097 0.036535821987787924 -0.10129883819559048 -0.10129883819559048 -0.59908959107811621
decision_type=2 2 2 2 2 2 2
left_child=2 -2 3 4 6 -5 -1
right_child=1 -3 -4 5 -6 -7 -8
leaf_value=-0.0020392169032419235 0.0040501377611504913 -0.00051287661201127293 0.0022739355291253155 -0.00077499487620899369 0.0041601357043619261 -0.0057440103966881866 0.00043254941887226864
leaf_weight=23 21 37 21 33 21 24 20
leaf_count=23 21 37 21 33 21 24 20
internal_value=0 0.00105732 -0.000434453 -0.000947281 0.000770159 -0.00296117 -0.000775213
internal_weight=200 58 142 121 64 57 43
internal_count=200 58 142 121 64 57 43
is_linear=0
shrinkage=0.05


Tree=73
num_leaves=7
num_cat=0
split_feature=6 3 1 6 9 2
split_gain=0.036696 0.0920652 0.135039 0.137153 0.114454 0.0286144
threshold=1.0027405419071362 0.9379282452022929 1.1421014948046573 0.098220931421532071 0.34649617881435429 0.1276335885895799
decision_type=2 2 2 2 2 2
left_child=1 2 3 4 5 -1
right_child=-2 -3 -4 -5 -6 -7
leaf_value=0.0042406420404382788 0.0015476892038786673 0.002213432362520766 -0.0040284886140018921 -0.0027906202699910297 -0.0009374768787948544 0.0012006418153694177
leaf_weight=21 32 29 27 33 36 22
leaf_count=21 32 29 27 33 36 22
internal_value=0 -0.000297215 -0.000858179 -4.63935e-05 0.0010388 0.0028077
internal_weight=200 168 139 112 79 43
internal_count=200 168 139 112 79 43
is_linear=0
shrinkage=0.05


Tree=74
num_leaves=7
num_cat=0
split_feature=0 0 2 9 2 3
split_gain=0.0360994 0.118224 0.0842898 0.123104 0.226294 0.122127
threshold=0.98143087147855501 0.67040357000334094 0.63327937351919183 0.75617384441553581 -0.083961719798484977 0.37823315801581142
decision_type=2 2 2 2 2 2
left_child=1 2 3 4 5 -1
right_child=-2 -3 -4 -5 -6 -7
leaf_value=-0.001890925574423663 -0.0018149757985783069 0.0037724240784537733 0.0017665358082226967 0.001765055690375327 -0.0053903176566814856 0.0028806511394898677
leaf_weight=34 24 21 39 30 30 22
leaf_count=34 24 21 39 30 30 22
internal_value=0 0.000248331 -0.000199014 -0.000903864 -0.00189392 0
internal_weight=200 176 155 116 86 56
internal_count=200 176 155 116 86 56
is_linear=0
shrinkage=0.05


Tree=75
num_leaves=7
num_cat=0
split_feature=8 0 0 8 6 3
split_gain=0.0344026 0.139697 0.126599 0.133864 0.097066 0.0474437
threshold=0.60545902129013751 -0.13638236272716078 0.30792615419808084 0.056966815367347261 0.3290566764055663 -0.092589969618719126
decision_type=2 2 2 2 2 2
left_child=2 -2 4 -4 5 -1
right_child=1 -3 3 -5 -6 -7
leaf_value=-0.00015917018294546526 0.0020175731073675761 -0.0032107007536729595 0.00025544997376913508 0.00543509672364988 0.0015658049737191295 -0.0031448121047769929
leaf_weight=28 20 32 36 21 29 34
leaf_count=28 20 32 36 21 29 34
internal_value=0 -0.00110384 0.000389983 0.00225748 -0.00072608 -0.0018794
internal_weight=200 52 148 57 91 62
internal_count=200 52 148 57 91 62
is_linear=0
shrinkage=0.05


Tree=76
num_leaves=8
num_cat=0
split_feature=0 0 1 3 5 1 8
split_gain=0.0330288 0.104636 0.0754706 0.0982383 0.211798 0.174078 0.039668
threshold=0.98143087147855501 0.67040357000334094 1.1421014948046573 -0.10777907911498323 -0.56651691149522432 -0.38836542391905376 1.0000000180025095e-35
decision_type=2 2 2 2 2 2 2
left_child=1 2 3 6 -5 -6 -1
right_child=-2 -3 -4 4 5 -7 -8
leaf_value=0.0039117812014541663 -0.0017335243724070149 0.0035557432943222364 -0.0024943740406358464 -0.0042320969615635392 -0.001749826537860758 0.00395233421028004 0.0006491647779913013
leaf_weight=20 24 21 29 28 25 27 26
leaf_count=20 24 21 29 28 25 27 26
internal_value=0 0.000240066 -0.000178921 0.000315906 -0.000695809 0.00111684 0.00218156
internal_weight=200 176 155 126 80 52 46
internal_count=200 176 155 126 80 52 46
is_linear=0
shrinkage=0.05


Tree=77
num_leaves=8
num_cat=0
split_feature=4 3 4 3 6 3 7
split_gain=0.0353999 0.0711845 0.131369 0.124027 0.109398 0.046333 0.0785789
threshold=1.3006673947196312 0.8429562258010318 0.073151886678842634 0.077262375494543192 -0.82892638494837001 0.20872177330072259 0.19582966782595287
decision_type=2 2 2 2 2 2 2
left_child=1 2 4 -4 -1 6 -6
right_child=-2 -3 3 -5 5 -7 -8
leaf_value=-0.0026079268104251103 0.0017584799922932223 0.0016199558445318476 -0.00066578195067095271 -0.0057531713291790812 0.00011846111884331815 -0.00021749194757781219 0.0047571284986050117
leaf_weight=21 25 38 34 21 21 20 20
leaf_count=21 25 38 34 21 21 20 20
internal_value=0 -0.000249319 -0.000805077 -0.0027059 0.000410706 0.00153431 0.00250895
internal_weight=200 175 137 55 82 61 41
internal_count=200 175 137 55 82 61 41
is_linear=0
shrinkage=0.05


Tree=78
num_leaves=7
num_cat=0
split_feature=4 4 0 0 0 2
split_gain=0.0335911 0.10649 0.09717 0.0824541 0.0796671 0.104147
threshold=0.62169092603662379 1.0300775799107975 0.28011584133812589 0.59012526187806846 -0.052178855134359665 -0.15907034707281489
decision_type=2 2 2 2 2 2
left_child=2 -2 4 -4 5 -1
right_child=1 -3 3 -5 -6 -7
leaf_value=0.0013664448610956144 0.0038790431425363807 -0.00048162263449070598 0.0032593010925684135 -0.00035534446727675251 -0.0040970736404969572 -0.0028737860194307488
leaf_weight=31 21 37 25 37 23 26
leaf_count=31 21 37 25 37 23 26
internal_value=0 0.00101514 -0.000411869 0.00102456 -0.00158741 -0.000481775
internal_weight=200 58 142 62 80 57
internal_count=200 58 142 62 80 57
is_linear=0
shrinkage=0.05


Tree=79
num_leaves=7
num_cat=0
split_feature=7 8 7 7 8 4
split_gain=0.0334024 0.0431685 0.0793326 0.108821 0.0919143 0.0727731
threshold=1.1905476249262537 0.42837544121092647 -0.71341139243060037 -0.16357954804292413 -0.54599136229516632 -0.18882431182941536
decision_type=2 2 2 2 2 2
left_child=1 2 -1 -4 -5 -3
right_child=-2 5 3 4 -6 -7
leaf_value=-0.0014487643672778361 -0.0017048988346589277 -0.0031138508892470623 0.0043868293868845323 -0.001722823219490667 0.0020717271922452429 0.00042513307545464639
leaf_weight=27 25 22 25 27 37 37
leaf_count=27 25 22 25 27 37 37
internal_value=0 0.000245441 0.00082705 0.00157443 0.000392708 -0.000812922
internal_weight=200 175 116 89 64 59
internal_count=200 175 116 89 64 59
is_linear=0
shrinkage=0.05


Tree=80
num_leaves=7
num_cat=0
split_feature=0 0 2 9 2 3
split_gain=0.0323202 0.0917212 0.0736082 0.110802 0.202257 0.194357
threshold=0.98143087147855501 0.67040357000334094 0.63327937351919183 0.75617384441553581 -0.02855393123849061 0.46356336607458076
decision_type=2 2 2 2 2 2
left_child=1 2 3 4 5 -1
right_child=-2 -3 -4 -5 -6 -7
leaf_value=-0.0022445980960556998 -0.0017177047687138266 0.0033389843585437508 0.0016798596545134473 0.0017128195019556437 -0.0053363859902627458 0.0037327061709616842
leaf_weight=38 24 21 39 30 27 21
leaf_count=38 24 21 39 30 27 21
internal_value=0 0.000234616 -0.000155621 -0.000816704 -0.00175813 -2.97646e-05
internal_weight=200 176 155 116 86 59
internal_count=200 176 155 116 86 59
is_linear=0
shrinkage=0.05


Tree=81
num_leaves=7
num_cat=0
split_feature=2 2 5 5 5 0
split_gain=0.0321236 0.0602223 0.102982 0.0547369 0.0519777 0.124738
threshold=-1.0099812928652321 -0.15907034707281489 -0.15279347726455431 -0.70876392157612755 0.44120769376490404 0.28011584133812589
decision_type=2 2 2 2 2 2
left_child=-1 2 -2 -3 5 -5
right_child=1 3 -4 4 -6 -7
leaf_value=-0.0015047369626941672 -0.0003566873681257269 0.001389177055831795 0.0038578955364255473 8.209281508199536e-05 0.0004748051824389547 -0.0045725069162751214
leaf_weight=30 27 31 27 29 31 25
leaf_count=30 27 31 27 29 31 25
internal_value=0 0.000267323 0.00166142 -0.000339459 -0.00102955 -0.00198486
internal_weight=200 170 54 116 85 54
internal_count=200 170 54 116 85 54
is_linear=0
shrinkage=0.05


Tree=82
num_leaves=8
num_cat=0
split_feature=7 1 1 7 0 0 5
split_gain=0.0295425 0.0394025 0.180919 0.0604679 0.0554246 0.06346 0.0421476
threshold=1.1905476249262537 -0.18965921797176757 0.05191326338887798 -0.71341139243060037 0.30792615419808084 -0.085877667947008351 0.043514119680015603
decision_type=2 2 2 2 2 2 2
left_child=1 3 -3 -1 5 -4 -5
right_child=-2 2 4 6 -6 -7 -8
leaf_value=-0.001024467910064236 -0.0016021412507857221 -0.0046455776193804702 0.00097349985818903769 0.0035918362684495952 0.002308812644632108 -0.0025702936458980559 0.00048165826566819777
leaf_weight=20 25 20 32 25 31 20 27
leaf_count=20 25 20 32 25 31 20 27
internal_value=0 0.000232042 -0.000358735 0.00114586 0.000618418 -0.000295846 0.00207693
internal_weight=200 175 103 72 83 52 52
internal_count=200 175 103 72 83 52 52
is_linear=0
shrinkage=0.05


Tree=83
num_leaves=7
num_cat=0
split_feature=4 3 4 2 4 3
split_gain=0.0304779 0.0602719 0.0942971 0.0991273 0.112572 0.0727043
threshold=1.3006673947196312 0.86407433327644023 0.073151886678842634 -0.55648625319917489 -0.48296499224070316 0.077262375494543192
decision_type=2 2 2 2 2 2
left_child=1 2 3 -1 -5 -4
right_child=-2 -3 5 4 -6 -7
leaf_value=0.002828670472484013 0.0016313431001605981 0.0015775855357342125 -0.00064676579530419153 -0.0032827012096371118 0.0011347070357903832 -0.0045028051143729845
leaf_weight=27 25 35 34 26 30 23
leaf_count=27 25 35 34 26 30 23
internal_value=0 -0.000231657 -0.000720459 0.000302445 -0.000829302 -0.00229544
internal_weight=200 175 140 83 56 57
internal_count=200 175 140 83 56 57
is_linear=0
shrinkage=0.05


Tree=84
num_leaves=7
num_cat=0
split_feature=0 0 2 2 5 3
split_gain=0.0298623 0.0790035 0.0671133 0.078934 0.0846457 0.0641653
threshold=0.98143087147855501 0.67040357000334094 0.63327937351919183 0.1276335885895799 -0.70876392157612755 0.50244549523115078
decision_type=2 2 2 2 2 2
left_child=1 2 3 4 -1 -6
right_child=-2 -3 -4 -5 5 -7
leaf_value=-0.002690335858847091 -0.0016476526187879663 0.003109996382729702 0.001620765753751954 -0.0032493706629333264 -0.0002592343215780925 0.002836759266373052
leaf_weight=23 24 21 39 25 43 25
leaf_count=23 24 21 39 25 43 25
internal_value=0 0.000228941 -0.000130911 -0.000763792 -2.32393e-05 0.000808071
internal_weight=200 176 155 116 91 68
internal_count=200 176 155 116 91 68
is_linear=0
shrinkage=0.05


Tree=85
num_leaves=8
num_cat=0
split_feature=2 2 9 9 3 1 0
split_gain=0.0298042 0.0537469 0.126882 0.074125 0.12168 0.0617091 0.0120845
threshold=-1.0099812928652321 -0.15907034707281489 0.19547561438371558 0.024098743833236503 0.24683385370618136 -0.41796661833308008 0.034056310315698224
decision_type=2 2 2 2 2 2 2
left_child=-1 2 -2 4 -3 -5 -7
right_child=1 3 -4 5 -6 6 -8
leaf_value=-0.0014486238570803425 0.0038547907146237966 0.00019799227657102023 -0.00087332909257036159 -0.0011710114305105684 -0.0044559822026720803 0.0030166087500676881 0.00078095542637640571
leaf_weight=30 29 31 25 22 23 20 20
leaf_count=30 29 31 25 22 23 20 20
internal_value=0 0.000258259 0.00157586 -0.000312868 -0.00169641 0.000812427 0.00202821
internal_weight=200 170 54 116 54 62 40
internal_count=200 170 54 116 54 62 40
is_linear=0
shrinkage=0.05


Tree=86
num_leaves=8
num_cat=0
split_feature=4 8 8 0 4 3 4
split_gain=0.0278434 0.115294 0.105915 0.131241 0.116882 0.0755277 0.0691393
threshold=0.62169092603662379 -0.14785035516316869 0.5327708601056651 0.28011584133812589 -0.34860813675483643 0.20872177330072259 -0.24590277610794642
decision_type=2 2 2 2 2 2 2
left_child=2 -2 3 4 -1 -5 -4
right_child=1 -3 6 5 -6 -7 -8
leaf_value=0.0011007523812277147 -0.0018935153755178383 0.0026582359109134125 -0.0046447234124000836 0.0043331051879818457 -0.0034110000693434814 0 -0.0003097661282041224
leaf_weight=27 21 37 20 25 28 20 22
leaf_count=27 21 37 20 25 28 20 22
internal_value=0 0.000923707 -0.000375495 0.000468001 -0.00110742 0.00250256 -0.00249893
internal_weight=200 58 142 100 55 45 42
internal_count=200 58 142 100 55 45 42
is_linear=0
shrinkage=0.05


Tree=87
num_leaves=8
num_cat=0
split_feature=0 0 1 3 5 1 4
split_gain=0.0299809 0.0688181 0.0613296 0.0820264 0.170914 0.150934 0.0712227
threshold=0.98143087147855501 0.67040357000334094 1.1421014948046573 -0.10777907911498323 -0.56651691149522432 -0.38836542391905376 -0.10129883819559048
decision_type=2 2 2 2 2 2 2
left_child=1 2 3 6 -5 -6 -1
right_child=-2 -3 -4 4 5 -7 -8
leaf_value=0 -0.0016527892221770099 0.0029160188440392368 -0.0021990524547308987 -0.0037640512655770864 -0.001620387378755393 0.0036836186506376493 0.0037668736740746945
leaf_weight=20 24 21 29 28 25 27 26
leaf_count=20 24 21 29 28 25 27 26
internal_value=0 0.000227545 -0.000106108 0.000337312 -0.000581966 0.00103943 0.00204231
internal_weight=200 176 155 126 80 52 46
internal_count=200 176 155 126 80 52 46
is_linear=0
shrinkage=0.05


Tree=88
num_leaves=7
num_cat=0
split_feature=7 6 4 2 4 8
split_gain=0.0278551 0.0355802 0.0648475 0.0606881 0.0823712 0.137604
threshold=1.1905476249262537 1.0027405419071362 -0.7611959090481073 -0.62576790114282188 0.62169092603662379 -0.26184948952932957
decision_type=2 2 2 2 2 2
left_child=1 2 -1 -4 5 -5
right_child=-2 -3 3 4 -6 -7
leaf_value=0.0022187620297489884 -0.0015588713095354592 0.0018590970015819463 -0.0025171445756903121 0.0017939059729022639 0.0020216388657929435 -0.0030951855169540198
leaf_weight=25 25 28 30 23 34 35
leaf_count=25 25 28 30 23 34 35
internal_value=0 0.000222168 -5.66895e-05 -0.000565356 1.88502e-05 -0.0010706
internal_weight=200 175 147 122 92 58
internal_count=200 175 147 122 92 58
is_linear=0
shrinkage=0.05


Tree=89
num_leaves=8
num_cat=0
split_feature=7 1 1 4 5 2 2
split_gain=0.0251927 0.0349872 0.168949 0.0547448 0.0500977 0.058348 0.0444948
threshold=1.1905476249262537 -0.18965921797176757 0.05191326338887798 -0.17284956211234459 0.23629185763565297 0.1954527356394031 0.068790183900552623
decision_type=2 2 2 2 2 2 2
left_child=1 3 -3 -1 5 -4 -5
right_child=-2 2 4 6 -6 -7 -8
leaf_value=-0.0004190363481090067 -0.0014812382657926871 -0.0044860173823006114 -0.0015416425398804923 0.0038328403830359689 0.0024285020934724714 0.0016914644468075787 0.00026902352918439836
leaf_weight=30 25 20 34 22 26 23 20
leaf_count=30 25 20 34 22 26 23 20
internal_value=0 0.000212552 -0.000342214 0.0010749 0.000600322 -0.000148812 0.00225922
internal_weight=200 175 103 72 83 57 42
internal_count=200 175 103 72 83 57 42
is_linear=0
shrinkage=0.05


Tree=90
num_leaves=7
num_cat=0
split_feature=0 0 2 2 3 1
split_gain=0.0274341 0.0605734 0.0568332 0.0711973 0.0694269 0.0724014
threshold=0.98143087147855501 0.67040357000334094 0.63327937351919183 0.1276335885895799 0.50244549523115078 0.3361222630395711
decision_type=2 2 2 2 2 2
left_child=1 2 3 4 5 -1
right_child=-2 -3 -4 -5 -6 -7
leaf_value=0.00051306650373283958 -0.0015819844766616572 0.0027392502441578566 0.0015158231479718404 -0.0030377190589786049 0.0019359444509387215 -0.0028315213625719352
leaf_weight=32 24 21 39 25 30 29
leaf_count=32 24 21 39 25 30 29
internal_value=0 0.000216719 -9.43519e-05 -0.000679609 0 -0.000997182
internal_weight=200 176 155 116 91 61
internal_count=200 176 155 116 91 61
is_linear=0
shrinkage=0.05


Tree=91
num_leaves=7
num_cat=0
split_feature=0 0 2 2 5 3
split_gain=0.0248108 0.0546195 0.0512152 0.0644107 0.0705017 0.0529801
threshold=0.98143087147855501 0.67040357000334094 0.63327937351919183 0.1276335885895799 -0.70876392157612755 0.50244549523115078
decision_type=2 2 2 2 2 2
left_child=1 2 3 4 -1 -6
right_child=-2 -3 -4 -5 5 -7
leaf_value=-0.0024114918989810719 -0.0015032135437076516 0.0026029368425538471 0.0014402257920483417 -0.0028864382090885562 -0.00017354080249315555 0.0026258981233811471
leaf_weight=23 24 21 39 25 43 25
leaf_count=23 24 21 39 25 43 25
internal_value=0 0.000207326 -8.64719e-05 -0.000643623 0 0.000784588
internal_weight=200 176 155 116 91 68
internal_count=200 176 155 116 91 68
is_linear=0
shrinkage=0.05


Tree=92
num_leaves=7
num_cat=0
split_feature=2 2 8 4 6 1
split_gain=0.022739 0.0535791 0.0762546 0.0484227 0.127801 0.164928
threshold=-1.0099812928652321 -0.15907034707281489 0.23879331278097329 -0.48296499224070316 -0.68227132361849663 -0.057555013486127564
decision_type=2 2 2 2 2 2
left_child=-1 2 -2 -3 -5 -6
right_child=1 3 -4 4 5 -7
leaf_value=-0.001266670700447306 0.0032388386055146436 -0.0020520430953628187 -0.00037741881893769958 0.0029549931315225116 -0.004517287423842632 0.00095046588227895709
leaf_weight=30 30 31 24 29 22 34
leaf_count=30 30 31 24 29 22 34
internal_value=0 0.000224244 0.00154146 -0.000346679 0.000218204 -0.00111268
internal_weight=200 170 54 116 85 56
internal_count=200 170 54 116 85 56
is_linear=0
shrinkage=0.05


Tree=93
num_leaves=8
num_cat=0
split_feature=5 4 4 2 3 7 8
split_gain=0.0222945 0.0636183 0.0889655 0.106078 0.0610774 0.0424716 0.0358666
threshold=0.44120769376490404 1.0300775799107975 -0.10129883819559048 0.1276335885895799 -0.48460923203808609 -0.14323352037145445 0.056966815367347261
decision_type=2 2 2 2 2 2 2
left_child=1 2 5 -4 -2 -1 -6
right_child=4 -3 3 -5 6 -7 -8
leaf_value=0.0003623455729150125 0.0030730158192527231 -0.0024394205264119859 0.0036539345551158398 -0.00065545022943640653 -0.0018046307414584788 -0.0022732624792071998 0.0011368184315100943
leaf_weight=22 20 29 30 24 20 35 20
leaf_count=22 20 29 30 24 20 35 20
internal_value=0 -0.000346779 0.000156646 0.00164856 0.000804403 -0.00116959 -0.000210051
internal_weight=200 140 111 54 60 57 40
internal_count=200 140 111 54 60 57 40
is_linear=0
shrinkage=0.05


Tree=94
num_leaves=7
num_cat=0
split_feature=4 8 8 1 9 7
split_gain=0.0227166 0.101937 0.0925251 0.132878 0.0936282 0.0880669
threshold=0.62169092603662379 -0.14785035516316869 -0.20301925959018771 0.5700380129846615 0.51055159470149003 0.290393031021634
decision_type=2 2 2 2 2 2
left_child=2 -2 4 5 -1 -4
right_child=1 -3 3 -5 -6 -7
leaf_value=0.0027602177033642012 -0.0018108297059956887 0.0024673414229672034 -0.0014786331611417491 -0.0043862546997508779 -0.0013237661415031314 0.0025886385182650822
leaf_weight=36 21 37 39 26 21 20
leaf_count=36 21 37 39 26 21 20
internal_value=0 0.000831839 -0.000341673 -0.00141321 0.00116834 -1.32474e-05
internal_weight=200 58 142 85 57 59
internal_count=200 58 142 85 57 59
is_linear=0
shrinkage=0.05


Tree=95
num_leaves=8
num_cat=0
split_feature=2 2 9 9 3 1 7
split_gain=0.0219732 0.0452748 0.110815 0.0634194 0.103292 0.0507266 0.00177178
threshold=-1.0099812928652321 -0.15907034707281489 0.19547561438371558 0.024098743833236503 0.24683385370618136 -0.41796661833308008 -0.14323352037145445
decision_type=2 2 2 2 2 2 2
left_child=-1 2 -2 4 -3 -5 -7
right_child=1 3 -4 5 -6 6 -8
leaf_value=-0.0012475597384413613 0.0035631290204099723 0.00014744843094283264 -0.00085044468574938306 -0.0010525459621725309 -0.0041271800780064097 0.0024583923913056578 0.00096237340580616426
leaf_weight=30 29 31 25 22 23 20 20
leaf_count=30 29 31 25 22 23 20 20
internal_value=0 0.000218018 0.00142959 -0.00030367 -0.00158507 0.000732627 0.00183934
internal_weight=200 170 54 116 54 62 40
internal_count=200 170 54 116 54 62 40
is_linear=0
shrinkage=0.05


Tree=96
num_leaves=7
num_cat=0
split_feature=0 0 2 9 2 3
split_gain=0.022605 0.0496541 0.0518652 0.0925572 0.146169 0.149897
threshold=0.98143087147855501 0.67040357000334094 0.63327937351919183 0.75617384441553581 -0.02855393123849061 0.46356336607458076
decision_type=2 2 2 2 2 2
left_child=1 2 3 4 5 -1
right_child=-2 -3 -4 -5 -6 -7
leaf_value=-0.0019824112104068745 -0.0014383939098705891 0.0024791149175350698 0.0014523784747309124 0.0016648824926948427 -0.0045523975807417356 0.0032659104919299411
leaf_weight=38 24 21 39 30 27 21
leaf_count=38 24 21 39 30 27 21
internal_value=0 0.000194328 -8.43854e-05 -0.000644928 -0.00150975 -2.73969e-05
internal_weight=200 176 155 116 86 59
internal_count=200 176 155 116 86 59
is_linear=0
shrinkage=0.05


Tree=97
num_leaves=8
num_cat=0
split_feature=2 2 9 9 3 1 0
split_gain=0.0210985 0.0402518 0.102219 0.0547643 0.0945047 0.046617 0.0110822
threshold=-1.0099812928652321 -0.15907034707281489 0.19547561438371558 0.024098743833236503 0.24683385370618136 -0.41796661833308008 0.034056310315698224
decision_type=2 2 2 2 2 2 2
left_child=-1 2 -2 4 -3 -5 -7
right_child=1 3 -4 5 -6 6 -8
leaf_value=-0.0012210382643678657 0.0034089010391269146 0.0001845001238937283 -0.00082625944562886181 -0.0010219235660095291 -0.0039021607190048019 0.0026757200291398818 0.00056369951949339001
leaf_weight=30 29 31 25 22 23 20 20
leaf_count=30 29 31 25 22 23 20 20
internal_value=0 0.000215084 0.00135785 -0.00027454 -0.00146769 0.000684828 0.00174844
internal_weight=200 170 54 116 54 62 40
internal_count=200 170 54 116 54 62 40
is_linear=0
shrinkage=0.05


Tree=98
num_leaves=8
num_cat=0
split_feature=5 3 1 8 5 8 8
split_gain=0.0213172 0.054867 0.0394626 0.107583 0.101783 0.0423291 0.0332374
threshold=0.44120769376490404 -0.48460923203808609 -0.85175710570357788 -0.47960144745000971 0.066656607217131736 0.26355740789669246 0.056966815367347261
decision_type=2 2 2 2 2 2 2
left_child=2 -2 -1 -4 5 -5 -3
right_child=1 6 3 4 -6 -7 -8
leaf_value=0.001480238226865261 0.0029359742739603883 -0.0017092419959678876 -0.0033805613460409683 0.002626939052119321 -0.0026314485232206641 0 0.0011262698040519891
leaf_weight=23 20 20 29 28 24 36 20
leaf_count=23 20 20 29 28 24 36 20
internal_value=0 0.000786944 -0.000338723 -0.000739954 7.63415e-05 0.00117229 -0.000167525
internal_weight=200 60 140 117 88 64 40
internal_count=200 60 140 117 88 64 40
is_linear=0
shrinkage=0.05


Tree=99
num_leaves=8
num_cat=0
split_feature=7 6 5 5 1 8 2
split_gain=0.0211522 0.0332193 0.0995234 0.0798312 0.141682 0.060933 0.0493672
threshold=1.1905476249262537 -0.17713117266070152 0.27959134229497307 0.68138907804659132 -0.5993838341988974 -0.086510780692153996 0.052601104911993962
decision_type=2 2 2 2 2 2 2
left_child=1 2 5 4 -3 -1 -6
right_child=-2 3 -4 -5 6 -7 -8
leaf_value=-0.0037370139244109141 -0.0013566078771108882 0.0052157865485653685 0.0018383840580695661 -0.0018133981126885843 -0.001068884382439016 -1.8725176207327814e-06 0.0017850047332647534
leaf_weight=24 25 20 26 21 30 25 29
leaf_count=24 25 20 26 21 30 25 29
internal_value=0 0.000195418 -0.000560948 0.000812636 0.00157532 -0.00193705 0.000249919
internal_weight=200 175 75 100 79 49 59
internal_count=200 175 75 100 79 49 59
is_linear=0
shrinkage=0.05


Tree=100
num_leaves=8
num_cat=0
split_feature=8 4 3 3 4 7 7
split_gain=0.0220299 0.105531 0.042464 0.0870885 0.0785554 0.0793033 0.0417405
threshold=0.60545902129013751 0.18648266153919926 0.97206270029054276 0.036535821987787924 0.17011313108200996 0.31274874356940502 0.24992221560320146
decision_type=2 2 2 2 2 2 2
left_child=2 -2 3 4 5 -1 -5
right_child=1 -3 -4 6 -6 -7 -8
leaf_value=0.00019405318773855571 -0.003274790778667091 0.0011452894087667564 0.002446823752489849 -0.00031540574877361748 -0.00075986677954016733 0.0046892352944079424 -0.0033908801431308932
leaf_weight=23 25 27 20 34 30 21 20
leaf_count=23 25 27 20 34 30 21 20
internal_value=0 -0.000885987 0.000309403 0 0.00108709 0.00245863 -0.00155105
internal_weight=200 52 148 128 74 44 54
internal_count=200 52 148 128 74 44 54
is_linear=0
shrinkage=0.05


Tree=101
num_leaves=7
num_cat=0
split_feature=0 0 2 9 7 4
split_gain=0.0215093 0.0428926 0.0478197 0.0827997 0.177829 0.117735
threshold=0.98143087147855501 0.67040357000334094 0.63327937351919183 0.85132753845485853 0.45796664919111035 -0.44584297730777572
decision_type=2 2 2 2 2 2
left_child=1 2 3 4 5 -1
right_child=-2 -3 -4 -5 -6 -7
leaf_value=0.0032038712697983977 -0.0014025241938415776 0.002313270238206073 0.0014083769704784502 0.0016252315241549024 -0.0048636176178706416 -0.001463383873652694
leaf_weight=20 24 21 39 29 26 41
leaf_count=20 24 21 39 29 26 41
internal_value=0 0.000190143 -6.65758e-05 -0.000606317 -0.00140858 0
internal_weight=200 176 155 116 87 61
internal_count=200 176 155 116 87 61
is_linear=0
shrinkage=0.05


Tree=102
num_leaves=7
num_cat=0
split_feature=4 4 8 1 9 1
split_gain=0.0214007 0.0925297 0.0814426 0.113383 0.0832122 0.0758658
threshold=0.62169092603662379 1.0300775799107975 -0.20301925959018771 0.5700380129846615 0.51055159470149003 -0.057555013486127564
decision_type=2 2 2 2 2 2
left_child=2 -2 4 5 -1 -4
right_child=1 -3 3 -5 -6 -7
leaf_value=0.002586563953477115 0.0034877144276364022 -0.00058308719466578451 -0.0014021600981283446 -0.0040853510949746394 -0.0012587338528504553 0.0023697223366048207
leaf_weight=36 21 37 39 26 21 20
leaf_count=36 21 37 39 26 21 20
internal_value=0 0.000808231 -0.000330788 -0.00133749 0.00108259 -3.71073e-05
internal_weight=200 58 142 85 57 59
internal_count=200 58 142 85 57 59
is_linear=0
shrinkage=0.05


Tree=103
num_leaves=7
num_cat=0
split_feature=0 0 2 9 0 5
split_gain=0.0197499 0.0379842 0.0430548 0.0766034 0.123136 0.0887
threshold=0.98143087147855501 0.67040357000334094 0.63327937351919183 0.85132753845485853 0.034056310315698224 -0.49775681337292449
decision_type=2 2 2 2 2 2
left_child=1 2 3 4 5 -1
right_child=-2 -3 -4 -5 -6 -7
leaf_value=-0.0024469529375878733 -0.0013438659138529257 0.002180263788717406 0.0013405351431521079 0.0015728331574229237 -0.0036926251015410132 0.0017526472770268507
leaf_weight=20 24 21 39 29 34 33
leaf_count=20 24 21 39 29 34 33
internal_value=0 0.000182273 -5.74164e-05 -0.000571233 -0.00134431 7.21068e-05
internal_weight=200 176 155 116 87 53
internal_count=200 176 155 116 87 53
is_linear=0
shrinkage=0.05


Tree=104
num_leaves=9
num_cat=0
split_feature=1 1 8 8 2 1 2 8
split_gain=0.0184091 0.10761 0.0768797 0.0687225 0.0841296 0.0598862 0.0527464 0.0443055
threshold=0.05191326338887798 -0.18965921797176757 -0.72651789902524244 -0.58590883985080078 -0.0097840681389136201 0.67634740584875586 -0.4140720197851952 0.33744086048601274
decision_type=2 2 2 2 2 2 2 2
left_child=1 2 -1 -2 -5 -6 -4 -8
right_child=3 -3 6 4 5 -7 7 -9
leaf_value=0.0030217809247001263 -0.002028770727656819 -0.0036701941213866263 0.0013879047547824576 0.0029382566083520725 0.0014708587047930861 -0.0023032376273947569 -0.0032934023814498261 0
leaf_weight=20 20 21 21 37 21 20 20 20
leaf_count=20 20 21 21 37 21 20 20 20
internal_value=0 -0.000470115 0.000301386 0.000489002 0.00120038 -0.000249634 -0.0005122 -0.00163542
internal_weight=200 102 81 98 78 41 61 40
internal_count=200 102 81 98 78 41 61 40
is_linear=0
shrinkage=0.05


Tree=105
num_leaves=8
num_cat=0
split_feature=2 5 9 5 9 2 9
split_gain=0.0191329 0.0395877 0.0713596 0.0617501 0.0538917 0.0470183 0.0370628
threshold=-1.0099812928652321 0.44120769376490404 0.98829560984475029 -1.0948773304761479 0.19547561438371558 -0.068289288353203872 -0.30229839111583084
decision_type=2 2 2 2 2 2 2
left_child=-1 2 3 -2 -3 -5 -7
right_child=1 4 -4 5 -6 6 -8
leaf_value=-0.0011620165996773298 0.0011601031646577724 0.003248734571612798 0.0022535241912730142 0 0 -0.0040035875993336386 -0.00087164617713571713
leaf_weight=30 25 22 22 25 28 24 24
leaf_count=30 25 22 22 25 28 24 24
internal_value=0 0.000205579 -0.00025218 -0.000867377 0.00140231 -0.00163076 -0.00254663
internal_weight=200 170 120 98 50 73 48
internal_count=200 170 120 98 50 73 48
is_linear=0
shrinkage=0.05


Tree=106
num_leaves=8
num_cat=0
split_feature=4 4 8 0 4 4 7
split_gain=0.01937 0.0850029 0.0755124 0.0929617 0.0981653 0.0545667 0.0379862
threshold=0.62169092603662379 1.0300775799107975 0.5327708601056651 0.28011584133812589 -0.34860813675483643 -0.24590277610794642 0.19582966782595287
decision_type=2 2 2 2 2 2 2
left_child=2 -2 3 4 -1 -4 -5
right_child=1 -3 5 6 -6 -7 -8
leaf_value=0.0010914509388277947 0.0033394736681415988 -0.00055933131119663101 -0.0040111383506611208 0.00042786286585436107 -0.003043032460680291 -0.00014522008311290005 0.0036312999449274182
leaf_weight=27 21 37 20 23 28 22 22
leaf_count=27 21 37 20 23 28 22 22
internal_value=0 0.000769565 -0.000314066 0.000391653 -0.000924336 -0.00211005 0.00210943
internal_weight=200 58 142 100 55 42 45
internal_count=200 58 142 100 55 42 45
is_linear=0
shrinkage=0.05


Tree=107
num_leaves=8
num_cat=0
split_feature=0 0 1 3 5 1 4
split_gain=0.0182361 0.0315591 0.0381673 0.0690884 0.130264 0.115573 0.05813
threshold=0.98143087147855501 0.67040357000334094 1.1421014948046573 -0.10777907911498323 -0.56651691149522432 -0.38836542391905376 -0.10129883819559048
decision_type=2 2 2 2 2 2 2
left_child=1 2 3 6 -5 -6 -1
right_child=-2 -3 -4 4 5 -7 -8
leaf_value=0 -0.0012895443065176985 0.0019973981443580716 -0.0016983243563077237 -0.003316706528860638 -0.0014413369680380086 0.0031928087790871239 0.0034287324301020676
leaf_weight=20 24 21 29 28 25 27 26
leaf_count=20 24 21 29 28 25 27 26
internal_value=0 0.000176947 -3.85857e-05 0.00030481 -0.00053498 0.000870395 0.00187177
internal_weight=200 176 155 126 80 52 46
internal_count=200 176 155 126 80 52 46
is_linear=0
shrinkage=0.05


Tree=108
num_leaves=8
num_cat=0
split_feature=7 6 5 5 1 8 8
split_gain=0.0190362 0.0314841 0.0806464 0.0737645 0.120914 0.0576996 0.043455
threshold=1.1905476249262537 -0.17713117266070152 0.27959134229497307 0.68138907804659132 -0.5993838341988974 -0.086510780692153996 0.32289891672705934
decision_type=2 2 2 2 2 2 2
left_child=1 2 5 4 -3 -1 -6
right_child=-2 3 -4 -5 6 -7 -8
leaf_value=-0.0035424663265007719 -0.0012893863690903863 0.0048865199010860901 0.0015946994894237697 -0.0017351042602864485 0.0014377082692887478 0 -0.0012972101508700229
leaf_weight=24 25 20 26 21 36 25 23
leaf_count=24 25 20 26 21 36 25 23
internal_value=0 0.000182959 -0.000552701 0.000784656 0.00151902 -0.0017949 0.00028656
internal_weight=200 175 75 100 79 49 59
internal_count=200 175 75 100 79 49 59
is_linear=0
shrinkage=0.05


Tree=109
num_leaves=8
num_cat=0
split_feature=1 1 8 8 8 1 9
split_gain=0.0191331 0.0978225 0.0660486 0.0608923 0.0701889 0.0506098 0.045864
threshold=0.05191326338887798 -0.18965921797176757 -0.72651789902524244 -0.58590883985080078 0.42837544121092647 -1.1268469315275491 -0.19166057603521211
decision_type=2 2 2 2 2 2 2
left_child=1 2 -1 -2 6 -4 -5
right_child=3 -3 5 4 -6 -7 -8
leaf_value=0.0027761814587596635 -0.0018666069496501775 -0.0035323535626250978 -0.0023876999041218777 0.00075196968213123378 -0.00055138038716898857 0.00051478113802797671 0.0041998050517680656
leaf_weight=20 20 21 23 26 31 38 21
leaf_count=20 20 21 23 26 31 38 21
internal_value=0 -0.000482606 0.000249797 0.000495164 0.00116638 -0.000499881 0.0024043
internal_weight=200 102 81 98 78 61 47
internal_count=200 102 81 98 78 61 47
is_linear=0
shrinkage=0.05


Tree=110
num_leaves=7
num_cat=0
split_feature=5 9 2 9 9 3
split_gain=0.0171225 0.0481793 0.1623 0.0854705 0.0755983 0.0685155
threshold=-1.2223919583666392 -0.30229839111583084 0.10016094044642973 0.19547561438371558 0.68790205687404715 0.4077554097752199
decision_type=2 2 2 2 2 2
left_child=-1 2 -2 -3 -5 -6
right_child=1 3 -4 4 5 -7
leaf_value=0.0011653050528993879 0.00087688921078005265 0.0025407041472371764 -0.0043397418526625728 -0.0023252070077246171 -0.00088725723116569425 0.0027662212327445226
leaf_weight=27 32 33 26 33 26 23
leaf_count=27 32 33 26 33 26 23
internal_value=0 -0.000186273 -0.00137899 0.000372504 -0.000441194 0.000727949
internal_weight=200 173 58 115 82 49
internal_count=200 173 58 115 82 49
is_linear=0
shrinkage=0.05


Tree=111
num_leaves=7
num_cat=0
split_feature=4 3 4 2 4 8
split_gain=0.0176178 0.0494888 0.0933601 0.0926379 0.0969759 0.0831294
threshold=1.3006673947196312 0.8429562258010318 0.073151886678842634 -0.55648625319917489 -0.48296499224070316 0.32289891672705934
decision_type=2 2 2 2 2 2
left_child=1 2 3 -1 -5 -4
right_child=-2 -3 5 4 -6 -7
leaf_value=0.0028698397543409776 0.0012369371810556943 0.0013736568354656845 -0.0037808920103849031 -0.0029885218771784727 0.0011116974220720995 0
leaf_weight=26 25 38 34 26 30 21
leaf_count=26 25 38 34 26 30 21
internal_value=0 -0.000179492 -0.00064745 0.000369848 -0.000704783 -0.00225281
internal_weight=200 175 137 82 56 55
internal_count=200 175 137 82 56 55
is_linear=0
shrinkage=0.05


Tree=112
num_leaves=7
num_cat=0
split_feature=3 3 2 1 0 4
split_gain=0.0184976 0.0889652 0.0526587 0.0839547 0.0640786 0.106105
threshold=1.1791560607766125 0.8429562258010318 -1.0099812928652321 1.1421014948046573 0.59012526187806846 0.68601774066871213
decision_type=2 2 2 2 2 2
left_child=1 2 -1 4 5 -4
right_child=-2 -3 3 -5 -6 -7
leaf_value=-0.0024234601711749515 -0.0013288679298868169 0.0032378403147709026 0.00025415455073441107 -0.0026256001504650125 -0.0010591140546040998 0.0043940185843382301
leaf_weight=23 23 21 56 22 32 23
leaf_count=23 23 21 56 22 32 23
internal_value=0 0.000175455 -0.000206569 0.000140771 0.000735935 0.00152667
internal_weight=200 177 156 133 111 79
internal_count=200 177 156 133 111 79
is_linear=0
shrinkage=0.05


Tree=113
num_leaves=8
num_cat=0
split_feature=1 1 8 8 8 1 5
split_gain=0.0197323 0.0904218 0.0586351 0.0521307 0.0645433 0.0412293 0.0409627
threshold=0.05191326338887798 -0.18965921797176757 -0.72651789902524244 -0.58590883985080078 0.42837544121092647 -1.1268469315275491 -0.21514663834254452
decision_type=2 2 2 2 2 2 2
left_child=1 2 -1 -2 6 -4 -5
right_child=3 -3 5 4 -6 -7 -8
leaf_value=0.0025997364082702649 -0.0016668960531137939 -0.0034172985919031767 -0.0021918736006137289 0.0036727655016178425 -0.00051144080272489431 0.0004162570121245865 0.00039261073156555677
leaf_weight=20 20 21 23 26 31 38 21
leaf_count=20 20 21 23 26 31 38 21
internal_value=0 -0.000486025 0.000215559 0.000506961 0.0011298 -0.000487281 0.00231727
internal_weight=200 102 81 98 78 61 47
internal_count=200 102 81 98 78 61 47
is_linear=0
shrinkage=0.05


Tree=114
num_leaves=9
num_cat=0
split_feature=1 1 8 8 2 1 2 8
split_gain=0.0176286 0.0817381 0.0528543 0.0471663 0.0737016 0.0497817 0.0422911 0.0355862
threshold=0.05191326338887798 -0.18965921797176757 -0.72651789902524244 -0.58590883985080078 -0.0097840681389136201 0.67634740584875586 -0.4140720197851952 0.33744086048601274
decision_type=2 2 2 2 2 2 2 2
left_child=1 2 -1 -2 -5 -6 -4 -8
right_child=3 -3 6 4 5 -7 7 -9
leaf_value=0.0024703963631903057 -0.0015839660314921828 -0.0032472434396286147 0.0012289458089088802 0.0027030880958490784 0.0012741155860618958 -0.0021554752711707087 -0.0029565403747038718 0
leaf_weight=20 20 21 21 37 21 20 20 20
leaf_count=20 20 21 21 37 21 20 20 20
internal_value=0 -0.000459402 0.000204832 0.00047916 0.00107354 -0.000278375 -0.000458971 -0.00147067
internal_weight=200 102 81 98 78 41 61 40
internal_count=200 102 81 98 78 41 61 40
is_linear=0
shrinkage=0.05


Tree=115
num_leaves=8
num_cat=0
split_feature=3 3 3 4 1 1 7
split_gain=0.0169251 0.0799187 0.0470689 0.0639976 0.0522839 0.0741724 0.064621
threshold=1.1791560607766125 0.8429562258010318 0.077262375494543192 -0.10129883819559048 -0.77275446184313845 -0.034958492301967341 0.42156575475024444
decision_type=2 2 2 2 2 2 2
left_child=1 2 4 -4 -1 -6 -7
right_child=-2 -3 3 -5 5 6 -8
leaf_value=0.0027146836077859299 -0.0012724024207367525 0.0030697995139135851 0.00042937348878853545 -0.0028081389051915519 -0.0022690640626702031 -0.0005395286154744358 0.0028803064344891374
leaf_weight=20 23 21 24 33 27 28 24
leaf_count=20 23 21 24 33 27 28 24
internal_value=0 0.000166569 -0.000193936 -0.00135905 0.000427125 -9.14918e-05 0.000945386
internal_weight=200 177 156 57 99 79 52
internal_count=200 177 156 57 99 79 52
is_linear=0
shrinkage=0.05


Tree=116
num_leaves=7
num_cat=0
split_feature=7 6 5 5 1 8
split_gain=0.0171124 0.0298091 0.0728655 0.0629421 0.108534 0.0410113
threshold=1.1905476249262537 -0.17713117266070152 -0.15279347726455431 0.68138907804659132 -0.5993838341988974 0.32289891672705934
decision_type=2 2 2 2 2 2
left_child=1 2 -1 4 -3 -6
right_child=-2 3 -4 -5 5 -7
leaf_value=-0.0021993711281185994 -0.0012203922832896748 0.0046332381915333521 0.00086688034634208294 -0.0015545977486994876 0.0013900499790906904 -0.0012666739966897737
leaf_weight=36 25 20 39 21 36 23
leaf_count=36 25 20 39 21 36 23
internal_value=0 0.000175582 -0.000539311 0.000761705 0.00144183 0.000269385
internal_weight=200 175 75 100 79 59
internal_count=200 175 75 100 79 59
is_linear=0
shrinkage=0.05


Tree=117
num_leaves=8
num_cat=0
split_feature=1 1 8 8 2 1 1
split_gain=0.0167987 0.0699342 0.0471769 0.042615 0.0663052 0.0443544 0.0416081
threshold=0.05191326338887798 -0.18965921797176757 -0.72651789902524244 -0.58590883985080078 -0.0097840681389136201 0.67634740584875586 -1.1268469315275491
decision_type=2 2 2 2 2 2 2
left_child=1 2 -1 -2 -5 -6 -4
right_child=3 -3 6 4 5 -7 -8
leaf_value=0.0023055702498859135 -0.0014884536485859558 -0.0030275463819574404 -0.0021786596915317753 0.0025786748197999081 0.0012155881195695479 -0.002021424610408681 0.00044507413272675027
leaf_weight=20 20 21 23 37 21 20 38
leaf_count=20 20 21 23 37 21 20 38
internal_value=0 -0.000449647 0.000159954 0.000466556 0.00103313 -0.000242864 -0.000464316
internal_weight=200 102 81 98 78 41 61
internal_count=200 102 81 98 78 41 61
is_linear=0
shrinkage=0.05


Tree=118
num_leaves=8
num_cat=0
split_feature=5 5 9 9 2 7 7
split_gain=0.0155938 0.0444301 0.0669909 0.0718677 0.058727 0.0520504 0.00965103
threshold=-1.2223919583666392 -0.476704862485478 -0.30229839111583084 0.19547561438371558 0.076313224626990861 0.31274874356940502 -0.016622041877103408
decision_type=2 2 2 2 2 2 2
left_child=-1 6 4 -4 -3 -5 -2
right_child=1 2 3 5 -6 -7 -8
leaf_value=0.0011145466969544376 -0.00046448370543730202 0.00016687795041180937 0.0032911965379070389 -0.0012312227222528831 -0.0032954350827419337 0.0017046658718482895 -0.0024091058667766018
leaf_weight=27 20 25 26 32 20 28 22
leaf_count=27 20 25 26 32 20 28 22
internal_value=0 -0.00017532 0.000245839 0.001095 -0.00126496 5.62207e-05 -0.00160516
internal_weight=200 173 131 86 45 60 42
internal_count=200 173 131 86 45 60 42
is_linear=0
shrinkage=0.05


Tree=119
num_leaves=8
num_cat=0
split_feature=3 3 3 5 5 4 6
split_gain=0.0157496 0.075222 0.0431723 0.0755566 0.074545 0.0793519 0.0614133
threshold=1.1791560607766125 0.8429562258010318 0.077262375494543192 -1.0187029228179476 -0.15279347726455431 -0.085521822524017271 -0.53229006343190233
decision_type=2 2 2 2 2 2 2
left_child=1 2 3 -1 -5 -6 -4
right_child=-2 -3 6 4 5 -7 -8
leaf_value=0.003078298999870558 -0.0012286467796183511 0.0029766645932446508 0.00051128108465632832 -0.0025470968450427025 -0.0012533755859464439 0.0025494238611349124 -0.0026797780664664997
leaf_weight=21 23 21 23 25 24 29 34
leaf_count=21 23 21 23 25 24 29 34
internal_value=0 0.000159456 -0.000189417 0.000403651 -0.000255445 0.000734122 -0.00130595
internal_weight=200 177 156 99 78 53 57
internal_count=200 177 156 99 78 53 57
is_linear=0
shrinkage=0.05


Tree=120
num_leaves=8
num_cat=0
split_feature=1 1 0 8 8 8 5
split_gain=0.015792 0.0648882 0.060126 0.0954415 0.0391118 0.057899 0.0345423
threshold=0.05191326338887798 -0.18965921797176757 -0.41282134652725405 0.60545902129013751 -0.58590883985080078 0.42837544121092647 -0.21514663834254452
decision_type=2 2 2 2 2 2 2
left_child=1 2 -1 -4 -2 6 -6
right_child=4 -3 3 -5 5 -7 -8
leaf_value=-0.002147512668187716 -0.0014156996186785586 -0.0029193002333361387 0.0025187694713535249 -0.0015036174408012656 0.0033716421497636028 -0.0005551005087768917 0.0003364774305814815
leaf_weight=20 20 21 39 22 26 31 21
leaf_count=20 20 21 39 22 26 31 21
internal_value=0 -0.000435928 0.000149062 0.000986153 0.000452399 0.000996619 0.00212526
internal_weight=200 102 81 61 98 78 47
internal_count=200 102 81 61 98 78 47
is_linear=0
shrinkage=0.05


Tree=121
num_leaves=7
num_cat=0
split_feature=0 0 2 9 7 4
split_gain=0.016123 0.0252403 0.0406337 0.061822 0.135086 0.0876583
threshold=0.98143087147855501 0.67040357000334094 0.63327937351919183 0.68790205687404715 0.45796664919111035 -0.28174016309892996
decision_type=2 2 2 2 2 2
left_child=1 2 3 4 5 -1
right_child=-2 -3 -4 -5 -6 -7
leaf_value=0.0027292492275881527 -0.0012160502954558141 0.0017907152967571649 0.0013324777743376581 0.0011878449445907192 -0.0042724651978212902 -0.0013867692424660326
leaf_weight=20 24 21 39 34 26 36
leaf_count=20 24 21 39 34 26 36
internal_value=0 0.000162826 -2.65017e-05 -0.00052722 -0.00129983 0
internal_weight=200 176 155 116 82 56
internal_count=200 176 155 116 82 56
is_linear=0
shrinkage=0.05


Tree=122
num_leaves=8
num_cat=0
split_feature=5 3 6 6 3 6 8
split_gain=0.0154235 0.0425499 0.0408617 0.0580531 0.0423875 0.0351978 0.0294966
threshold=0.44120769376490404 -0.48460923203808609 -0.26433549898023673 0.098220931421532071 0.37823315801581142 -1.0292394857285847 0.056966815367347261
decision_type=2 2 2 2 2 2 2
left_child=2 -2 5 -4 -5 -1 -3
right_child=1 6 3 4 -6 -7 -8
leaf_value=0 0.0025645950382844132 -0.0016171359523102198 0.0025809359058265769 -0.0014403452481621939 0.0011436422440813357 -0.0024834380080845579 0.0010507925802758381
leaf_weight=23 20 20 22 39 25 31 20
leaf_count=23 20 20 22 39 25 31 20
internal_value=0 0.0006683 -0.00028919 0.000341772 -0.000352763 -0.00138525 -0.00015919
internal_weight=200 60 140 86 64 54 40
internal_count=200 60 140 86 64 54 40
is_linear=0
shrinkage=0.05


Tree=123
num_leaves=7
num_cat=0
split_feature=4 4 8 1 9 1
split_gain=0.0143264 0.0706513 0.0592489 0.0950834 0.0699042 0.0568214
threshold=0.62169092603662379 1.0300775799107975 -0.20301925959018771 0.5700380129846615 0.51055159470149003 -0.56132390804561849
decision_type=2 2 2 2 2 2
left_child=2 -2 4 5 -1 -4
right_child=1 -3 3 -5 -6 -7
leaf_value=0.0023134239594880335 0.0030102869933824189 -0.00054106436873161085 -0.0021027088149834726 -0.0036460782583246283 -0.0012080837308177592 0.0011313048643585579
leaf_weight=36 21 37 21 26 21 38
leaf_count=36 21 37 21 26 21 38
internal_value=0 0.000661679 -0.000270254 -0.0011331 0.000928617 0
internal_weight=200 58 142 85 57 59
internal_count=200 58 142 85 57 59
is_linear=0
shrinkage=0.05


Tree=124
num_leaves=8
num_cat=0
split_feature=2 5 9 5 8 8 9
split_gain=0.0145329 0.0333162 0.0577244 0.0530806 0.0866264 0.0907043 0.0489917
threshold=-1.0099812928652321 0.44120769376490404 0.98829560984475029 0.10867640870088148 -0.44166336894424701 0.42837544121092647 0.19547561438371558
decision_type=2 2 2 2 2 2 2
left_child=-1 2 3 4 -2 -6 -3
right_child=1 6 -4 -5 5 -7 -8
leaf_value=-0.0010137826622002742 -0.0024146340752610428 0.0030404208303846381 0.0020071285351166896 -0.0031017193256527536 0.0029772393310979486 -0.0012012482696630027 0
leaf_weight=30 28 22 22 20 28 22 28
leaf_count=30 28 22 22 20 28 22 28
internal_value=0 0.00017812 -0.000239179 -0.000795952 -0.000137495 0.00104018 0.00127791
internal_weight=200 170 120 98 78 50 50
internal_count=200 170 120 98 78 50 50
is_linear=0
shrinkage=0.05


Tree=125
num_leaves=8
num_cat=0
split_feature=0 0 1 3 4 1 6
split_gain=0.0150296 0.0227965 0.0259227 0.0560973 0.0716014 0.0479315 0.0387303
threshold=0.98143087147855501 0.67040357000334094 1.1421014948046573 0.077262375494543192 -0.10129883819559048 -0.50452283143810328 -0.45999983525001575
decision_type=2 2 2 2 2 2 2
left_child=1 2 3 4 -1 -5 -7
right_child=-2 -3 -4 5 -6 6 -8
leaf_value=-0.00042695646170220336 -0.0011741034152310853 0.0017041070355870429 -0.0013946070300600783 -0.0024477777607483917 0.0030882861698794976 0.0019666958482129804 -0.00086878112441068033
leaf_weight=23 24 21 29 24 31 20 28
leaf_count=23 24 21 29 24 31 20 28
internal_value=0 0.0001572 -2.11068e-05 0.00025622 0.00150061 -0.000608511 0.00021035
internal_weight=200 176 155 126 54 72 48
internal_count=200 176 155 126 54 72 48
is_linear=0
shrinkage=0.05


Tree=126
num_leaves=7
num_cat=0
split_feature=7 6 5 5 1 2
split_gain=0.0142908 0.0288694 0.0605579 0.056098 0.0994962 0.0424899
threshold=1.1905476249262537 -0.17713117266070152 -0.15279347726455431 0.68138907804659132 -0.5993838341988974 0.052601104911993962
decision_type=2 2 2 2 2 2
left_child=1 2 -1 4 -3 -6
right_child=-2 3 -4 -5 5 -7
leaf_value=-0.0020632353938930255 -0.0011210673828182585 0.0044320277499604911 0.000721970683647334 -0.0014468822178046849 -0.00096518084023184964 0.0016773165088415762
leaf_weight=36 25 20 39 21 30 29
leaf_count=36 25 20 39 21 30 29
internal_value=0 0.000154533 -0.000549317 0.000732393 0.001376 0.000249712
internal_weight=200 175 75 100 79 59
internal_count=200 175 75 100 79 59
is_linear=0
shrinkage=0.05


Tree=127
num_leaves=8
num_cat=0
split_feature=1 1 0 5 5 9 2
split_gain=0.0149352 0.05827 0.048035 0.0604425 0.0294445 0.0428299 0.0341909
threshold=0.05191326338887798 -0.18965921797176757 -0.41282134652725405 0.043514119680015603 0.50276834205272114 0.30934123971459987 -0.02855393123849061
decision_type=2 2 2 2 2 2 2
left_child=1 2 -1 -4 5 6 -2
right_child=4 -3 3 -5 -6 -7 -8
leaf_value=-0.0019240694375365825 0.0022228564247798125 -0.0027821822639254594 0.0025046163029733585 -0.0005425941803226086 0.0019968036408999782 -0.0015906470923044876 -0.00032061046045837979
leaf_weight=20 24 21 30 31 23 28 23
leaf_count=20 24 21 30 31 23 28 23
internal_value=0 -0.000429614 0.000121338 0.000875847 0.000434187 0 0.000873986
internal_weight=200 102 81 61 98 75 47
internal_count=200 102 81 61 98 75 47
is_linear=0
shrinkage=0.05


Tree=128
num_leaves=7
num_cat=0
split_feature=3 7 4 1 7 5
split_gain=0.0146771 0.047839 0.0392242 0.050015 0.0636531 0.0855643
threshold=-1.289912086072208 1.1437659621030516 -0.7611959090481073 0.84496387796619865 -0.89289114634625366 -0.11031858078721309
decision_type=2 2 2 2 2 2
left_child=-1 2 -2 4 -4 -6
right_child=1 -3 3 -5 5 -7
leaf_value=0.001238498259313687 0.0018833243526944485 -0.0022410380943867674 0.0015464078943946916 0.0015346472643538566 0 -0.0032510874696511909
leaf_weight=21 27 24 21 30 41 36
leaf_count=21 27 24 21 30 41 36
internal_value=0 -0.000155449 0.000136481 -0.000194145 -0.00077536 -0.0014746
internal_weight=200 179 155 128 98 77
internal_count=200 179 155 128 98 77
is_linear=0
shrinkage=0.05


Tree=129
num_leaves=8
num_cat=0
split_feature=4 4 0 8 2 6 9
split_gain=0.0140004 0.0299965 0.0491926 0.058871 0.0694644 0.106944 0.0481114
threshold=1.3006673947196312 0.80623386216812409 -0.53729058320574297 0.60545902129013751 -0.0097840681389136201 0.098220931421532071 -0.19166057603521211
decision_type=2 2 2 2 2 2 2
left_child=1 2 -1 4 5 -4 -6
right_child=-2 -3 3 -5 6 -7 -8
leaf_value=-0.0017030542985570192 0.0010996266897114744 -0.0018101644325475845 0.0053382445866385683 -0.0013337352633143414 -0.0017949554063084777 0 0.0012986281627462698
leaf_weight=30 25 24 20 29 22 21 29
leaf_count=30 25 24 20 29 22 21 29
internal_value=0 -0.000162973 6.67663e-05 0.000547897 0.00119611 0.00272605 0
internal_weight=200 175 151 121 92 41 51
internal_count=200 175 151 121 92 41 51
is_linear=0
shrinkage=0.05


Tree=130
num_leaves=8
num_cat=0
split_feature=0 4 0 4 3 0 5
split_gain=0.0139157 0.049041 0.0440561 0.0542956 0.0284332 0.0294444 0.0257686
threshold=0.59012526187806846 -0.17284956211234459 0.31613239052413888 0.68601774066871213 0.4077554097752199 -0.13638236272716078 -0.32841085252614405
decision_type=2 2 2 2 2 2 2
left_child=2 -2 3 4 5 -1 -5
right_child=1 -3 -4 6 -6 -7 -8
leaf_value=-0.00033743502721323023 -0.002602881562379652 0.00044211331829181147 0.0022075865178125525 0 0.0001131531072679663 -0.0030286201969109373 0.0026366975258072067
leaf_weight=28 21 30 24 20 35 22 20
leaf_count=28 21 30 24 20 35 22 20
internal_value=0 -0.000716501 0.000239548 -9.981e-05 -0.000851266 -0.00162504 0.00137049
internal_weight=200 51 149 125 85 50 40
internal_count=200 51 149 125 85 50 40
is_linear=0
shrinkage=0.05


Tree=131
num_leaves=7
num_cat=0
split_feature=3 7 6 7 7 7
split_gain=0.0133275 0.0428525 0.0258868 0.041726 0.0483253 0.0503239
threshold=-1.289912086072208 1.1437659621030516 -0.82892638494837001 -0.67032294403789972 -0.085584269725811318 0.290393031021634
decision_type=2 2 2 2 2 2
left_child=-1 2 -2 -4 -5 -6
right_child=1 -3 3 4 5 -7
leaf_value=0.0011860019898139189 -0.0010616700405541954 -0.0021175128611140878 -0.00097211266917138824 0.002812445965128225 -0.0015456947223867947 0.0013688663453640191
leaf_weight=21 33 24 32 28 23 39
leaf_count=21 33 24 32 28 23 39
internal_value=0 -0.000142553 0.000132178 0.000496659 0.00107488 0.000206395
internal_weight=200 179 155 122 90 62
internal_count=200 179 155 122 90 62
is_linear=0
shrinkage=0.05


Tree=132
num_leaves=8
num_cat=0
split_feature=0 2 0 5 5 5 9
split_gain=0.0130972 0.0419716 0.0398685 0.0347556 0.0822655 0.0483471 0.0213365
threshold=0.59012526187806846 0.10016094044642973 0.31613239052413888 -0.39486946248736099 0.68138907804659132 -1.2223919583666392 1.0000000180025095e-35
decision_type=2 2 2 2 2 2 2
left_child=2 -2 3 5 6 -1 -5
right_child=1 -3 -4 4 -6 -7 -8
leaf_value=0.00051849753389396282 0.00061686444430207599 -0.0021444091394943292 0.0021051947344326379 0.00034115103898808288 -0.0016972831465860373 -0.0023943116924339167 0.0027943968218734068
leaf_weight=22 25 26 24 21 24 31 27
leaf_count=22 25 26 24 21 24 31 27
internal_value=0 -0.000694438 0.000233084 -8.77888e-05 0.000582828 -0.00109236 0.00182799
internal_weight=200 51 149 125 72 53 48
internal_count=200 51 149 125 72 53 48
is_linear=0
shrinkage=0.05


Tree=133
num_leaves=7
num_cat=0
split_feature=3 3 1 0 6 0
split_gain=0.0129679 0.0690078 0.0381074 0.0711734 0.0809675 0.0567373
threshold=1.1791560607766125 0.8429562258010318 1.1421014948046573 0.59012526187806846 -0.56054493692494511 -0.41282134652725405
decision_type=2 2 2 2 2 2
left_child=1 2 3 4 -1 -6
right_child=-2 -3 -4 -5 5 -7
leaf_value=0.0032822636396791852 -0.0011152078236304063 0.0028439446341387608 -0.0018017625250541095 -0.0017070043959424028 -0.0021469641751631812 0.0010054695831248515
leaf_weight=26 23 21 30 35 21 44
leaf_count=26 23 21 30 35 21 44
internal_value=0 0.000144357 -0.000188607 0.000156951 0.000929828 0
internal_weight=200 177 156 126 91 65
internal_count=200 177 156 126 91 65
is_linear=0
shrinkage=0.05


Tree=134
num_leaves=7
num_cat=0
split_feature=1 1 3 5 3 3
split_gain=0.0130609 0.0541158 0.0411659 0.0507508 0.0311597 0.0530639
threshold=0.05191326338887798 -0.18965921797176757 -0.65319515897560521 0.10867640870088148 -0.48460923203808609 0.4077554097752199
decision_type=2 2 2 2 2 2
left_child=1 2 -1 -4 -2 -6
right_child=4 -3 3 -5 5 -7
leaf_value=0.0020190377040171987 0.0016470244025969959 -0.002666898326886491 0.000834969434778104 -0.0020316232539892604 -0.0019171757004962633 0.00097025260580276863
leaf_weight=22 34 21 30 29 27 37
leaf_count=22 34 21 30 29 27 37
internal_value=0 -0.000398026 0.000131111 -0.000490485 0.000409831 -0.000170969
internal_weight=200 102 81 59 98 64
internal_count=200 102 81 59 98 64
is_linear=0
shrinkage=0.05


Tree=135
num_leaves=8
num_cat=0
split_feature=1 0 0 0 2 8 0
split_gain=0.0121135 0.0563933 0.0410146 0.114423 0.0828499 0.0418196 0.0383839
threshold=-0.38836542391905376 -0.22156893510468201 -0.052178855134359665 0.30792615419808084 -0.0097840681389136201 0.32289891672705934 0.33468831985443565
decision_type=2 2 2 2 2 2 2
left_child=1 -1 5 -4 -5 -2 -3
right_child=2 6 3 4 -6 -7 -8
leaf_value=-0.0027191686400397726 0.002474179509126798 0.002057114443672237 -0.0032351925327216246 0.0032945028078075833 -0.00075799266134928987 -8.2927483160056439e-05 -0.00074909162372880983
leaf_weight=21 33 20 25 21 28 24 28
leaf_count=21 33 20 25 21 28 24 28
internal_value=0 -0.000536555 0.000281525 -0.000445195 0.000880131 0.00131168 0.000318057
internal_weight=200 69 131 74 49 57 48
internal_count=200 69 131 74 49 57 48
is_linear=0
shrinkage=0.05


Tree=136
num_leaves=8
num_cat=0
split_feature=5 4 4 2 3 6 6
split_gain=0.0135229 0.0491013 0.0692967 0.0680518 0.0327601 0.0299861 0.0365322
threshold=0.44120769376490404 1.0300775799107975 -0.10129883819559048 -0.083961719798484977 -0.30214173921178206 -0.68227132361849663 0.19291323002527419
decision_type=2 2 2 2 2 2 2
left_child=1 2 4 -4 -1 -2 -7
right_child=5 -3 3 -5 -6 6 -8
leaf_value=-0.0023998406894420003 0.0022112473590642362 -0.0021145442482108038 0.0037041669269533765 0 0 -0.0016707176424850204 0.0013255813751116034
leaf_weight=24 20 29 21 33 33 20 20
leaf_count=24 20 29 21 33 33 20 20
internal_value=0 -0.000272427 0.000165312 0.00148548 -0.000998224 0.000624107 -4.83102e-05
internal_weight=200 140 111 54 57 60 40
internal_count=200 140 111 54 57 60 40
is_linear=0
shrinkage=0.05


Tree=137
num_leaves=7
num_cat=0
split_feature=2 4 0 2 4 2
split_gain=0.0136492 0.0299577 0.0388637 0.0708643 0.0700526 0.0441666
threshold=-1.0099812928652321 1.3006673947196312 -0.53729058320574297 0.10016094044642973 0.17011313108200996 -0.50697985439899773
decision_type=2 2 2 2 2 2
left_child=-1 2 -2 5 -5 -4
right_child=1 -3 3 4 -6 -7
leaf_value=-0.00098375354845547111 -0.0016842591763470951 0.0018964130006840123 0 0.00053732691206457217 -0.0026993624123699991 0.0029253029562473008
leaf_weight=30 30 22 21 39 27 31
leaf_count=30 30 22 21 39 27 31
internal_value=0 0.000171329 -5.24482e-05 0.000321157 -0.000713211 0.00172883
internal_weight=200 170 148 118 66 52
internal_count=200 170 148 118 66 52
is_linear=0
shrinkage=0.05


Tree=138
num_leaves=8
num_cat=0
split_feature=0 7 3 7 7 2 3
split_gain=0.0123765 0.0230774 0.0405966 0.0815509 0.0745663 0.0732429 0.0775985
threshold=0.98143087147855501 -0.98855887826054911 1.0000000180025095e-35 -0.30973956622233528 0.37918512997364934 0.28676327924322481 -0.71552542744054604
decision_type=2 2 2 2 2 2 2
left_child=1 -1 5 -4 -5 6 -3
right_child=-2 2 3 4 -6 -7 -8
leaf_value=0.0017014452097363665 -0.0010651182114722448 -0.0020262935872634737 -0.0035815622082990199 0.0016364851129371299 -0.0017238171335161043 0.0032206324944736189 0.0020485162194030571
leaf_weight=21 24 27 20 35 31 22 20
leaf_count=21 24 27 20 35 31 22 20
internal_value=0 0.000142985 -3.68852e-05 -0.000791632 0 0.000831239 -0.000185507
internal_weight=200 176 155 86 66 69 47
internal_count=200 176 155 86 66 69 47
is_linear=0
shrinkage=0.05


Tree=139
num_leaves=7
num_cat=0
split_feature=5 4 4 2 3 1
split_gain=0.0119252 0.0445248 0.0644941 0.0614505 0.0316035 0.0307211
threshold=0.44120769376490404 1.0300775799107975 -0.10129883819559048 -0.083961719798484977 -0.30214173921178206 -0.54902232878446267
decision_type=2 2 2 2 2 2
left_child=1 2 4 -4 -1 -2
right_child=5 -3 3 -5 -6 -7
leaf_value=-0.0023378127399461025 -0.0008048582016004877 -0.0020101708429625504 0.0035438662947716091 0 0 0.001464259498240545
leaf_weight=24 21 29 21 33 33 39
leaf_count=24 21 29 21 33 33 39
internal_value=0 -0.000255062 0.000159872 0.00143477 -0.000960759 0.000586856
internal_weight=200 140 111 54 57 60
internal_count=200 140 111 54 57 60
is_linear=0
shrinkage=0.05


Tree=140
num_leaves=7
num_cat=0
split_feature=2 4 2 9 9 4
split_gain=0.0125926 0.0281824 0.0324423 0.111837 0.0652403 0.0265773
threshold=-1.0099812928652321 1.3006673947196312 0.10016094044642973 0.024098743833236503 0.19547561438371558 -0.16420371272621029
decision_type=2 2 2 2 2 2
left_child=-1 2 4 -4 -2 -5
right_child=1 -3 3 5 -6 -7
leaf_value=-0.00094503912420330753 0.0022949017711151715 0.0018380106696479729 -0.002857170663799812 -0.00012736971803468551 -0.00066803028409160941 0.0022243501595337295
leaf_weight=30 34 22 36 21 37 20
leaf_count=30 34 22 36 21 37 20
internal_value=0 0.000164435 -5.16522e-05 -0.000792762 0.000681747 0.000900777
internal_weight=200 170 148 77 71 41
internal_count=200 170 148 77 71 41
is_linear=0
shrinkage=0.05


Tree=141
num_leaves=7
num_cat=0
split_feature=3 7 4 5 4 4
split_gain=0.0120042 0.0353878 0.0335766 0.0324511 0.0382591 0.0573622
threshold=-1.289912086072208 1.1437659621030516 -0.7611959090481073 0.68138907804659132 1.0300775799107975 0.34496602550163707
decision_type=2 2 2 2 2 2
left_child=-1 2 -2 4 5 -4
right_child=1 -3 3 -5 -6 -7
leaf_value=0.0011244997134988342 0.0017294443873138721 -0.0019314748466911407 0 -0.0018635420468771113 -0.0014080528602883825 0.0029812675546545763
leaf_weight=21 27 24 56 24 27 21
leaf_count=21 27 24 56 24 27 21
internal_value=0 -0.000136347 0.000110437 -0.000193124 0.000145747 0.000756556
internal_weight=200 179 155 128 104 77
internal_count=200 179 155 128 104 77
is_linear=0
shrinkage=0.05


Tree=142
num_leaves=7
num_cat=0
split_feature=5 6 6 6 3 1
split_gain=0.0117456 0.0293494 0.0478786 0.0339462 0.0330731 0.0283653
threshold=0.44120769376490404 -0.26433549898023673 0.098220931421532071 -1.0292394857285847 0.37823315801581142 -0.54902232878446267
decision_type=2 2 2 2 2 2
left_child=1 3 -3 -1 -4 -2
right_child=5 2 4 -5 -6 -7
leaf_value=6.7530720176183282e-05 -0.00074928575046404641 0.0023112505016958012 -0.0013183655791327623 -0.0022744981392355591 0.00095170803536916984 0.0014241625743029672
leaf_weight=23 21 22 39 31 25 39
leaf_count=23 21 22 39 31 25 39
internal_value=0 -0.000255236 0.000271991 -0.00118626 -0.000353514 0.00058028
internal_weight=200 140 86 54 64 60
internal_count=200 140 86 54 64 60
is_linear=0
shrinkage=0.05


Tree=143
num_leaves=8
num_cat=0
split_feature=4 4 0 8 2 6 9
split_gain=0.0116101 0.0228887 0.034681 0.051607 0.0545836 0.0850647 0.0300349
threshold=1.3006673947196312 0.80623386216812409 -0.53729058320574297 0.60545902129013751 -0.0097840681389136201 0.098220931421532071 -0.19166057603521211
decision_type=2 2 2 2 2 2 2
left_child=1 2 -1 4 5 -4 -6
right_child=-2 -3 3 -5 6 -7 -8
leaf_value=-0.0014306182906563794 0.0010027193310355167 -0.0015862542374351322 0.0047540977513834612 -0.0013018160703179148 -0.0014134983131788435 0 0.0010309960243461776
leaf_weight=30 25 24 20 29 22 21 29
leaf_count=30 25 24 20 29 22 21 29
internal_value=0 -0.000147091 4.94575e-05 0.000458585 0.00106859 0.00242467 0
internal_weight=200 175 151 121 92 41 51
internal_count=200 175 151 121 92 41 51
is_linear=0
shrinkage=0.05


Tree=144
num_leaves=8
num_cat=0
split_feature=3 3 3 6 9 7 9
split_gain=0.0120739 0.0631657 0.0376317 0.0493791 0.0408157 0.0738625 0.039629
threshold=1.1791560607766125 0.8429562258010318 0.077262375494543192 -0.53229006343190233 0.44615561411872789 -0.45565340474154908 -0.43647233544662684
decision_type=2 2 2 2 2 2 2
left_child=1 2 4 -4 5 -1 -7
right_child=-2 -3 3 -5 -6 6 -8
leaf_value=0.003580157209399611 -0.0010780947011778559 0.0027207390167993178 0.00038318603835774188 -0.0024551820363630911 -0.00092276921237094542 -0.0016551292190949121 0.0013802817216328469
leaf_weight=21 23 21 23 34 35 20 23
leaf_count=21 23 21 23 34 35 20 23
internal_value=0 0.000137245 -0.000180023 -0.00122364 0.000371025 0.00115691 0
internal_weight=200 177 156 57 99 64 43
internal_count=200 177 156 57 99 64 43
is_linear=0
shrinkage=0.05


Tree=145
num_leaves=8
num_cat=0
split_feature=6 8 8 8 9 3 2
split_gain=0.0116843 0.0702744 0.0515461 0.0324893 0.0809332 0.0651614 0.0366244
threshold=0.48327776272721706 -0.086510780692153996 -0.80023394423616423 0.28599075041299965 0.40601699904274541 0.16054331713988723 -0.25427774992133906
decision_type=2 2 2 2 2 2 2
left_child=2 -2 -1 4 5 -4 -5
right_child=1 -3 3 6 -6 -7 -8
leaf_value=-0.0023184509317119759 0.002642752916791682 -0.00078056426459371692 0.0043641651788290901 -0.0023288104444812822 -0.0014453165557476418 5.990463512861609e-05 0.00020466992005366204
leaf_weight=25 25 34 20 21 20 20 35
leaf_count=25 25 34 20 21 20 20 35
internal_value=0 0.000587409 -0.000249994 0.000154341 0.000996222 0.00234224 -0.000658716
internal_weight=200 59 141 116 60 40 56
internal_count=200 59 141 116 60 40 56
is_linear=0
shrinkage=0.05


Tree=146
num_leaves=7
num_cat=0
split_feature=4 8 8 1 5 1
split_gain=0.0120192 0.0578001 0.0466736 0.081566 0.0564507 0.0414578
threshold=0.62169092603662379 0.094718437542167022 -0.20301925959018771 0.5700380129846615 -0.21514663834254452 -0.56132390804561849
decision_type=2 2 2 2 2 2
left_child=2 -2 4 5 -1 -4
right_child=1 -3 3 -5 -6 -7
leaf_value=-0.00065615233895617445 -0.00085222659467741905 0.0022284204799592287 -0.0017672111315573278 -0.0033462181005812462 0.0023904744425970147 0.00099537741427072708
leaf_weight=28 29 29 21 26 29 38
leaf_count=28 29 29 21 26 29 38
internal_value=0 0.000603223 -0.000250356 -0.00101881 0.000807792 0
internal_weight=200 58 142 85 57 59
internal_count=200 58 142 85 57 59
is_linear=0
shrinkage=0.05


Tree=147
num_leaves=7
num_cat=0
split_feature=0 1 1 4 4 0
split_gain=0.0111241 0.0209113 0.0714963 0.0437073 0.0832701 0.0662223
threshold=0.98143087147855501 -0.91401970063946847 -0.38836542391905376 1.0000000180025095e-35 0.54605715478692607 0.28011584133812589
decision_type=2 2 2 2 2 2
left_child=1 -1 -3 5 -5 -4
right_child=-2 2 3 4 -6 -7
leaf_value=0.0013221664006830797 -0.0010112196487216164 -0.0022839035034377705 0 -0.0028369376544731778 0.00094428667315404934 0.0036868861739598742
leaf_weight=31 24 30 34 23 37 21
leaf_count=31 24 30 34 23 37 21
internal_value=0 0.000134091 -8.61889e-05 0.000445174 -0.000424297 0.00148348
internal_weight=200 176 145 115 60 55
internal_count=200 176 145 115 60 55
is_linear=0
shrinkage=0.05


Tree=148
num_leaves=7
num_cat=0
split_feature=3 7 4 1 7 5
split_gain=0.0115566 0.0299162 0.0269026 0.0365953 0.0587526 0.0719572
threshold=-1.289912086072208 1.1437659621030516 -0.7611959090481073 0.84496387796619865 -0.89289114634625366 -0.11031858078721309
decision_type=2 2 2 2 2 2
left_child=-1 2 -2 4 -4 -6
right_child=1 -3 3 -5 5 -7
leaf_value=0.0011041400767642104 0.0015432525769810835 -0.0017835699073019675 0.0015526772026519921 0.0012929086285671128 0 -0.002982343415280809
leaf_weight=21 27 24 21 30 41 36
leaf_count=21 27 24 21 30 41 36
internal_value=0 -0.000132999 9.13213e-05 -0.000176879 -0.000678642 -0.00135326
internal_weight=200 179 155 128 98 77
internal_count=200 179 155 128 98 77
is_linear=0
shrinkage=0.05


Tree=149
num_leaves=8
num_cat=0
split_feature=3 7 6 6 8 2 9
split_gain=0.0103683 0.0271075 0.0198232 0.0361935 0.0326156 0.0867096 0.0316482
threshold=-1.289912086072208 1.1437659621030516 -0.82892638494837001 -0.45999983525001575 0.23879331278097329 0.052601104911993962 0.074696310398215768
decision_type=2 2 2 2 2 2 2
left_child=-1 2 -2 -4 6 -6 -5
right_child=1 -3 3 4 5 -7 -8
leaf_value=0.0010491948448986663 -0.00095206069959794654 -0.0016947614182660131 0.0021948504507606158 0.0020145252423221741 -0.003194541539553375 0.0010801229124458938 -0.00026795834530826473
leaf_weight=21 33 24 23 28 23 22 26
leaf_count=21 33 24 23 28 23 22 26
internal_value=0 -0.000122639 8.94848e-05 0.000412713 0 -0.00099608 0.000824666
internal_weight=200 179 155 122 99 45 54
internal_count=200 179 155 122 99 45 54
is_linear=0
shrinkage=0.05


Tree=150
num_leaves=7
num_cat=0
split_feature=4 7 8 9 7 9
split_gain=0.0111212 0.0569947 0.0391069 0.0506664 0.0339996 0.0486038
threshold=0.62169092603662379 0.090938836482463523 -0.20301925959018771 0.51055159470149003 0.290393031021634 -0.21078200449219345
decision_type=2 2 2 2 2 2
left_child=2 -2 3 -1 5 -4
right_child=1 -3 4 -5 -6 -7
leaf_value=0.0019155467527601196 0.0024256851902580354 -0.00066391842817329152 0 -0.0010741644505835118 0.00024022014266616661 -0.0030518866151855932
leaf_weight=36 25 33 24 21 31 30
leaf_count=36 25 33 24 21 31 30
internal_value=0 0.000583632 -0.000237461 0.000726556 -0.000942768 -0.0017135
internal_weight=200 58 142 57 85 54
internal_count=200 58 142 57 85 54
is_linear=0
shrinkage=0.05


Tree=151
num_leaves=8
num_cat=0
split_feature=6 8 8 8 9 2 2
split_gain=0.010697 0.056969 0.0487637 0.0250874 0.0635503 0.0392236 0.0298597
threshold=0.48327776272721706 -0.086510780692153996 -0.80023394423616423 0.28599075041299965 0.40601699904274541 0.10016094044642973 -0.25427774992133906
decision_type=2 2 2 2 2 2 2
left_child=2 -2 -1 4 5 -4 -5
right_child=1 -3 3 6 -6 -7 -8
leaf_value=-0.0022487575811634499 0.0024179702960938007 -0.00065342711108597401 0.0036858185173582227 -0.0020647851423629651 -0.0012458782652346649 0.0002478452051864631 0.00021913594531792181
leaf_weight=25 25 34 20 21 20 20 35
leaf_count=25 25 34 20 21 20 20 35
internal_value=0 0.000565299 -0.000235965 0.000156324 0.00089891 0.00209642 -0.000550362
internal_weight=200 59 141 116 60 40 56
internal_count=200 59 141 116 60 40 56
is_linear=0
shrinkage=0.05


Tree=152
num_leaves=7
num_cat=0
split_feature=4 6 6 7 7 8
split_gain=0.010928 0.041561 0.0503901 0.0354253 0.0635837 0.0286601
threshold=-0.085521822524017271 -0.68227132361849663 0.22311312672206482 -0.14323352037145445 0.39399468460867654 0.28599075041299965
decision_type=2 2 2 2 2 2
left_child=3 -2 -3 -1 -5 -4
right_child=1 2 5 4 -6 -7
leaf_value=0.00066723232383636899 0.0018682148638311945 -0.0016518630110594207 -0.00017662380887321891 -0.0033327562586990146 4.9479029750903169e-05 0.0022596823336528751
leaf_weight=38 32 36 22 22 30 20
leaf_count=38 32 36 22 22 30 20
internal_value=0 0.000334729 -0.000231959 -0.000407803 -0.00128915 0.000867369
internal_weight=200 110 78 90 52 42
internal_count=200 110 78 90 52 42
is_linear=0
shrinkage=0.05


Tree=153
num_leaves=7
num_cat=0
split_feature=0 1 1 1 7 4
split_gain=0.0110321 0.0183233 0.0577081 0.0390722 0.0258381 0.0178524
threshold=0.98143087147855501 -0.91401970063946847 -0.38836542391905376 0.5700380129846615 0.45796664919111035 0.48881629097925355
decision_type=2 2 2 2 2 2
left_child=1 -1 -3 4 -4 -5
right_child=-2 2 3 5 -6 -7
leaf_value=0.0012501658002211087 -0.0010015390481011503 -0.0020427791847293557 0.0020673380364351871 -0.0013084885625116458 0 0.00044136366308159176
leaf_weight=31 24 30 39 32 23 21
leaf_count=31 24 30 39 32 23 21
internal_value=0 0.000139072 -6.47109e-05 0.000409193 0.00128483 -0.000521463
internal_weight=200 176 145 115 62 53
internal_count=200 176 145 115 62 53
is_linear=0
shrinkage=0.05


Tree=154
num_leaves=7
num_cat=0
split_feature=7 7 9 0 3 0
split_gain=0.0107307 0.0377762 0.0543643 0.0897105 0.092524 0.0292017
threshold=-0.71341139243060037 -0.16357954804292413 0.68790205687404715 -0.41282134652725405 0.20872177330072259 -0.026270931897890083
decision_type=2 2 2 2 2 2
left_child=5 -2 3 -3 -5 -1
right_child=1 2 -4 4 -6 -7
leaf_value=0.00042010979170765354 0.001555498582346703 -0.0037715640048147725 0.0013480918190423967 0.0019943502329388923 -0.0018644847196303421 -0.0020696585746349597
leaf_weight=21 39 21 36 30 32 21
leaf_count=21 39 21 36 30 32 21
internal_value=0 0.000190298 -0.00021607 -0.000955476 0 -0.000707969
internal_weight=200 158 119 83 62 42
internal_count=200 158 119 83 62 42
is_linear=0
shrinkage=0.05


Tree=155
num_leaves=8
num_cat=0
split_feature=5 6 6 3 6 3 9
split_gain=0.0107823 0.0261396 0.042308 0.0314407 0.0276473 0.0259258 0.0111344
threshold=0.44120769376490404 -0.26433549898023673 0.098220931421532071 0.37823315801581142 -1.0292394857285847 -0.48460923203808609 0.42955845327281278
decision_type=2 2 2 2 2 2 2
left_child=1 4 -3 -4 -1 -2 -7
right_child=5 2 3 -5 -6 6 -8
leaf_value=0 0.0020409534856751193 0.0021758289004747684 -0.0012698005689570056 0.00094462738324149666 -0.0020964934508588724 0.00063531049226053923 -0.00099361548599884359
leaf_weight=23 20 22 39 25 31 20 20
leaf_count=23 20 22 39 25 31 20 20
internal_value=0 -0.000237806 0.000257221 -0.000326662 -0.00111762 0.000562749 -5.4911e-05
internal_weight=200 140 86 64 54 60 40
internal_count=200 140 86 64 54 60 40
is_linear=0
shrinkage=0.05


Tree=156
num_leaves=8
num_cat=0
split_feature=8 8 3 3 3 4 3
split_gain=0.0108528 0.0425771 0.0292168 0.0377205 0.0660035 0.0493894 0.022108
threshold=-1.0153646948044228 -0.54599136229516632 0.8429562258010318 0.077262375494543192 -0.59908959107811621 -0.10129883819559048 -0.99391283578721101
decision_type=2 2 2 2 2 2 2
left_child=-1 -2 3 4 6 -5 -3
right_child=1 2 -4 5 -6 -7 -8
leaf_value=0.00099990780956084801 -0.0019702295728484891 0.00030828821412348125 0.0014254730086453733 0.00025239795705868828 0.002575363115262819 -0.0029086851095587508 -0.0017975172315949301
leaf_weight=24 27 23 36 20 25 24 21
leaf_count=24 27 23 36 20 25 24 21
internal_value=0 -0.000131313 0.000169476 -0.000187362 0.000489659 -0.00136114 -0.000585174
internal_weight=200 176 149 113 69 44 44
internal_count=200 176 149 113 69 44 44
is_linear=0
shrinkage=0.05


Tree=157
num_leaves=8
num_cat=0
split_feature=4 4 2 2 4 0 3
split_gain=0.0110813 0.0430006 0.0431437 0.0551757 0.0468106 0.0387149 0.0380324
threshold=-0.17284956211234459 0.073151886678842634 -0.59536620044771249 0.84915158609537189 0.62169092603662379 0.59012526187806846 -0.41325862778101113
decision_type=2 2 2 2 2 2 2
left_child=5 -2 -3 4 -4 6 -1
right_child=1 2 3 -5 -6 -7 -8
leaf_value=-0.0014865328262061305 0.0023151333172009131 -0.0018709196511948645 -0.00017682399503639524 -0.0016139555835994468 0.0026988402270461337 -0.0023017563501823149 0.0011241711144957245
leaf_weight=21 22 26 21 20 30 21 39
leaf_count=21 22 26 21 20 30 21 39
internal_value=0 0.000313997 -9.02925e-05 0.000493159 0.00141887 -0.000443623 0.000126277
internal_weight=200 119 97 71 51 81 60
internal_count=200 119 97 71 51 81 60
is_linear=0
shrinkage=0.05


Tree=158
num_leaves=7
num_cat=0
split_feature=3 3 1 0 6 3
split_gain=0.010864 0.0580473 0.0338508 0.0580504 0.0649092 0.0357207
threshold=1.1791560607766125 0.8429562258010318 1.1421014948046573 0.59012526187806846 -0.56054493692494511 0.077262375494543192
decision_type=2 2 2 2 2 2
left_child=1 2 3 4 -1 -6
right_child=-2 -3 -4 -5 5 -7
leaf_value=0.0029655483123129127 -0.0010155766722605084 0.0026139535985322073 -0.0016878671153600132 -0.0015192965965285536 0.00096958529726957031 -0.0014188651468290793
leaf_weight=26 23 21 30 35 39 26
leaf_count=26 23 21 30 35 39 26
internal_value=0 0.000137219 -0.000165618 0.000158223 0.000859267 0
internal_weight=200 177 156 126 91 65
internal_count=200 177 156 126 91 65
is_linear=0
shrinkage=0.05


Tree=159
num_leaves=7
num_cat=0
split_feature=3 7 4 7 7 8
split_gain=0.010663 0.0218693 0.0212389 0.0673559 0.0644938 0.0553798
threshold=-1.289912086072208 1.1437659621030516 0.80623386216812409 0.31274874356940502 -0.89289114634625366 0.26355740789669246
decision_type=2 2 2 2 2 2
left_child=-1 2 3 4 -2 -6
right_child=1 -3 -4 -5 5 -7
leaf_value=0.0010658602056731316 0.0019495349341108429 -0.0015339968011606315 -0.00093875651736053409 0.0024352596469307351 2.0339905982209497e-05 -0.0028289203332716468
leaf_weight=21 23 24 37 31 37 27
leaf_count=21 23 24 37 31 37 27
internal_value=0 -0.000122476 6.46927e-05 0.000422199 -0.000239666 -0.00110623
internal_weight=200 179 155 118 87 64
internal_count=200 179 155 118 87 64
is_linear=0
shrinkage=0.05


Tree=160
num_leaves=8
num_cat=0
split_feature=4 2 0 3 8 4 0
split_gain=0.0114268 0.0349321 0.0384046 0.0471329 0.0252191 0.041024 0.0193882
threshold=-0.085521822524017271 0.8698368253972073 0.53056578354256645 0.077262375494543192 0.5327708601056651 -0.7611959090481073 -0.052178855134359665
decision_type=2 2 2 2 2 2 2
left_child=4 2 3 -2 5 -1 -5
right_child=1 -3 -4 6 -6 -7 -8
leaf_value=0.0017007160720330075 0.0017246043974799769 -0.0014541145336503785 0.0027493192151707793 0 -0.001699141354894616 -0.00089009788900698116 -0.0019804616461030732
leaf_weight=25 30 20 20 20 27 38 20
leaf_count=25 30 20 20 20 27 38 20
internal_value=0 0.000345584 0.000802181 0.0001714 -0.000413668 5.98295e-05 -0.00087021
internal_weight=200 110 90 70 90 63 40
internal_count=200 110 90 70 90 63 40
is_linear=0
shrinkage=0.05


Tree=161
num_leaves=8
num_cat=0
split_feature=4 6 6 0 6 9 9
split_gain=0.0103143 0.0344862 0.0451855 0.0269296 0.0241786 0.0442205 0.023397
threshold=-0.085521822524017271 -0.68227132361849663 0.22311312672206482 -0.052178855134359665 -0.61258587722311242 -0.27929895437471391 0.68790205687404715
decision_type=2 2 2 2 2 2 2
left_child=4 -2 -3 -4 -1 -6 -7
right_child=1 2 3 -5 5 6 -8
leaf_value=-0.001622073924014829 0.0017247901073253692 -0.0015313780520864635 0.002148048075189664 -0.00020188140104661616 0.0019492558764116796 -0.002055518981387876 0.00016941781994418717
leaf_weight=28 32 36 21 21 22 20 20
leaf_count=28 32 36 21 21 22 20 20
internal_value=0 0.000328312 -0.000182057 0.00085663 -0.000393034 8.32193e-05 -0.000820714
internal_weight=200 110 78 42 90 62 40
internal_count=200 110 78 42 90 62 40
is_linear=0
shrinkage=0.05


Tree=162
num_leaves=8
num_cat=0
split_feature=5 4 4 2 7 3 5
split_gain=0.0101652 0.0399904 0.0570643 0.0485895 0.0252416 0.0233575 0.00177967
threshold=0.44120769376490404 1.0300775799107975 -0.10129883819559048 -0.083961719798484977 -0.14323352037145445 -0.48460923203808609 0.93668100993065295
decision_type=2 2 2 2 2 2 2
left_child=1 2 4 -4 -1 -2 -7
right_child=5 -3 3 -5 -6 6 -8
leaf_value=0.00024805898847673677 0.0019491690280499742 -0.0018948332750825755 0.0032428608242846069 8.5322930916490975e-06 -0.0017450128021939228 -0.00045161546909931434 0.00013934493676495194
leaf_weight=22 20 29 21 33 35 20 20
leaf_count=22 20 29 21 33 35 20 20
internal_value=0 -0.000229841 0.000161467 0.00136242 -0.000889104 0.000547449 -3.18364e-05
internal_weight=200 140 111 54 57 60 40
internal_count=200 140 111 54 57 60 40
is_linear=0
shrinkage=0.05


Tree=163
num_leaves=7
num_cat=0
split_feature=3 3 2 5 5 8
split_gain=0.00946978 0.0525589 0.0305885 0.0461323 0.0544269 0.122598
threshold=1.1791560607766125 0.8429562258010318 -1.0099812928652321 -1.0948773304761479 -0.15279347726455431 -0.34314602552799572
decision_type=2 2 2 2 2 2
left_child=1 2 -1 -4 -5 -6
right_child=-2 -3 3 4 5 -7
leaf_value=-0.0018490956114500245 -0.00094616338449381133 0.002487506827458704 0.0021067098508631477 -0.0018812744370209822 0.0036975205502962753 -0.0007971946270352708
leaf_weight=23 23 21 24 37 21 51
leaf_count=23 23 21 24 37 21 51
internal_value=0 0.000130038 -0.000156673 9.96053e-05 -0.000298022 0.000447726
internal_weight=200 177 156 133 109 72
internal_count=200 177 156 133 109 72
is_linear=0
shrinkage=0.05


Tree=164
num_leaves=8
num_cat=0
split_feature=7 7 1 1 4 0 2
split_gain=0.00943584 0.0343695 0.0484964 0.0875554 0.0410772 0.0240833 0.0126182
threshold=-0.71341139243060037 -0.16357954804292413 -0.91401970063946847 0.05191326338887798 0.62169092603662379 -0.026270931897890083 -0.083961719798484977
decision_type=2 2 2 2 2 2 2
left_child=5 -2 -3 -4 6 -1 -5
right_child=1 2 3 4 -6 -7 -8
leaf_value=0.0003437187891206329 0.0014844159313822651 0.0019723380321146808 -0.0026359899592713885 0.0002642978520166773 0.002219261393233498 -0.0018990685507849353 -0.0013427276473262865
leaf_weight=21 39 20 37 20 21 21 21
leaf_count=21 39 20 37 20 21 21 21
internal_value=0 0.00018151 -0.0002044 -0.000696145 0.00038337 -0.000660757 -0.000438423
internal_weight=200 158 119 99 62 42 41
internal_count=200 158 119 99 62 42 41
is_linear=0
shrinkage=0.05


Tree=165
num_leaves=7
num_cat=0
split_feature=0 0 2 9 0 3
split_gain=0.00889562 0.0179166 0.027079 0.0493962 0.0809589 0.0812277
threshold=0.98143087147855501 0.67040357000334094 0.63327937351919183 0.85132753845485853 0.079078012346146212 0.46356336607458076
decision_type=2 2 2 2 2 2
left_child=1 2 3 4 5 -1
right_child=-2 -3 -4 -5 -6 -7
leaf_value=-0.0014026568747162714 -0.0008940840527392089 0.001503090527773751 0.0010777343880942526 0.0012684378292910831 -0.0031133194162040181 0.0025201725253782351
leaf_weight=35 24 21 39 29 31 21
leaf_count=35 24 21 39 29 31 21
internal_value=0 0.000129951 -2.46995e-05 -0.000439021 -0.00106638 0
internal_weight=200 176 155 116 87 56
internal_count=200 176 155 116 87 56
is_linear=0
shrinkage=0.05


Tree=166
num_leaves=8
num_cat=0
split_feature=5 4 4 2 8 3 8
split_gain=0.00855891 0.0366133 0.0514487 0.0445571 0.0300455 0.0204729 0.0216979
threshold=0.44120769376490404 1.0300775799107975 -0.10129883819559048 -0.083961719798484977 0.076043037132721564 -0.48460923203808609 0.056966815367347261
decision_type=2 2 2 2 2 2 2
left_child=1 2 4 -4 -1 -2 -7
right_child=5 -3 3 -5 -6 6 -8
leaf_value=-0.0020500103806444475 0.0018199590206220376 -0.0018013500309264432 0.0031090695413173797 4.9880003061404317e-06 0.00010912118172520566 -0.0013044669818763266 0.00099935353321222537
leaf_weight=27 20 29 21 33 30 20 20
leaf_count=27 20 29 21 33 30 20 20
internal_value=0 -0.000206449 0.000166478 0.00130807 -0.000827859 0.000506629 -2.82489e-05
internal_weight=200 140 111 54 57 60 40
internal_count=200 140 111 54 57 60 40
is_linear=0
shrinkage=0.05


Tree=167
num_leaves=7
num_cat=0
split_feature=7 7 9 4 4 7
split_gain=0.0083082 0.0301084 0.0446012 0.0409229 0.0442638 0.0235969
threshold=-0.71341139243060037 -0.16357954804292413 0.68790205687404715 -0.10129883819559048 0.7347419871540064 -1.044328942796515
decision_type=2 2 2 2 2 2
left_child=5 -2 3 -3 -5 -1
right_child=1 2 -4 4 -6 -7
leaf_value=0.00038219055169707791 0.0013958578019419594 -0.0022206586163443175 0.0012293991884294061 0.0013629138281608657 -0.0016264608168839669 -0.0018445416565507793
leaf_weight=21 39 33 36 28 22 21
leaf_count=21 39 33 36 28 22 21
internal_value=0 0.000175893 -0.000182782 -0.000856206 0 -0.000614147
internal_weight=200 158 119 83 50 42
internal_count=200 158 119 83 50 42
is_linear=0
shrinkage=0.05


Tree=168
num_leaves=7
num_cat=0
split_feature=3 3 1 0 6 2
split_gain=0.00889085 0.044885 0.0314435 0.0504791 0.0500342 0.040176
threshold=1.1791560607766125 0.8429562258010318 1.1421014948046573 0.59012526187806846 -0.56054493692494511 0.28676327924322481
decision_type=2 2 2 2 2 2
left_child=1 2 3 4 -1 -6
right_child=-2 -3 -4 -5 5 -7
leaf_value=0.0026879592308010976 -0.00091165858310812611 0.0023093699778858308 -0.0016020182003437283 -0.001379167431689523 -0.00092086120901773436 0.0016057411365753391
leaf_weight=26 23 21 30 35 39 26
leaf_count=26 23 21 30 35 39 26
internal_value=0 0.000130763 -0.000131772 0.000179628 0.000834906 1.38889e-05
internal_weight=200 177 156 126 91 65
internal_count=200 177 156 126 91 65
is_linear=0
shrinkage=0.05


Tree=169
num_leaves=7
num_cat=0
split_feature=9 7 6 7 1 1
split_gain=0.00768606 0.0538988 0.0566701 0.0428433 0.0763114 0.0648647
threshold=0.40601699904274541 -0.37968817588971138 0.22311312672206482 -0.14323352037145445 0.05191326338887798 0.095938981053092703
decision_type=2 2 2 2 2 2
left_child=3 -2 -3 5 -5 -1
right_child=1 2 -4 4 -6 -7
leaf_value=0.0032081441664363283 -0.0025030937526223343 -0.0009694527379147176 0.0020927009891849218 -0.0023834541049588265 0.00096709417070439902 -0.00013756618132397162
leaf_weight=25 22 32 27 31 35 28
leaf_count=25 22 32 27 31 35 28
internal_value=0 -0.00036653 0.000348439 0.000264302 -0.00053223 0.00134951
internal_weight=200 81 59 119 66 53
internal_count=200 81 59 119 66 53
is_linear=0
shrinkage=0.05


Tree=170
num_leaves=8
num_cat=0
split_feature=5 5 9 9 2 7 0
split_gain=0.00825042 0.0302867 0.0424201 0.0401122 0.0361801 0.0359654 0.00380476
threshold=-1.2223919583666392 -0.476704862485478 -0.30229839111583084 0.19547561438371558 0.076313224626990861 0.31274874356940502 -0.085877667947008351
decision_type=2 2 2 2 2 2 2
left_child=-1 6 4 -4 -3 -5 -2
right_child=1 2 3 5 -6 -7 -8
leaf_value=0.00081810059053376597 -0.0019073229057988 0.00011711012204715691 0.0025519605779527931 -0.00094790959881612823 -0.0025657210119105689 0.0014819587585416846 -0.00045968171604136577
leaf_weight=27 21 25 26 32 20 28 21
leaf_count=27 21 25 26 32 20 28 21
internal_value=0 -0.000119896 0.000222653 0.000903848 -0.00096744 0.000103413 -0.00130508
internal_weight=200 173 131 86 45 60 42
internal_count=200 173 131 86 45 60 42
is_linear=0
shrinkage=0.05


Tree=171
num_leaves=8
num_cat=0
split_feature=2 5 9 5 9 5 0
split_gain=0.00746428 0.019062 0.0429048 0.034921 0.0334058 0.0644707 0.0466076
threshold=-1.0099812928652321 0.44120769376490404 0.98829560984475029 1.031484971337769 0.40601699904274541 -0.70876392157612755 0.079078012346146212
decision_type=2 2 2 2 2 2 2
left_child=-1 2 4 -3 5 -2 -7
right_child=1 3 -4 -5 -6 6 -8
leaf_value=-0.00071889942951277642 0.0015885662229078855 0.0023085633517276358 0.0017589185572317824 -0.00017181018745875452 -0.002381398403865382 0.00021670510278857166 -0.0028149751360079206
leaf_weight=30 31 25 22 25 22 20 25
leaf_count=30 31 25 22 25 22 20 25
internal_value=0 0.000135097 -0.000171961 0.000970709 -0.000657743 -9.06136e-05 -0.0013592
internal_weight=200 170 120 50 98 76 45
internal_count=200 170 120 50 98 76 45
is_linear=0
shrinkage=0.05


Tree=172
num_leaves=7
num_cat=0
split_feature=3 3 2 5 5 8
split_gain=0.00765018 0.0418706 0.0255479 0.0401505 0.0411842 0.109274
threshold=1.1791560607766125 0.8429562258010318 -1.0099812928652321 -1.0948773304761479 -0.15279347726455431 -0.34314602552799572
decision_type=2 2 2 2 2 2
left_child=1 2 -1 -4 -5 -6
right_child=-2 -3 3 4 5 -7
leaf_value=-0.00168335409673713 -0.00084926974697611046 0.0022234163035184003 0.0019704707333995839 -0.0016513012259548423 0.0034429353533833511 -0.00080251411558538972
leaf_weight=23 23 21 24 37 21 51
leaf_count=23 23 21 24 37 21 51
internal_value=0 0.000117962 -0.000134676 9.66381e-05 -0.000271547 0.000369452
internal_weight=200 177 156 133 109 72
internal_count=200 177 156 133 109 72
is_linear=0
shrinkage=0.05


Tree=173
num_leaves=8
num_cat=0
split_feature=4 6 5 9 9 4 9
split_gain=0.00760348 0.041831 0.0439454 0.0428551 0.0385828 0.0291195 0.0189021
threshold=-0.17284956211234459 -0.68227132361849663 0.10867640870088148 -0.053470711242552503 -0.74916025757631621 -0.92338868421218845 0.44615561411872789
decision_type=2 2 2 2 2 2 2
left_child=4 -2 3 -3 -1 -6 -7
right_child=1 2 -4 -5 5 6 -8
leaf_value=0.0014310574800758368 0.0017911921561979815 0.0024345146896391739 -0.0016732473183752293 -0.00043834661001824685 0.00026691963689807818 -0.00044742830130109441 -0.0029994520055250593
leaf_weight=20 33 20 35 31 21 20 20
leaf_count=20 33 20 35 31 21 20 20
internal_value=0 0.000259099 -0.000272123 0.000592978 -0.000368508 -0.00104174 -0.00185243
internal_weight=200 119 86 51 81 61 40
internal_count=200 119 86 51 81 61 40
is_linear=0
shrinkage=0.05


Tree=174
num_leaves=8
num_cat=0
split_feature=8 5 1 5 2 1 8
split_gain=0.00966657 0.0912983 0.0236515 0.0462392 0.0352925 0.0311167 0.0309398
threshold=-0.54599136229516632 -0.15279347726455431 -0.034958492301967341 -0.058179031203032937 -0.0097840681389136201 0.67634740584875586 0.28599075041299965
decision_type=2 2 2 2 2 2 2
left_child=1 -1 3 -2 6 -6 -4
right_child=2 -3 4 -5 5 -7 -8
leaf_value=-0.0025729124904717931 0.00091041200825220522 0.001610876460362113 0.0032844740044863062 -0.0016721699499798752 0.0010596363989997663 -0.0016303590526665327 0.00019810077368249344
leaf_weight=28 30 23 20 37 22 20 20
leaf_count=28 30 23 20 37 22 20 20
internal_value=0 -0.000588798 0.000208004 -0.000441641 0.000799604 -0.000103379 0.00187032
internal_weight=200 51 149 67 82 42 40
internal_count=200 51 149 67 82 42 40
is_linear=0
shrinkage=0.05


Tree=175
num_leaves=8
num_cat=0
split_feature=3 5 1 4 5 0 3
split_gain=0.00785047 0.0403086 0.0433486 0.0503248 0.0381924 0.045421 0.0294724
threshold=0.077262375494543192 -1.0187029228179476 -0.50452283143810328 0.17011313108200996 -0.79488404386641032 0.38632202673513577 0.70865380239478815
decision_type=2 2 2 2 2 2 2
left_child=1 -1 -3 -4 -2 6 -6
right_child=4 2 3 -5 5 -7 -8
leaf_value=0.002278582403939482 -0.0022695596547639783 0.0016551784713798924 0.00041161866185795585 -0.0024628442692242267 -5.6337763878156936e-05 -0.001474947114629719 0.0021089569713497896
leaf_weight=21 20 22 28 28 25 27 29
leaf_count=21 20 22 28 28 25 27 29
internal_value=0 0.000323089 -0.000141613 -0.000938314 -0.000302994 0.000123126 0.00101583
internal_weight=200 99 78 56 101 81 54
internal_count=200 99 78 56 101 81 54
is_linear=0
shrinkage=0.05


Tree=176
num_leaves=8
num_cat=0
split_feature=8 8 4 8 9 7 9
split_gain=0.0089457 0.0319294 0.0227162 0.0552837 0.0532696 0.0260333 0.0378139
threshold=-0.54599136229516632 -1.0153646948044228 0.62169092603662379 -0.20301925959018771 0.23361173680091163 0.290393031021634 -0.21078200449219345
decision_type=2 2 2 2 2 2 2
left_child=1 -1 3 -2 -4 6 -5
right_child=2 -3 4 5 -6 -7 -8
leaf_value=0.00061178410781307843 0.0020244253129272707 -0.0017924742535189676 -0.0003754097514816723 0 0.0030076926966943729 0.00025757079228303631 -0.0026249734715765895
leaf_weight=24 22 27 21 24 21 31 30
leaf_count=24 22 27 21 24 21 31 30
internal_value=0 -0.000564228 0.000202208 -0.000143716 0.0012005 -0.000765356 -0.0014444
internal_weight=200 51 149 107 42 85 54
internal_count=200 51 149 107 42 85 54
is_linear=0
shrinkage=0.05


Tree=177
num_leaves=8
num_cat=0
split_feature=5 0 3 9 1 5 0
split_gain=0.00806843 0.0514108 0.0791379 0.0378134 0.0371525 0.0727923 0.0654179
threshold=-0.476704862485478 -0.41282134652725405 0.077262375494543192 -0.57635505508391427 -0.20929739023285057 0.59729417788312478 -0.052178855134359665
decision_type=2 2 2 2 2 2 2
left_child=1 -1 -3 -2 5 -5 -6
right_child=3 2 -4 4 6 -7 -8
leaf_value=-0.0023912350987830072 -0.0012260240195708354 0.0025100560901354209 -0.0015801931686100985 0.003698711279350723 0.0017466606987840624 -0.00011561084582836705 -0.0017007856694764866
leaf_weight=23 31 24 22 24 25 21 30
leaf_count=23 31 24 22 24 25 21 30
internal_value=0 -0.000429341 0.000446206 0.000238122 0.000742728 0.00181152 -4.26945e-05
internal_weight=200 69 46 131 100 45 55
internal_count=200 69 46 131 100 45 55
is_linear=0
shrinkage=0.05


Tree=178
num_leaves=8
num_cat=0
split_feature=8 5 1 5 2 1 8
split_gain=0.00853255 0.0803758 0.0232815 0.0419649 0.0313043 0.0278454 0.026752
threshold=-0.54599136229516632 -0.15279347726455431 -0.034958492301967341 -0.058179031203032937 -0.0097840681389136201 0.67634740584875586 0.28599075041299965
decision_type=2 2 2 2 2 2 2
left_child=1 -1 3 -2 6 -6 -4
right_child=2 -3 4 -5 5 -7 -8
leaf_value=-0.0024184938832308377 0.0008322787604161672 0.0015030357876824804 0.0031107581125581589 -0.0016217810671645995 0.0010377714721743036 -0.0015120742837921601 0.0002122003962725994
leaf_weight=28 30 23 20 37 22 20 20
leaf_count=28 30 23 20 37 22 20 20
internal_value=0 -0.000552633 0.000195956 -0.00044883 0.0007836 -5.83835e-05 0.00179031
internal_weight=200 51 149 67 82 42 40
internal_count=200 51 149 67 82 42 40
is_linear=0
shrinkage=0.05


Tree=179
num_leaves=8
num_cat=0
split_feature=8 5 1 5 2 1 8
split_gain=0.00763696 0.0726726 0.0210467 0.0379695 0.0284475 0.0251537 0.0238172
threshold=-0.54599136229516632 -0.15279347726455431 -0.034958492301967341 -0.058179031203032937 -0.0097840681389136201 0.67634740584875586 0.28599075041299965
decision_type=2 2 2 2 2 2 2
left_child=1 -1 3 -2 6 -6 -4
right_child=2 -3 4 -5 5 -7 -8
leaf_value=-0.0022979995537403424 0.00079080300882112143 0.0014282093456950346 0.0029559940610553569 -0.0015409105575349773 0.00098611774182208391 -0.0014368467468453285 0.00020164322821580947
leaf_weight=28 30 23 20 37 22 20 20
leaf_count=28 30 23 20 37 22 20 20
internal_value=0 -0.000520199 0.000187904 -0.000422721 0.000747638 -4.95824e-05 0.00170744
internal_weight=200 51 149 67 82 42 40
internal_count=200 51 149 67 82 42 40
is_linear=0
shrinkage=0.05


Tree=180
num_leaves=7
num_cat=0
split_feature=4 9 6 5 9 5
split_gain=0.00794755 0.0360231 0.0357806 0.0366059 0.0350981 0.0306259
threshold=-0.17284956211234459 -0.74916025757631621 -0.68227132361849663 0.10867640870088148 -0.053470711242552503 0.10867640870088148
decision_type=2 2 2 2 2 2
left_child=1 -1 -2 4 -4 -3
right_child=2 5 3 -5 -6 -7
leaf_value=0.0013613835621198909 0.0016852780977929039 -0.0021981652629644933 0.0022343502542124458 -0.0015016322674235047 -0.00035134112287216917 0
leaf_weight=20 33 29 20 35 31 32
leaf_count=20 33 29 20 35 31 32
internal_value=0 -0.00037227 0.000269178 -0.000217463 0.000567196 -0.00102381
internal_weight=200 81 119 86 51 61
internal_count=200 81 119 86 51 61
is_linear=0
shrinkage=0.05


Tree=181
num_leaves=7
num_cat=0
split_feature=3 3 2 4 7 7
split_gain=0.0074689 0.0362015 0.0234808 0.034183 0.0410284 0.0804703
threshold=1.1791560607766125 0.8429562258010318 -1.0099812928652321 0.68601774066871213 -0.45565340474154908 0.51605875240952903
decision_type=2 2 2 2 2 2
left_child=1 2 -1 4 -4 -6
right_child=-2 -3 3 -5 5 -7
leaf_value=-0.0016003753296482616 -0.00083597334932326243 0.0020771095822719743 0.0010658138443587102 0.0014245165029987492 -0.0026615998186353051 0.00078480443237780256
leaf_weight=23 23 21 31 37 37 28
leaf_count=23 23 21 31 37 37 28
internal_value=0 0.000119494 -0.000113162 0.000107468 -0.000349069 -0.00110126
internal_weight=200 177 156 133 96 65
internal_count=200 177 156 133 96 65
is_linear=0
shrinkage=0.05


Tree=182
num_leaves=8
num_cat=0
split_feature=8 5 1 9 5 0 8
split_gain=0.00743984 0.0652356 0.0189805 0.0363822 0.0637244 0.0243313 0.0423611
threshold=-0.54599136229516632 -0.15279347726455431 -0.034958492301967341 0.58255486527867095 -0.058179031203032937 0.28011584133812589 0.32289891672705934
decision_type=2 2 2 2 2 2 2
left_child=1 -1 3 4 -2 6 -4
right_child=2 -3 5 -5 -6 -7 -8
leaf_value=-0.0021973815715119398 0.00049255316606745933 0.0013276438419283793 0.0016082816376567098 0.0010089628647018476 -0.0032257617261614736 0.001692795392817242 -0.0014299871318368797
leaf_weight=28 20 23 21 25 22 36 25
leaf_count=28 20 23 21 25 22 36 25
internal_value=0 -0.00051033 0.000188383 -0.000388436 -0.00133941 0.000720487 0
internal_weight=200 51 149 67 42 82 46
internal_count=200 51 149 67 42 82 46
is_linear=0
shrinkage=0.05


Tree=183
num_leaves=7
num_cat=0
split_feature=0 0 2 1 7 5
split_gain=0.00738973 0.014567 0.0242624 0.0283365 0.046425 0.0345052
threshold=0.98143087147855501 0.67040357000334094 0.63327937351919183 -0.91401970063946847 -0.16357954804292413 -0.476704862485478
decision_type=2 2 2 2 2 2
left_child=1 2 3 -1 -5 -6
right_child=-2 -3 -4 4 5 -7
leaf_value=0.0011583755613785785 -0.00080849085200222445 0.0013615744161944818 0.0010307062015918742 0.00060074285616721181 -0.003408199439371996 -0.0006641506764931592
leaf_weight=21 24 21 39 33 20 42
leaf_count=21 24 21 39 33 20 42
internal_value=0 0.000124308 -1.18545e-05 -0.000406023 -0.000805268 -0.00163391
internal_weight=200 176 155 116 95 62
internal_count=200 176 155 116 95 62
is_linear=0
shrinkage=0.05


Tree=184
num_leaves=8
num_cat=0
split_feature=7 7 1 8 1 0 4
split_gain=0.00816785 0.0250782 0.0349719 0.0661948 0.0390871 0.0629906 0.0202742
threshold=-0.71341139243060037 -0.16357954804292413 -0.91401970063946847 -0.52181356055186601 -0.034958492301967341 0.10122652774700015 0.073151886678842634
decision_type=2 2 2 2 2 2 2
left_child=6 -2 -3 -4 -5 -6 -1
right_child=1 2 3 4 5 -7 -8
leaf_value=0.00025195231349354954 0.0012905079225921416 0.0016952829347432253 -0.0026886924025619819 -0.0015077005043558406 -0.00042917119153506808 0.0030200906148458496 -0.0017945632153765221
leaf_weight=22 39 20 27 22 28 22 20
leaf_count=22 39 20 27 22 28 22 20
internal_value=0 0.000177322 -0.000146299 -0.000570126 0.000157616 0.000991702 -0.000605762
internal_weight=200 158 119 99 72 50 42
internal_count=200 158 119 99 72 50 42
is_linear=0
shrinkage=0.05


Tree=185
num_leaves=7
num_cat=0
split_feature=3 7 4 7 7 5
split_gain=0.00790844 0.0172826 0.0221817 0.0562499 0.0543685 0.0391707
threshold=-1.289912086072208 1.1437659621030516 0.80623386216812409 0.31274874356940502 -0.89289114634625366 -0.28088768487636445
decision_type=2 2 2 2 2 2
left_child=-1 2 3 4 -2 -6
right_child=1 -3 -4 -5 5 -7
leaf_value=0.00092690878115170663 0.0018404310649801127 -0.0013533956305552817 -0.00095880237662778151 0.002269928391657506 0.0002819657448788581 -0.0020774719067991106
leaf_weight=21 23 24 37 31 28 36
leaf_count=21 23 24 37 31 28 36
internal_value=0 -9.57743e-05 6.7464e-05 0.000432136 -0.000167159 -0.000968385
internal_weight=200 179 155 118 87 64
internal_count=200 179 155 118 87 64
is_linear=0
shrinkage=0.05


Tree=186
num_leaves=7
num_cat=0
split_feature=7 7 1 1 3 0
split_gain=0.00816449 0.0239656 0.0305289 0.0614074 0.0341711 0.0183273
threshold=-0.71341139243060037 -0.16357954804292413 -0.91401970063946847 0.05191326338887798 -0.48460923203808609 -0.026270931897890083
decision_type=2 2 2 2 2 2
left_child=5 -2 -3 -4 -5 -1
right_child=1 2 3 4 -6 -7
leaf_value=0.00024141025446990937 0.001265463002322032 0.0015782664968998204 -0.0021663079010649029 0.0019262929875363327 -0.00044233937845434375 -0.0016866998751405009
leaf_weight=21 39 20 37 23 39 21
leaf_count=21 39 20 37 23 39 21
internal_value=0 0.000177322 -0.000138077 -0.00053651 0.000357518 -0.000605596
internal_weight=200 158 119 99 62 42
internal_count=200 158 119 99 62 42
is_linear=0
shrinkage=0.05


Tree=187
num_leaves=8
num_cat=0
split_feature=4 4 2 9 0 9 5
split_gain=0.00749624 0.0337662 0.0352173 0.0428626 0.0495049 0.0336759 0.0283082
threshold=-0.17284956211234459 0.073151886678842634 -0.62576790114282188 0.58255486527867095 0.13721357584674315 -0.74916025757631621 0.10867640870088148
decision_type=2 2 2 2 2 2 2
left_child=5 -2 -3 4 -4 -1 -7
right_child=1 2 3 -5 -6 6 -8
leaf_value=0.0013158751633110925 0.0020411277631280848 -0.0017413710212461145 0.0010992592147762972 0.0022262080576577223 -0.0020245027786344907 -0.0021176627413965793 0
leaf_weight=20 22 25 25 23 24 29 32
leaf_count=20 22 25 25 23 24 29 32
internal_value=0 0.000265548 -8.73545e-05 0.000419227 -0.000329921 -0.000357104 -0.000988711
internal_weight=200 119 97 72 49 81 61
internal_count=200 119 97 72 49 81 61
is_linear=0
shrinkage=0.05


Tree=188
num_leaves=7
num_cat=0
split_feature=7 7 9 0 2 4
split_gain=0.007647 0.0216066 0.0331715 0.0659055 0.0380061 0.0175308
threshold=-0.71341139243060037 -0.16357954804292413 0.68790205687404715 -0.41282134652725405 -0.083961719798484977 0.073151886678842634
decision_type=2 2 2 2 2 2
left_child=5 -2 3 -3 -5 -1
right_child=1 2 -4 4 -6 -7
leaf_value=0.00019723372407493548 0.0012068494481494284 -0.0031296663789599426 0.0010886844797085692 0.0012666764040969965 -0.0012009517016062111 -0.0016887796644251146
leaf_weight=22 39 21 36 33 29 20
leaf_count=22 39 21 36 33 29 20
internal_value=0 0.000173515 -0.000123889 -0.00071067 3.18727e-05 -0.000583981
internal_weight=200 158 119 83 62 42
internal_count=200 158 119 83 62 42
is_linear=0
shrinkage=0.05


Tree=189
num_leaves=8
num_cat=0
split_feature=3 7 1 4 8 4 9
split_gain=0.00719124 0.0160968 0.0210495 0.01896 0.0437163 0.0618308 0.0292918
threshold=-1.289912086072208 0.68377607868553192 0.095938981053092703 0.62169092603662379 -0.22609407689722497 -0.023653675461537578 -0.21078200449219345
decision_type=2 2 2 2 2 2 2
left_child=-1 3 -3 4 -2 6 -6
right_child=1 2 -4 -5 5 -7 -8
leaf_value=0.00088671547541686153 0.0011114004066821459 -0.0021360057480262584 0 0.0010896240084734567 0.0014348948986005429 -0.0033201157266566001 -0.0011741295731041855
leaf_weight=21 37 20 20 39 20 20 23
leaf_count=21 37 20 20 39 20 20 23
internal_value=0 -8.80307e-05 -0.000987237 0.000135312 -0.000187636 -0.00103035 0
internal_weight=200 179 40 139 100 63 43
internal_count=200 179 40 139 100 63 43
is_linear=0
shrinkage=0.05


Tree=190
num_leaves=8
num_cat=0
split_feature=4 6 9 4 3 3 4
split_gain=0.00774343 0.0323395 0.0612409 0.0298717 0.0342013 0.0617333 0.0544364
threshold=-0.17284956211234459 -0.78551852212223794 -0.27929895437471391 0.073151886678842634 0.8429562258010318 -0.64846967926451671 0.68601774066871213
decision_type=2 2 2 2 2 2 2
left_child=1 -1 -3 -2 5 -5 -7
right_child=3 2 -4 4 -6 6 -8
leaf_value=-0.0020134496890936611 0.0019403000288470166 0.0024037282679989155 -0.00093030671095915547 0.00096598403001281995 0.0015642029624351691 -0.0038029354227827254 -8.2508217365968676e-06
leaf_weight=22 22 21 38 31 23 20 23
leaf_count=22 22 21 38 31 23 20 23
internal_value=0 -0.000360336 0.000173841 0.000272261 -5.61731e-05 -0.000628711 -0.00189396
internal_weight=200 81 59 119 97 74 43
internal_count=200 81 59 119 97 74 43
is_linear=0
shrinkage=0.05


Tree=191
num_leaves=8
num_cat=0
split_feature=0 0 1 0 0 1 4
split_gain=0.00836201 0.0277992 0.0360908 0.0480249 0.0320158 0.044516 0.0260051
threshold=0.59012526187806846 0.30792615419808084 -0.85175710570357788 -0.052178855134359665 -0.41282134652725405 0.21207313837254302 -0.17284956211234459
decision_type=2 2 2 2 2 2 2
left_child=1 2 -1 4 5 -4 -2
right_child=6 -3 3 -5 -6 -7 -8
leaf_value=0.0016043795621470854 -0.0019170991268662196 0.0016630773023595669 -0.0024109299387319468 -0.002256913437216808 0.0016369904718010132 0.00065302407569381828 0.00026753342701153104
leaf_weight=24 21 27 20 29 24 25 30
leaf_count=24 21 27 20 29 24 25 30
internal_value=0 0.000204168 -7.8853e-05 -0.000543257 0.000106841 -0.000600195 -0.000536165
internal_weight=200 149 122 98 69 45 51
internal_count=200 149 122 98 69 45 51
is_linear=0
shrinkage=0.05


Tree=192
num_leaves=7
num_cat=0
split_feature=3 3 1 5 6 5
split_gain=0.00678238 0.029939 0.0259473 0.0206121 0.0358254 0.0219156
threshold=1.1791560607766125 0.8429562258010318 1.1421014948046573 -1.0948773304761479 0.27649602086819425 0.42917437219935917
decision_type=2 2 2 2 2 2
left_child=1 2 3 -1 5 -5
right_child=-2 -3 -4 4 -6 -7
leaf_value=0.0015548786676581547 -0.00078752584215172972 0.0019016268089307711 -0.001427263934381826 -0.00012755625752632117 -0.0014311187944471935 0.0015709805218781349
leaf_weight=23 23 21 30 39 34 30
leaf_count=23 23 21 30 39 34 30
internal_value=0 0.000121848 -8.67715e-05 0.000193621 -6.30658e-05 0.000539784
internal_weight=200 177 156 126 103 69
internal_count=200 177 156 126 103 69
is_linear=0
shrinkage=0.05


Tree=193
num_leaves=8
num_cat=0
split_feature=4 2 3 5 3 7 7
split_gain=0.00676986 0.0294607 0.0279948 0.0318189 0.0305599 0.0207503 0.0392786
threshold=-0.085521822524017271 0.8698368253972073 0.077262375494543192 -0.15279347726455431 0.8429562258010318 -0.14323352037145445 0.34101924767434805
decision_type=2 2 2 2 2 2 2
left_child=5 2 3 -2 -4 -1 -7
right_child=1 -3 4 -5 -6 6 -8
leaf_value=0.00049669537742150422 0 -0.0013726929237426661 -0.0012850074002954581 0.0029605844964134204 0.001257902167084234 -0.002723736589107273 0
leaf_weight=38 21 20 26 22 21 20 32
leaf_count=38 21 20 26 22 21 20 32
internal_value=0 0.000277538 0.000700866 0.00162749 -4.23982e-05 -0.000306133 -0.000988612
internal_weight=200 110 90 43 47 90 52
internal_count=200 110 90 43 47 90 52
is_linear=0
shrinkage=0.05


Tree=194
num_leaves=8
num_cat=0
split_feature=1 1 5 5 1 4 8
split_gain=0.00660253 0.037231 0.0251039 0.0425653 0.0214499 0.0273716 0.0273249
threshold=0.05191326338887798 -0.18965921797176757 0.23629185763565297 -0.476704862485478 0.49055315082708467 0.54605715478692607 0.10997349839977005
decision_type=2 2 2 2 2 2 2
left_child=1 2 3 -1 -2 6 -6
right_child=4 -3 -4 -5 5 -7 -8
leaf_value=-0.00044775067329830471 0.001518383035539371 -0.0021553463271655744 -0.00074024191410009888 0.0024729662656946361 4.3215587465471795e-05 0.0010162009987212026 -0.0023087052461593901
leaf_weight=21 27 21 36 24 22 29 20
leaf_count=21 27 21 36 24 22 29 20
internal_value=0 -0.000264932 0.000165576 0.00100113 0.00030856 -8.26788e-05 -0.000960805
internal_weight=200 102 81 45 98 71 42
internal_count=200 102 81 45 98 71 42
is_linear=0
shrinkage=0.05


Tree=195
num_leaves=8
num_cat=0
split_feature=0 0 4 9 0 8 5
split_gain=0.00762935 0.0245316 0.0245964 0.0226554 0.0214264 0.0192115 0.015536
threshold=0.59012526187806846 0.30792615419808084 0.57618336971590733 -0.41589938438742385 -0.13638236272716078 0.030161262598113903 -0.15279347726455431
decision_type=2 2 2 2 2 2 2
left_child=1 2 4 -2 6 -4 -1
right_child=3 -3 5 -5 -6 -7 -8
leaf_value=-0.0010190541297660687 -0.0018503349172461093 0.0015662838861250018 0 0.0001949416557356859 -0.0016150717796160144 0.0019461126333782316 0.00078575572181377841
leaf_weight=20 20 27 20 31 32 21 29
leaf_count=20 20 27 20 31 32 21 29
internal_value=0 0.000195742 -6.76588e-05 -0.000511332 -0.00060988 0.000880783 0
internal_weight=200 149 122 51 81 41 49
internal_count=200 149 122 51 81 41 49
is_linear=0
shrinkage=0.05


Tree=196
num_leaves=7
num_cat=0
split_feature=0 0 2 9 7 0
split_gain=0.00681767 0.0118057 0.0196908 0.0301192 0.0753984 0.0646273
threshold=0.98143087147855501 0.67040357000334094 0.63327937351919183 0.85132753845485853 0.45796664919111035 -0.13638236272716078
decision_type=2 2 2 2 2 2
left_child=1 2 3 4 5 -1
right_child=-2 -3 -4 -5 -6 -7
leaf_value=0.0017599893234162729 -0.00077321177804494802 0.0012343838488709589 0.00094018416977046857 0.00095939996853931667 -0.003104916209010657 -0.0014828937129683529
leaf_weight=30 24 21 39 29 26 31
leaf_count=30 24 21 39 29 26 31
internal_value=0 0.000122343 0 -0.000355401 -0.000851672 3.0404e-05
internal_weight=200 176 155 116 87 61
internal_count=200 176 155 116 87 61
is_linear=0
shrinkage=0.05


Tree=197
num_leaves=7
num_cat=0
split_feature=3 3 1 0 6 0
split_gain=0.00682526 0.0272099 0.021496 0.0445797 0.0323045 0.0256096
threshold=1.1791560607766125 0.8429562258010318 1.1421014948046573 0.59012526187806846 -0.53229006343190233 -0.17992183429944475
decision_type=2 2 2 2 2 2
left_child=1 2 3 4 -1 -6
right_child=-2 -3 -4 -5 5 -7
leaf_value=0.0022129802957999113 -0.00079223147847435694 0.0018170230783592749 -0.0012991343018447245 -0.0012861338924308788 -0.00099200383361387734 0.0010227013201729478
leaf_weight=28 23 21 30 35 27 36
leaf_count=28 23 21 30 35 27 36
internal_value=0 0.000120344 -7.70422e-05 0.000175081 0.000792766 7.98132e-05
internal_weight=200 177 156 126 91 63
internal_count=200 177 156 126 91 63
is_linear=0
shrinkage=0.05


Tree=198
num_leaves=7
num_cat=0
split_feature=6 5 6 7 6 2
split_gain=0.00658079 0.0419018 0.0347315 0.0246663 0.0227352 0.0244594
threshold=-0.17713117266070152 0.27959134229497307 -1.0292394857285847 0.68377607868553192 0.098220931421532071 0.052601104911993962
decision_type=2 2 2 2 2 2
left_child=1 2 -1 4 -2 -6
right_child=3 -3 -4 -5 5 -7
leaf_value=0.00010852421532760108 0.0021180762327802937 0.0010080322409414452 -0.0022756770041385357 -0.00097645163756015108 -0.00054318398358407522 0.0014259357691790717
leaf_weight=22 22 33 32 27 39 25
leaf_count=22 22 33 32 27 39 25
internal_value=0 -0.00031326 -0.00121351 0.000264369 0.000712683 0.000149025
internal_weight=200 87 54 113 86 64
internal_count=200 87 54 113 86 64
is_linear=0
shrinkage=0.05


Tree=199
num_leaves=7
num_cat=0
split_feature=7 7 9 4 4 7
split_gain=0.00675417 0.0170425 0.0268398 0.0296946 0.0375686 0.014513
threshold=-0.71341139243060037 -0.16357954804292413 0.68790205687404715 -0.10129883819559048 0.7347419871540064 -1.044328942796515
decision_type=2 2 2 2 2 2
left_child=5 -2 3 -3 -5 -1
right_child=1 2 -4 4 -6 -7
leaf_value=0.00018095932106412414 0.0010814056316119098 -0.0017973378494106165 0.00099033897967075219 0.0013520367849487488 -0.0013893419927264233 -0.0015123036219981186
leaf_weight=21 39 33 36 28 22 21
leaf_count=21 39 33 36 28 22 21
internal_value=0 0.000163378 -9.61618e-05 -0.000628208 4.56642e-05 -0.000548488
internal_weight=200 158 119 83 50 42
internal_count=200 158 119 83 50 42
is_linear=0
shrinkage=0.05


Tree=200
num_leaves=7
num_cat=0
split_feature=9 7 6 7 1 1
split_gain=0.00674391 0.0460325 0.0448138 0.0279714 0.0517679 0.0483763
threshold=0.40601699904274541 -0.37968817588971138 0.27649602086819425 -0.14323352037145445 0.095938981053092703 0.05191326338887798
decision_type=2 2 2 2 2 2
left_child=3 -2 -3 4 -1 -5
right_child=1 2 -4 5 -6 -7
leaf_value=0.0027989400877242543 -0.0023137656204840714 -0.00068063712807841744 0.0020940168329325074 -0.0018639152910758011 -0.00018153209802678047 0.00079758308424569271
leaf_weight=25 22 36 23 31 28 35
leaf_count=25 22 36 23 31 28 35
internal_value=0 -0.000337034 0.000318118 0.000253398 0.00113281 -0.0003778
internal_weight=200 81 59 119 53 66
internal_count=200 81 59 119 53 66
is_linear=0
shrinkage=0.05


Tree=201
num_leaves=7
num_cat=0
split_feature=5 9 2 9 0 2
split_gain=0.00721853 0.0215154 0.0675406 0.0382763 0.0290153 0.0488382
threshold=-1.2223919583666392 -0.30229839111583084 0.10016094044642973 0.19547561438371558 0.38632202673513577 1.0000000180025095e-35
decision_type=2 2 2 2 2 2
left_child=-1 2 -2 -3 5 -5
right_child=1 3 -4 4 -6 -7
leaf_value=0.00077043797166131414 0.00049724645935857778 0.0017138637134733571 -0.0028305013417855075 -0.00095573105573479387 -0.0018964653243244542 0.0018586649748452034
leaf_weight=27 32 33 26 34 21 27
leaf_count=27 32 33 26 34 21 27
internal_value=0 -0.000106422 -0.000910748 0.000256237 -0.000270841 0.000209155
internal_weight=200 173 58 115 82 61
internal_count=200 173 58 115 82 61
is_linear=0
shrinkage=0.05


Tree=202
num_leaves=8
num_cat=0
split_feature=5 5 9 1 5 0 0
split_gain=0.00649755 0.0202167 0.0303937 0.028769 0.0605865 0.0458455 0.00146492
threshold=-1.2223919583666392 -0.476704862485478 -0.57635505508391427 -0.20929739023285057 0.59729417788312478 -0.052178855134359665 -0.085877667947008351
decision_type=2 2 2 2 2 2 2
left_child=-1 6 -3 4 -4 -5 -2
right_child=1 2 3 5 -6 -7 -8
leaf_value=0.00073205821088951674 -0.0015232121006925525 -0.0011357730068865314 0.0033001900822527057 0.0014300303228488897 -0.00016981095949549808 -0.0014516229255889168 -0.00037667121411570441
leaf_weight=27 21 31 24 25 21 30 21
leaf_count=27 21 31 24 25 21 30 21
internal_value=0 -9.9703e-05 0.000174134 0.000630884 0.00157321 -5.08183e-05 -0.00107096
internal_weight=200 173 131 100 45 55 42
internal_count=200 173 131 100 45 55 42
is_linear=0
shrinkage=0.05


Tree=203
num_leaves=7
num_cat=0
split_feature=3 3 1 5 6 5
split_gain=0.00663521 0.0252481 0.0186199 0.019136 0.0300132 0.0174241
threshold=1.1791560607766125 0.8429562258010318 1.1421014948046573 -1.0948773304761479 0.27649602086819425 0.42917437219935917
decision_type=2 2 2 2 2 2
left_child=1 2 3 -1 5 -5
right_child=-2 -3 -4 4 -6 -7
leaf_value=0.001472796147358624 -0.00078679350511174956 0.0017486806614633423 -0.0012136911998109961 -0.00012794440883733425 -0.001342704386110322 0.0013798115898076093
leaf_weight=23 23 21 30 39 34 30
leaf_count=23 23 21 30 39 34 30
internal_value=0 0.000113665 -7.53814e-05 0.000156741 -8.97819e-05 0.000456291
internal_weight=200 177 156 126 103 69
internal_count=200 177 156 126 103 69
is_linear=0
shrinkage=0.05


Tree=204
num_leaves=7
num_cat=0
split_feature=9 9 8 0 0 4
split_gain=0.00662325 0.031009 0.0259062 0.0256752 0.0389849 0.0383717
threshold=0.40601699904274541 0.68790205687404715 0.32289891672705934 0.7220267109355033 0.13721357584674315 0.34496602550163707
decision_type=2 2 2 2 2 2
left_child=3 -2 -3 4 5 -1
right_child=1 2 -4 -5 -6 -7
leaf_value=-0.00035522727751263018 -0.0018691832353302984 -0.00058446539188889942 0.0015266913395081318 0.0016439979731808219 -0.0014251016273222595 0.0021575125041918687
leaf_weight=32 24 33 24 26 36 25
leaf_count=32 24 33 24 26 36 25
internal_value=0 -0.000340319 0.000217994 0.000245281 -9.33985e-05 0.000661134
internal_weight=200 81 57 119 93 57
internal_count=200 81 57 119 93 57
is_linear=0
shrinkage=0.05


Tree=205
num_leaves=8
num_cat=0
split_feature=3 9 4 4 3 5 0
split_gain=0.006308 0.0122674 0.0244864 0.0353616 0.0355978 0.0350923 0.0295445
threshold=-1.289912086072208 -0.87044326996788401 -0.18882431182941536 1.0000000180025095e-35 0.8429562258010318 0.13546904780756616 0.17879757604336619
decision_type=2 2 2 2 2 2 2
left_child=-1 -2 5 -4 6 -3 -5
right_child=1 2 3 4 -6 -7 -8
leaf_value=0.00082391157980249105 0.00088983666322442641 -0.0025203852244537785 0.0020414008494131775 0 0.0014513605751504946 0 -0.0022946887166544606
leaf_weight=21 25 25 20 37 20 28 24
leaf_count=21 25 25 20 37 20 28 24
internal_value=0 -8.98751e-05 -0.00028184 0.000131327 -0.000280579 -0.00116212 -0.000931707
internal_weight=200 179 154 101 81 53 61
internal_count=200 179 154 101 81 53 61
is_linear=0
shrinkage=0.05


Tree=206
num_leaves=8
num_cat=0
split_feature=1 1 2 4 0 0 1
split_gain=0.00682545 0.0293146 0.020852 0.0530548 0.0206543 0.031243 0.0118125
threshold=0.05191326338887798 -0.18965921797176757 0.35356261238506298 -0.085521822524017271 0.30792615419808084 -0.052178855134359665 0.84496387796619865
decision_type=2 2 2 2 2 2 2
left_child=1 2 3 -1 5 6 -2
right_child=4 -3 -4 -5 -6 -7 -8
leaf_value=-0.00082501839610643656 0.001313092812665968 -0.0019518451886560537 -0.00090058688874455678 0.0022756842876456383 0.0012975392474440005 -0.0018515288565697065 -0.00017966508925591236
leaf_weight=24 23 21 29 28 35 20 20
leaf_count=24 23 21 29 28 35 20 20
internal_value=0 -0.000277446 9.68768e-05 0.000749785 0.000306311 -0.000166316 0.000503972
internal_weight=200 102 81 52 98 63 43
internal_count=200 102 81 52 98 63 43
is_linear=0
shrinkage=0.05


Tree=207
num_leaves=7
num_cat=0
split_feature=3 3 6 6 1 0
split_gain=0.00655085 0.0221335 0.0184798 0.0386485 0.0248191 0.0276336
threshold=1.1791560607766125 0.8429562258010318 1.0027405419071362 0.25488469790422458 1.1421014948046573 0.59012526187806846
decision_type=2 2 2 2 2 2
left_child=1 2 3 4 5 -1
right_child=-2 -3 -4 -5 -6 -7
leaf_value=0.0010950275097086292 -0.00078612888222802195 0.0016400444166849574 0.0011337993045029532 -0.0020621862126892552 -0.0013439029908751125 -0.00089212724163588897
leaf_weight=60 23 21 25 26 23 22
leaf_count=60 23 21 25 26 23 22
internal_value=0 0.000108928 -6.60712e-05 -0.000333883 4.80588e-05 0.00050055
internal_weight=200 177 156 131 105 82
internal_count=200 177 156 131 105 82
is_linear=0
shrinkage=0.05


Tree=208
num_leaves=8
num_cat=0
split_feature=1 1 5 5 0 0 1
split_gain=0.00632135 0.0264623 0.023659 0.0332287 0.0189177 0.0274148 0.0103062
threshold=0.05191326338887798 -0.18965921797176757 0.23629185763565297 -0.476704862485478 0.30792615419808084 -0.052178855134359665 0.84496387796619865
decision_type=2 2 2 2 2 2 2
left_child=1 2 3 -1 5 6 -2
right_child=4 -3 -4 -5 -6 -7 -8
leaf_value=-0.00035639218919826629 0.001221815138466624 -0.0018617481236032681 -0.00080221453552596135 0.0022018660737116551 0.0012402749831318602 -0.0017403542328236707 -0.00016217622048782175
leaf_weight=21 23 21 36 24 35 20 20
leaf_count=21 23 21 36 24 35 20 20
internal_value=0 -0.00027128 8.11979e-05 0.000899004 0.00029069 -0.000158747 0.000463206
internal_weight=200 102 81 45 98 63 43
internal_count=200 102 81 45 98 63 43
is_linear=0
shrinkage=0.05


Tree=209
num_leaves=6
num_cat=0
split_feature=3 1 2 2 3
split_gain=0.00682838 0.0266773 0.029279 0.0259171 0.0285515
threshold=0.077262375494543192 -0.54902232878446267 0.1954527356394031 0.28676327924322481 -0.7834947858771909
decision_type=2 2 2 2 2
left_child=3 -2 -3 4 -1
right_child=1 2 -4 -5 -6
leaf_value=-0.0013013794046075413 -0.0015844903868715893 0.0011493519961011008 -0.00084349213483155309 0.0014856391902606809 0.00072586446224856592
leaf_weight=33 29 39 33 32 34
leaf_count=33 29 39 33 32 34
internal_value=0 -0.000287721 0.000166714 0.00029632 -0.000198565
internal_weight=200 101 72 99 67
internal_count=200 101 72 99 67
is_linear=0
shrinkage=0.05


Tree=210
num_leaves=7
num_cat=0
split_feature=5 5 9 7 9 0
split_gain=0.00645533 0.0191569 0.0277143 0.0251628 0.0127371 0.00176643
threshold=-1.2223919583666392 -0.476704862485478 -0.57635505508391427 0.39399468460867654 0.23361173680091163 -0.085877667947008351
decision_type=2 2 2 2 2 2
left_child=-1 5 -3 4 -4 -2
right_child=1 2 3 -5 -6 -7
leaf_value=0.00071886124199331905 -0.0015200498136493127 -0.0010951518380589232 0.00073302537616389517 0.0016038904573792514 -0.00069973066539202574 -0.00034909889287363863
leaf_weight=27 21 31 29 38 33 21
leaf_count=27 21 31 29 38 33 21
internal_value=0 -0.000111035 0.000154225 0.00059219 0 -0.00105556
internal_weight=200 173 131 100 62 42
internal_count=200 173 131 100 62 42
is_linear=0
shrinkage=0.05


Tree=211
num_leaves=8
num_cat=0
split_feature=5 5 4 4 2 1 0
split_gain=0.00584971 0.0174472 0.0254835 0.0271482 0.0380845 0.03698 0.00139475
threshold=-1.2223919583666392 -0.476704862485478 -0.7482175872823621 -0.18882431182941536 0.10016094044642973 -0.18965921797176757 -0.085877667947008351
decision_type=2 2 2 2 2 2 2
left_child=-1 6 -3 -4 5 -5 -2
right_child=1 2 3 4 -6 -7 -8
leaf_value=0.00068305082536711465 -0.0014444074906867829 0.0017997807198764746 -0.0014851546468498233 0.002900055801583945 -0.00084616516734837177 0 -0.00033172667247212325
leaf_weight=27 21 20 28 20 36 27 21
leaf_count=27 21 20 28 20 36 27 21
internal_value=0 -0.000106965 0.000144628 -0.000109945 0.000295042 0.00127526 -0.00100894
internal_weight=200 173 131 111 83 47 42
internal_count=200 173 131 111 83 47 42
is_linear=0
shrinkage=0.05


Tree=212
num_leaves=8
num_cat=0
split_feature=1 4 5 6 0 0 1
split_gain=0.00627172 0.0244643 0.0319727 0.0250003 0.017313 0.0266177 0.00933759
threshold=0.05191326338887798 0.80623386216812409 0.68138907804659132 -0.12919833161773669 0.30792615419808084 -0.052178855134359665 0.84496387796619865
decision_type=2 2 2 2 2 2 2
left_child=1 2 3 -1 5 6 -2
right_child=4 -3 -4 -5 -6 -7 -8
leaf_value=-0.00041174452145162702 0.0011887830670003767 -0.0018485846399229405 -0.0015593300039451834 0.0015334860259057347 0.0011931076184957569 -0.0017027166704485072 -0.00010870467426616753
leaf_weight=24 23 20 21 37 35 20 20
leaf_count=24 23 20 21 37 35 20 20
internal_value=0 -0.000275114 4.95423e-05 0.000686895 0.000284703 -0.000141817 0.000470439
internal_weight=200 102 82 61 98 63 43
internal_count=200 102 82 61 98 63 43
is_linear=0
shrinkage=0.05


Tree=213
num_leaves=8
num_cat=0
split_feature=3 9 7 7 7 9 5
split_gain=0.00600776 0.0115675 0.0209134 0.039337 0.066663 0.0226257 0.00929328
threshold=-1.289912086072208 -0.87044326996788401 0.68377607868553192 -0.34067680349636748 -0.89289114634625366 -0.13725173314581349 0.23629185763565297
decision_type=2 2 2 2 2 2 2
left_child=-1 -2 3 4 -3 -5 -7
right_child=1 2 -4 5 -6 6 -8
leaf_value=0.00079464003072954477 0.00085091115869730116 0.00063903226135334293 -0.0013579382848371341 0.0022056880420276907 -0.0028219834530290745 -0.00040066116810615721 0.00098362197935585841
leaf_weight=21 25 26 35 21 26 26 20
leaf_count=21 25 26 35 21 26 26 20
internal_value=0 -9.73044e-05 -0.000284134 0 -0.000997601 0.000832393 9.35693e-05
internal_weight=200 179 154 119 52 67 46
internal_count=200 179 154 119 52 67 46
is_linear=0
shrinkage=0.05


Tree=214
num_leaves=8
num_cat=0
split_feature=3 5 5 8 5 9 2
split_gain=0.00580687 0.0290213 0.0261756 0.0454445 0.0247182 0.0296401 0.0513898
threshold=0.077262375494543192 -1.0187029228179476 -0.15279347726455431 -0.024826443358606433 -0.79488404386641032 0.68790205687404715 -0.02855393123849061
decision_type=2 2 2 2 2 2 2
left_child=1 -1 -3 -4 -2 6 -6
right_child=4 2 3 -5 5 -7 -8
leaf_value=0.0019329835462132336 -0.0018486089958109665 -0.0014933097740241969 0.0023006813181343519 -0.00062165852553411349 0.00071917592227419783 0.0015859491014041595 -0.0022376787422069039
leaf_weight=21 20 25 21 32 32 24 25
leaf_count=21 20 25 21 32 32 24 25
internal_value=0 0.000271372 -0.000113866 0.00044424 -0.000267219 6.33931e-05 -0.000491772
internal_weight=200 99 78 53 101 81 57
internal_count=200 99 78 53 101 81 57
is_linear=0
shrinkage=0.05


Tree=215
num_leaves=8
num_cat=0
split_feature=3 3 2 1 1 6 9
split_gain=0.00570393 0.0212974 0.0152093 0.0263699 0.0196391 0.0327465 0.0199716
threshold=1.1791560607766125 0.8429562258010318 -1.0099812928652321 1.1421014948046573 -0.35807060396644247 0.098220931421532071 0.40601699904274541
decision_type=2 2 2 2 2 2 2
left_child=1 2 -1 4 6 -6 -4
right_child=-2 -3 3 -5 5 -7 -8
leaf_value=-0.0012774274503062298 -0.000739545463806107 0.0015994714171365257 0.00060924371274047166 -0.001430548701384758 0.0018964529649293336 -0.00032913318447498982 -0.0013687901457396711
leaf_weight=23 23 21 25 22 41 22 23
leaf_count=23 23 21 25 22 41 22 23
internal_value=0 9.5813e-05 -7.54668e-05 9.56289e-05 0.000444134 0.00104073 -0.000235489
internal_weight=200 177 156 133 111 63 48
internal_count=200 177 156 133 111 63 48
is_linear=0
shrinkage=0.05


Tree=216
num_leaves=9
num_cat=0
split_feature=8 5 1 5 9 2 8 3
split_gain=0.00615865 0.0467107 0.0176844 0.0252628 0.039391 0.0311864 0.0274721 0.0114125
threshold=-0.54599136229516632 -0.15279347726455431 1.3752916162299023 -0.058179031203032937 0.68790205687404715 -0.068289288353203872 0.92017734695469133 0.24683385370618136
decision_type=2 2 2 2 2 2 2 2
left_child=1 -1 3 6 5 -5 7 -2
right_child=2 -3 -4 4 -6 -7 -8 -9
leaf_value=-0.0019117864734970456 0.0023648596350196289 0.0010545218911715401 0.0015445657120785902 0 0.0009001193457764189 -0.002789488862513516 -0.00066137500570742722 0.00035645723536745455
leaf_weight=28 20 23 20 20 21 25 21 22
leaf_count=28 20 23 20 20 21 25 21 22
internal_value=0 -0.000476746 0.000159271 -1.7804e-05 -0.000737592 -0.00161302 0.000656995 0.00143495
internal_weight=200 51 149 129 66 45 63 42
internal_count=200 51 149 129 66 45 63 42
is_linear=0
shrinkage=0.05


Tree=217
num_leaves=9
num_cat=0
split_feature=8 5 1 5 9 2 8 4
split_gain=0.00548444 0.042263 0.0159499 0.0227511 0.0357964 0.0279906 0.0250782 0.0403149
threshold=-0.54599136229516632 -0.15279347726455431 1.3752916162299023 -0.058179031203032937 0.68790205687404715 -0.068289288353203872 0.92017734695469133 -0.10129883819559048
decision_type=2 2 2 2 2 2 2 2
left_child=1 -1 3 6 5 -5 7 -2
right_child=2 -3 -4 4 -6 -7 -8 -9
leaf_value=-0.001816537315473358 0 0.0010020240273495968 0.0014677216632486279 0 0.00085532666709256403 -0.0026505701088038571 -0.00062846290455221849 0.0029903890009024248
leaf_weight=28 22 23 20 20 21 25 21 20
leaf_count=28 22 23 20 20 21 25 21 20
internal_value=0 -0.000448101 0.000152126 -1.40919e-05 -0.00069914 -0.00153571 0.000624308 0.00136946
internal_weight=200 51 149 129 66 45 63 42
internal_count=200 51 149 129 66 45 63 42
is_linear=0
shrinkage=0.05


Tree=218
num_leaves=7
num_cat=0
split_feature=9 7 6 7 1 1
split_gain=0.00589644 0.0346916 0.0399327 0.0271624 0.0440575 0.0414014
threshold=0.40601699904274541 -0.37968817588971138 0.22311312672206482 -0.14323352037145445 0.095938981053092703 0.05191326338887798
decision_type=2 2 2 2 2 2
left_child=3 -2 -3 4 -1 -5
right_child=1 2 -4 5 -6 -7
leaf_value=0.0026260908848914017 -0.0020457359519681778 -0.00086520006532006175 0.0017059399057317154 -0.001774711540613437 -0.00010514517540105507 0.00067742595109462401
leaf_weight=25 22 32 27 31 28 35
leaf_count=25 22 32 27 31 28 35
internal_value=0 -0.000329873 0.000227717 0.000222875 0.00109153 -0.000399635
internal_weight=200 81 59 119 53 66
internal_count=200 81 59 119 53 66
is_linear=0
shrinkage=0.05


Tree=219
num_leaves=8
num_cat=0
split_feature=3 7 7 4 1 5 0
split_gain=0.0054212 0.0285421 0.0552008 0.0333496 0.022059 0.0443173 0.0322428
threshold=0.077262375494543192 0.39399468460867654 -0.51381747419074275 0.3126932426391365 -0.54902232878446267 0.39876812111814403 0.079078012346146212
decision_type=2 2 2 2 2 2 2
left_child=1 2 -1 -3 -2 6 -6
right_child=4 3 -4 -5 5 -7 -8
leaf_value=0.0010654313476537471 -0.0014406680923172903 0.0026856629873661243 -0.0019911482297300114 0 0.00033747217525116765 0.0020665890506123153 -0.0021249628468704633
leaf_weight=28 29 21 29 21 29 22 21
leaf_count=28 29 21 29 21 29 22 21
internal_value=0 0.000260558 -0.000402869 0.00127851 -0.000259823 0.000147786 -0.000599127
internal_weight=200 99 57 42 101 72 50
internal_count=200 99 57 42 101 72 50
is_linear=0
shrinkage=0.05


Tree=220
num_leaves=8
num_cat=0
split_feature=5 5 4 4 6 2 7
split_gain=0.00549272 0.0151565 0.0203869 0.0249829 0.0578174 0.0395327 0.000226201
threshold=-1.2223919583666392 -0.476704862485478 -0.7482175872823621 -0.18882431182941536 -0.68227132361849663 -0.083961719798484977 -0.016622041877103408
decision_type=2 2 2 2 2 2 2
left_child=-1 6 -3 -4 -5 -6 -2
right_child=1 2 3 4 5 -7 -8
leaf_value=0.00066032676976449057 -0.00032796010407457006 0.0016091079230475893 -0.0014178041391923121 0.0025173500551087819 0.00074567957069613419 -0.0017347817065140343 -0.0012780941584531001
leaf_weight=27 20 20 28 22 30 31 22
leaf_count=27 20 20 28 22 30 31 22
internal_value=0 -0.00010519 0.000126846 -9.64322e-05 0.000290333 -0.000433826 -0.000946268
internal_weight=200 173 131 111 83 61 42
internal_count=200 173 131 111 83 61 42
is_linear=0
shrinkage=0.05


Tree=221
num_leaves=7
num_cat=0
split_feature=9 1 9 2 2 2
split_gain=0.00510984 0.0261283 0.027321 0.0429356 0.0250424 0.0301969
threshold=0.40601699904274541 -0.5993838341988974 -0.053470711242552503 0.10016094044642973 -0.02855393123849061 0.65305097724421113
decision_type=2 2 2 2 2 2
left_child=1 -1 3 -3 -2 -6
right_child=4 2 -4 -5 5 -7
leaf_value=0.0016934442175436317 -0.0012550483698018202 0.00029960610928213998 0.0011939193428069411 -0.0021274803502584166 0.0019259692823041731 -0.00065992567056107315
leaf_weight=24 39 39 26 30 20 22
leaf_count=24 39 39 26 30 20 22
internal_value=0 0.000206975 -0.000117363 -0.000684842 -0.00030758 0.000454338
internal_weight=200 119 95 69 81 42
internal_count=200 119 95 69 81 42
is_linear=0
shrinkage=0.05


Tree=222
num_leaves=7
num_cat=0
split_feature=7 7 9 0 2 7
split_gain=0.00502231 0.0160979 0.0179231 0.0513635 0.0231988 0.0109413
threshold=-0.71341139243060037 -0.16357954804292413 0.68790205687404715 -0.41282134652725405 -0.083961719798484977 -1.044328942796515
decision_type=2 2 2 2 2 2
left_child=5 -2 3 -3 -5 -1
right_child=1 2 -4 4 -6 -7
leaf_value=0.00011831477099049711 0.0010249433725181482 -0.0027037884422105637 0.00075021071225363472 0.0010612244787590798 -0.0008529923106559722 -0.0013238304358646627
leaf_weight=21 39 21 36 33 29 21
leaf_count=21 39 21 36 33 29 21
internal_value=0 0.000129111 -0.000123114 -0.000562521 8.54179e-05 -0.000485425
internal_weight=200 158 119 83 62 42
internal_count=200 158 119 83 62 42
is_linear=0
shrinkage=0.05


Tree=223
num_leaves=8
num_cat=0
split_feature=1 1 5 5 0 0 1
split_gain=0.00553237 0.0248935 0.0215239 0.0264942 0.0163109 0.024775 0.00800551
threshold=0.05191326338887798 -0.18965921797176757 0.23629185763565297 -0.476704862485478 0.30792615419808084 -0.052178855134359665 0.84496387796619865
decision_type=2 2 2 2 2 2 2
left_child=1 2 3 -1 5 6 -2
right_child=4 -3 -4 -5 -6 -7 -8
leaf_value=-0.00022694374946656667 0.0011088633619539151 -0.0018002766592790022 -0.00075494571617311726 0.0020263043785597201 0.0011521779029282538 -0.0016501431508610645 -7.347065621792379e-05
leaf_weight=21 23 21 36 24 35 20 20
leaf_count=21 23 21 36 24 35 20 20
internal_value=0 -0.000256552 8.3747e-05 0.000865752 0.000269231 -0.000143104 0.000444037
internal_weight=200 102 81 45 98 63 43
internal_count=200 102 81 45 98 63 43
is_linear=0
shrinkage=0.05


Tree=224
num_leaves=8
num_cat=0
split_feature=5 9 2 9 2 5 3
split_gain=0.00571395 0.016211 0.0430279 0.0278998 0.0261908 0.0392827 0.0166102
threshold=-1.2223919583666392 -0.30229839111583084 0.10016094044642973 0.19547561438371558 1.0000000180025095e-35 0.39876812111814403 0.036535821987787924
decision_type=2 2 2 2 2 2 2
left_child=-1 2 -2 -3 5 -5 -6
right_child=1 3 -4 4 6 -7 -8
leaf_value=0.00067362228487497997 0.00028589201091594322 0.0014514114601492567 -0.0023385868124107174 -0.0027785973448482392 -0.0002919302511941734 0.00014317526495945986 0.0015433715053779237
leaf_weight=27 32 33 26 20 20 20 22
leaf_count=27 32 33 26 20 20 20 22
internal_value=0 -0.000107161 -0.00080654 0.000202523 -0.000240332 -0.00119631 0.000552036
internal_weight=200 173 58 115 82 40 42
internal_count=200 173 58 115 82 40 42
is_linear=0
shrinkage=0.05


Tree=225
num_leaves=7
num_cat=0
split_feature=3 1 3 1 3 3
split_gain=0.00529184 0.0119031 0.0243015 0.0218703 0.0202588 0.0223507
threshold=-1.289912086072208 0.05191326338887798 -0.53458989640726295 -0.54902232878446267 -0.48460923203808609 0.4077554097752199
decision_type=2 2 2 2 2 2
left_child=-1 2 -2 -4 -3 -6
right_child=1 4 3 -5 5 -7
leaf_value=0.00075000256842876222 -0.0020484911116298789 0.0015448656136023183 -0.00086409391077887996 0.0008909723569125495 -0.0012566732490139694 0.00060845944839667764
leaf_weight=21 20 24 39 32 27 37
leaf_count=21 20 24 39 32 27 37
internal_value=0 -8.71651e-05 -0.000508897 -2.61405e-06 0.000292273 -0.000101123
internal_weight=200 179 91 71 88 64
internal_count=200 179 91 71 88 64
is_linear=0
shrinkage=0.05


Tree=226
num_leaves=8
num_cat=0
split_feature=0 0 6 6 0 9 9
split_gain=0.00514741 0.0107053 0.0104857 0.026508 0.0191181 0.0420943 0.00770433
threshold=0.98143087147855501 0.67040357000334094 -0.26433549898023673 -1.0292394857285847 -0.41282134652725405 -0.27929895437471391 0.54464680589367209
decision_type=2 2 2 2 2 2 2
left_child=1 2 3 -1 -4 -6 -7
right_child=-2 -3 4 -5 5 6 -8
leaf_value=0.0005546233449799132 -0.00068305526382803799 0.0011590543123606541 -0.00067236302111087448 -0.001464263055669634 0.0027027515214937386 -0.00071820472777985478 0.00059641639900086165
leaf_weight=25 24 21 30 36 20 22 22
leaf_count=25 24 21 30 36 20 22 22
internal_value=0 9.60412e-05 -1.63971e-05 -0.000555464 0.000280506 0.000805519 0
internal_weight=200 176 155 61 94 64 44
internal_count=200 176 155 61 94 64 44
is_linear=0
shrinkage=0.05


Tree=227
num_leaves=7
num_cat=0
split_feature=3 2 3 1 7 2
split_gain=0.00517309 0.0273704 0.023143 0.0189515 0.0205754 0.0397906
threshold=0.077262375494543192 0.28676327924322481 -0.7834947858771909 -0.54902232878446267 0.39399468460867654 -0.0097840681389136201
decision_type=2 2 2 2 2 2
left_child=1 2 -1 -2 5 -5
right_child=3 -3 -4 4 -6 -7
leaf_value=-0.0012453594378313878 -0.0013441038119552267 0.0014846988794077595 0.00056357608945586902 0.0022482830666863507 -0.0010587940868032398 -0.00045556318250367008
leaf_weight=33 29 32 34 24 22 26
leaf_count=33 29 32 34 24 22 26
internal_value=0 0.000258884 -0.000253405 -0.00024945 0.000123357 0.00074438
internal_weight=200 99 67 101 72 50
internal_count=200 99 67 101 72 50
is_linear=0
shrinkage=0.05


Tree=228
num_leaves=8
num_cat=0
split_feature=5 7 1 8 2 8 7
split_gain=0.00494044 0.0134061 0.0240712 0.0302211 0.0480931 0.0269632 0.0237755
threshold=-1.2223919583666392 -0.34067680349636748 -0.85175710570357788 -0.52181356055186601 -0.02855393123849061 0.32289891672705934 -0.89289114634625366
decision_type=2 2 2 2 2 2 2
left_child=-1 6 -3 -4 5 -5 -2
right_child=1 2 3 4 -6 -7 -8
leaf_value=0.00062856881387834181 0.00022919900363689881 0.0017152542098297326 -0.0018289641598548509 0.0028255697682648155 -0.00096313659452583 2.5194655812535108e-06 -0.0017299440086036425
leaf_weight=27 24 21 21 20 36 21 30
leaf_count=27 24 21 21 20 36 21 30
internal_value=0 -9.74524e-05 0.000165228 -0.000117363 0.000286354 0.0015048 -0.000767978
internal_weight=200 173 119 98 77 41 54
internal_count=200 173 119 98 77 41 54
is_linear=0
shrinkage=0.05


Tree=229
num_leaves=8
num_cat=0
split_feature=3 1 3 0 9 0 2
split_gain=0.00516689 0.0102732 0.0220779 0.0263655 0.0285137 0.0189 0.0112146
threshold=-1.289912086072208 0.05191326338887798 -0.32684283938280462 -0.12822755145984863 0.1143618653784934 0.30792615419808084 1.0000000180025095e-35
decision_type=2 2 2 2 2 2 2
left_child=-1 2 -2 -4 -5 6 -3
right_child=1 5 3 4 -6 -7 -8
leaf_value=0.00074328733652265157 -0.0017390676855482533 -0.0010070132180993406 -0.00131569552270085 -0.00029217769471903189 0.0021578608771128144 0.0012368069944785082 0.00034778297802572571
leaf_weight=21 25 27 24 22 20 33 28
leaf_count=21 25 27 24 22 20 33 28
internal_value=0 -8.38751e-05 -0.000476871 0 0.000758097 0.000265845 -0.000227175
internal_weight=200 179 91 66 42 88 55
internal_count=200 179 91 66 42 88 55
is_linear=0
shrinkage=0.05


Tree=230
num_leaves=8
num_cat=0
split_feature=3 3 6 6 1 9 4
split_gain=0.00496851 0.0202972 0.0149546 0.0331932 0.0203832 0.0322829 0.0188674
threshold=1.1791560607766125 0.8429562258010318 1.0027405419071362 0.25488469790422458 0.22618322946372035 0.40601699904274541 1.0000000180025095e-35
decision_type=2 2 2 2 2 2 2
left_child=1 2 3 4 5 -1 -6
right_child=-2 -3 -4 -5 6 -7 -8
leaf_value=0.0017685281026973373 -0.00068649413281833983 0.0015613337091536601 0.00099930945112262351 -0.0019181234062688559 0.00020096566874808046 -0.00054854452650332866 -0.001608661084410902
leaf_weight=33 23 21 25 26 23 23 26
leaf_count=33 23 21 25 26 23 23 26
internal_value=0 9.3094e-05 -7.33965e-05 -0.000316856 3.35219e-05 0.000728465 -0.000658732
internal_weight=200 177 156 131 105 56 49
internal_count=200 177 156 131 105 56 49
is_linear=0
shrinkage=0.05


Tree=231
num_leaves=9
num_cat=0
split_feature=0 3 5 9 5 0 6 9
split_gain=0.00526202 0.00833987 0.0336971 0.0239107 0.0202828 0.0267755 0.0132966 0.0122182
threshold=0.98143087147855501 0.077262375494543192 -0.70876392157612755 -0.30229839111583084 -0.79488404386641032 0.38632202673513577 1.0000000180025095e-35 0.68790205687404715
decision_type=2 2 2 2 2 2 2 2
left_child=1 2 -1 -4 -3 6 -6 -5
right_child=-2 4 3 7 5 -7 -8 -9
leaf_value=0.0021625506025802223 -0.00068989826416542672 -0.0016182072883453313 -0.0015299356340972791 0.0014672439831653053 0 -0.0013366676510232895 0.0014764176345928464 -8.7783786824983134e-05
leaf_weight=22 24 20 20 20 24 20 30 20
leaf_count=22 24 20 20 20 24 20 30 20
internal_value=0 9.78017e-05 0.000484383 -5.03254e-05 -0.00018645 0.000134697 0.000773531 0.000566762
internal_weight=200 176 82 60 94 74 54 40
internal_count=200 176 82 60 94 74 54 40
is_linear=0
shrinkage=0.05


Tree=232
num_leaves=7
num_cat=0
split_feature=5 5 4 4 6 2
split_gain=0.0047916 0.0125138 0.0184309 0.0219828 0.0490965 0.0321069
threshold=-1.2223919583666392 -0.476704862485478 -0.7482175872823621 -0.18882431182941536 -0.68227132361849663 -0.083961719798484977
decision_type=2 2 2 2 2 2
left_child=-1 -2 -3 -4 -5 -6
right_child=1 2 3 4 5 -7
leaf_value=0.00061789879419005787 -0.00086242810838508491 0.0015221818509530184 -0.0013401863014398416 0.002314948640359203 0.00064803591783953673 -0.0015788933408216025
leaf_weight=27 42 20 28 22 30 31
leaf_count=27 42 20 28 22 30 31
internal_value=0 -9.71054e-05 0.000110597 -9.98791e-05 0.000259478 -0.000402581
internal_weight=200 173 131 111 83 61
internal_count=200 173 131 111 83 61
is_linear=0
shrinkage=0.05


Tree=233
num_leaves=7
num_cat=0
split_feature=6 5 8 0 0 5
split_gain=0.00474979 0.0266445 0.0264644 0.015545 0.0301369 0.0193519
threshold=-0.17713117266070152 0.27959134229497307 -0.14785035516316869 0.38632202673513577 0.10122652774700015 -0.67112178850734805
decision_type=2 2 2 2 2 2
left_child=1 2 -1 4 5 -2
right_child=3 -3 -4 -5 -6 -7
leaf_value=-0.0021479265093517943 -0.0012069587303853747 0.00075800786318195549 0 -0.00058835465490865782 0.0022547258225256374 0.0007174950517272211
leaf_weight=26 20 33 28 35 21 37
leaf_count=26 20 33 28 35 21 37
internal_value=0 -0.000276541 -0.00100142 0.000214701 0.000639359 0
internal_weight=200 87 54 113 78 57
internal_count=200 87 54 113 78 57
is_linear=0
shrinkage=0.05


Tree=234
num_leaves=7
num_cat=0
split_feature=2 4 3 1 5 7
split_gain=0.00517881 0.0120452 0.0101201 0.019059 0.020623 0.0351448
threshold=-1.0099812928652321 1.3006673947196312 0.9379282452022929 1.0856420946484964 0.68138907804659132 -0.45565340474154908
decision_type=2 2 2 2 2 2
left_child=-1 2 3 4 5 -2
right_child=1 -3 -4 -5 -6 -7
leaf_value=-0.00060313135212243995 0.0019729886070428142 0.0012041116999335823 0.00083170086609278158 -0.0016536088743761405 -0.0013581885675948238 -0.00022302036840383981
leaf_weight=30 25 22 26 20 21 56
leaf_count=30 25 22 26 20 21 56
internal_value=0 0.000108369 -2.14541e-05 -0.000244756 0 0.000394705
internal_weight=200 170 148 122 102 81
internal_count=200 170 148 122 102 81
is_linear=0
shrinkage=0.05


Tree=235
num_leaves=8
num_cat=0
split_feature=3 1 4 5 8 3 3
split_gain=0.00510427 0.0108563 0.0275058 0.0321871 0.0276421 0.0178313 0.0207313
threshold=-1.289912086072208 0.05191326338887798 0.7347419871540064 0.59729417788312478 0.23879331278097329 -0.48460923203808609 0.4077554097752199
decision_type=2 2 2 2 2 2 2
left_child=-1 2 3 4 -2 -3 -7
right_child=1 5 -4 -5 -6 6 -8
leaf_value=0.00073562957858446095 0.0019801240497030865 0.0014498862121928061 -0.0020725814190856512 -0.0016460087245233112 -0.00026501876576821463 -0.0012064509059395297 0.00058990046880088719
leaf_weight=21 23 24 21 21 26 27 37
leaf_count=21 23 24 21 21 26 27 37
internal_value=0 -8.65753e-05 -0.000489993 0 0.000688877 0.000273924 -9.0632e-05
internal_weight=200 179 91 70 49 88 64
internal_count=200 179 91 70 49 88 64
is_linear=0
shrinkage=0.05


Tree=236
num_leaves=8
num_cat=0
split_feature=3 3 2 9 9 2 6
split_gain=0.00469623 0.0176406 0.0143753 0.0257824 0.0481875 0.0256104 0.0217238
threshold=1.1791560607766125 0.8429562258010318 0.28676327924322481 0.074696310398215768 0.85132753845485853 0.8698368253972073 0.27649602086819425
decision_type=2 2 2 2 2 2 2
left_child=1 2 3 6 -5 -4 -1
right_child=-2 -3 5 4 -6 -7 -8
leaf_value=0.00093895993012142937 -0.00067046039064467221 0.0014569086308471894 0.0017584600836498686 -0.003033528342733488 0.00010352310199308168 -0.00030302745750347194 -0.0010534288078449222
leaf_weight=38 23 21 25 22 21 30 20
leaf_count=38 23 21 25 22 21 30 20
internal_value=0 8.75257e-05 -6.55987e-05 -0.000447638 -0.00138879 0.000544759 0.00016524
internal_weight=200 177 156 101 43 55 58
internal_count=200 177 156 101 43 55 58
is_linear=0
shrinkage=0.05


Tree=237
num_leaves=7
num_cat=0
split_feature=3 2 3 1 0 0
split_gain=0.0049212 0.023658 0.021284 0.0172023 0.0182659 0.0189622
threshold=0.077262375494543192 0.28676327924322481 -0.7834947858771909 -0.54902232878446267 -0.19940232556031087 0.30792615419808084
decision_type=2 2 2 2 2 2
left_child=1 2 -1 -2 -5 -6
right_child=3 -3 -4 4 5 -7
leaf_value=-0.0011760822090162372 -0.0012880275259594533 0.0013907216454499237 0.00056022671959431202 0.0012815999877697083 -0.0015999801299680693 0.00031834764147568428
leaf_weight=33 29 32 34 24 20 28
leaf_count=33 29 32 34 24 20 28
internal_value=0 0.00025043 -0.000220933 -0.000245391 0.000106415 -0.00037867
internal_weight=200 99 67 101 72 48
internal_count=200 99 67 101 72 48
is_linear=0
shrinkage=0.05


Tree=238
num_leaves=7
num_cat=0
split_feature=7 1 7 1 3 0
split_gain=0.0046377 0.0140636 0.0232846 0.0416466 0.0226008 0.00992164
threshold=-0.71341139243060037 -0.91401970063946847 -0.16357954804292413 0.05191326338887798 -0.48460923203808609 -0.026270931897890083
decision_type=2 2 2 2 2 2
left_child=5 -2 -3 -4 -5 -1
right_child=1 2 3 4 -6 -7
leaf_value=9.8946891830995729e-05 0.0011960835281716682 0.0010554373724346706 -0.001811203921924162 0.0015428653079613205 -0.00037755368675207695 -0.00126384843275463
leaf_weight=21 26 33 37 23 39 21
leaf_count=21 26 33 37 23 39 21
internal_value=0 0.000125458 -4.83183e-05 -0.000467385 0.000255682 -0.000465069
internal_weight=200 158 132 99 62 42
internal_count=200 158 132 99 62 42
is_linear=0
shrinkage=0.05


Tree=239
num_leaves=7
num_cat=0
split_feature=0 0 7 8 1 3
split_gain=0.0045231 0.00865004 0.00980729 0.0348386 0.0277124 0.0303895
threshold=0.98143087147855501 0.67040357000334094 -0.89289114634625366 -0.85257574912480916 -0.38836542391905376 -0.65319515897560521
decision_type=2 2 2 2 2 2
left_child=1 2 -1 -4 -5 -6
right_child=-2 -3 3 4 5 -7
leaf_value=0.00088302678828556635 -0.00063992477199874232 0.001045310926310259 0.0016432475168906635 -0.0017527939104329147 -0.0017174607439346574 0.00054536310199701271
leaf_weight=24 24 21 20 35 20 56
leaf_count=24 24 21 20 35 20 56
internal_value=0 9.03868e-05 -7.34324e-06 -0.000209152 -0.000589101 0
internal_weight=200 176 155 131 111 76
internal_count=200 176 155 131 111 76
is_linear=0
shrinkage=0.05


Tree=240
num_leaves=7
num_cat=0
split_feature=6 5 6 2 5 0
split_gain=0.00484456 0.0252418 0.0259552 0.0146006 0.0214707 0.0309811
threshold=-0.17713117266070152 0.27959134229497307 -1.0292394857285847 0.28676327924322481 -0.70876392157612755 -0.12822755145984863
decision_type=2 2 2 2 2 2
left_child=1 2 -1 4 -2 -6
right_child=3 -3 -4 -5 5 -7
leaf_value=0.000137603827314957 -0.0015757447820439455 0.00072735662479234966 -0.0019069382116471264 0.0010188891496414037 0.0017545843303397105 -0.00060709323254908021
leaf_weight=22 20 33 32 39 23 31
leaf_count=22 20 33 32 39 23 31
internal_value=0 -0.000276649 -0.000982841 0.00021942 -0.000135252 0.000307769
internal_weight=200 87 54 113 74 54
internal_count=200 87 54 113 74 54
is_linear=0
shrinkage=0.05


Tree=241
num_leaves=8
num_cat=0
split_feature=5 7 7 1 2 1 2
split_gain=0.00459288 0.012095 0.0220561 0.0205589 0.0249454 0.0273627 0.0196611
threshold=-1.2223919583666392 -0.34067680349636748 -0.89289114634625366 -0.85175710570357788 0.10016094044642973 0.92124781498377251 -0.59536620044771249
decision_type=2 2 2 2 2 2 2
left_child=-1 2 -2 -3 5 6 -5
right_child=1 3 -4 4 -6 -7 -8
leaf_value=0.00060980439712757391 0.00022686529475654554 0.0015907000015397067 -0.0016563205959652845 -0.0012240862810049067 -0.0012320118774646277 0.0019787218579234767 0.00084428162457634561
leaf_weight=27 24 21 30 24 34 20 20
leaf_count=27 24 21 30 24 34 20 20
internal_value=0 -9.00852e-05 -0.000728055 0.000157801 -9.95893e-05 0.00042499 -0.000170758
internal_weight=200 173 54 119 98 64 44
internal_count=200 173 54 119 98 64 44
is_linear=0
shrinkage=0.05


Tree=242
num_leaves=7
num_cat=0
split_feature=8 5 8 4 5 9
split_gain=0.00465686 0.0312971 0.010664 0.0262759 0.0137465 0.0105541
threshold=-0.54599136229516632 -0.15279347726455431 -0.20301925959018771 0.62169092603662379 -0.11031858078721309 0.44615561411872789
decision_type=2 2 2 2 2 2
left_child=1 -1 -2 4 -4 -6
right_child=2 -3 3 -5 5 -7
leaf_value=-0.0015896992878474668 0.0010506174102686758 0.00082187124677163704 6.8174932852407504e-05 0.0010553966685527096 -0.0017388234383946953 0
leaf_weight=28 27 23 37 37 28 20
leaf_count=28 27 23 37 37 28 20
internal_value=0 -0.000404801 0.000148064 -1.1428e-05 -0.000535259 -0.00110353
internal_weight=200 51 149 122 85 48
internal_count=200 51 149 122 85 48
is_linear=0
shrinkage=0.05


Tree=243
num_leaves=6
num_cat=0
split_feature=3 2 3 1 2
split_gain=0.00430325 0.0201554 0.0193481 0.0158971 0.0162479
threshold=0.077262375494543192 0.28676327924322481 -0.7834947858771909 -0.54902232878446267 0.1954527356394031
decision_type=2 2 2 2 2
left_child=1 2 -1 -2 -5
right_child=3 -3 -4 4 -6
leaf_value=-0.0011026129496193792 -0.0012260069592161379 0.0012950151783016706 0.00055460976737160838 0.00086151802021524183 -0.00061587175741723845
leaf_weight=33 29 32 34 39 33
leaf_count=33 29 32 34 39 33
internal_value=0 0.000242035 -0.000187545 -0.000221333 0.000115118
internal_weight=200 99 67 101 72
internal_count=200 99 67 101 72
is_linear=0
shrinkage=0.05


Tree=244
num_leaves=8
num_cat=0
split_feature=0 0 4 1 0 1 2
split_gain=0.00435255 0.00813769 0.0303003 0.025674 0.0211797 0.0203353 0.012352
threshold=0.98143087147855501 0.30792615419808084 0.17011313108200996 -0.77275446184313845 -0.052178855134359665 -0.057555013486127564 1.0000000180025095e-35
decision_type=2 2 2 2 2 2 2
left_child=1 3 -3 -1 5 -5 -7
right_child=-2 2 -4 4 -6 6 -8
leaf_value=0.0012390080183723022 -0.00062223759603481817 0.0016118484287553682 -0.00070469533291896938 -0.0012656171730302309 -0.0016396970320108934 0 0.0014816201757639647
leaf_weight=26 24 33 21 22 29 24 21
leaf_count=26 24 33 21 22 29 24 21
internal_value=0 9.38285e-05 0.000618911 -9.79517e-05 -0.000512987 0 0.000585084
internal_weight=200 176 54 122 96 67 45
internal_count=200 176 54 122 96 67 45
is_linear=0
shrinkage=0.05


Tree=245
num_leaves=8
num_cat=0
split_feature=5 9 2 9 2 5 3
split_gain=0.00473813 0.013463 0.0381128 0.0218048 0.0190233 0.0317868 0.0145174
threshold=-1.2223919583666392 -0.30229839111583084 0.10016094044642973 0.19547561438371558 1.0000000180025095e-35 0.39876812111814403 0.036535821987787924
decision_type=2 2 2 2 2 2 2
left_child=-1 2 -2 -3 5 -5 -6
right_child=1 3 -4 4 6 -7 -8
leaf_value=0.0006194241154196628 0.00029076838363948455 0.001293603817755047 -0.0021762019346229073 -0.0024482265571178635 -0.00031556559179849288 0.00016805277673981675 0.0014023781404303749
leaf_weight=27 32 33 26 20 20 20 22
leaf_count=27 32 33 26 20 20 20 22
internal_value=0 -9.14427e-05 -0.000730899 0.00018798 -0.000197099 -0.00101824 0.000466738
internal_weight=200 173 58 115 82 40 42
internal_count=200 173 58 115 82 40 42
is_linear=0
shrinkage=0.05


Tree=246
num_leaves=7
num_cat=0
split_feature=7 0 0 0 6 8
split_gain=0.00436861 0.0133382 0.0407818 0.0228653 0.0304708 0.0097146
threshold=-0.71341139243060037 0.7220267109355033 0.38632202673513577 -0.026270931897890083 0.3290566764055663 -0.086510780692153996
decision_type=2 2 2 2 2 2
left_child=5 2 3 4 -2 -1
right_child=1 -3 -4 -5 -6 -7
leaf_value=-0.0012385862032961215 -0.0011355454821492096 0.0010670125658153722 -0.001995248021759512 0.0013113730494177405 0.0010146903777082633 0.00011292276308117036
leaf_weight=21 39 31 23 38 27 21
leaf_count=21 39 31 23 38 27 21
internal_value=0 0.000127485 -6.31679e-05 0.000317595 -0.000180056 -0.000445404
internal_weight=200 158 127 104 66 42
internal_count=200 158 127 104 66 42
is_linear=0
shrinkage=0.05


Tree=247
num_leaves=8
num_cat=0
split_feature=3 9 4 8 6 1 6
split_gain=0.0046514 0.00936345 0.0175852 0.0196413 0.0423587 0.047386 0.0171926
threshold=-1.289912086072208 -0.87044326996788401 -0.44584297730777572 -0.52181356055186601 -0.56054493692494511 -0.057555013486127564 -0.12919833161773669
decision_type=2 2 2 2 2 2 2
left_child=-1 -2 6 -4 -5 -6 -3
right_child=1 2 3 4 5 -7 -8
leaf_value=0.00070967319470022531 0.00077576862353148819 -0.0021857612048141401 -0.0010454576152722347 0.0024838882734748852 -0.0016417465777587644 0.0010901830755201472 0
leaf_weight=21 25 20 28 20 29 34 23
leaf_count=21 25 20 28 20 29 34 23
internal_value=0 -7.47887e-05 -0.000245726 4.45474e-05 0.000473244 -8.87414e-05 -0.00110941
internal_weight=200 179 154 111 83 63 43
internal_count=200 179 154 111 83 63 43
is_linear=0
shrinkage=0.05


Tree=248
num_leaves=7
num_cat=0
split_feature=0 0 2 4 0 2
split_gain=0.00454458 0.00779692 0.0132405 0.0195964 0.0206792 0.0166873
threshold=0.98143087147855501 0.67040357000334094 0.63327937351919183 -0.44584297730777572 -0.17992183429944475 1.0000000180025095e-35
decision_type=2 2 2 2 2 2
left_child=1 2 3 -1 -5 -6
right_child=-2 -3 -4 4 5 -7
leaf_value=0.0005980411192938851 -0.00063583382455577992 0.0010002489519521805 0.00076719713522373798 0 -0.0025067236413547083 -0.00018853747392471749
leaf_weight=36 24 21 39 38 22 20
leaf_count=36 24 21 39 38 22 20
internal_value=0 9.58598e-05 0 -0.000294761 -0.000759189 -0.00152466
internal_weight=200 176 155 116 80 42
internal_count=200 176 155 116 80 42
is_linear=0
shrinkage=0.05


Tree=249
num_leaves=8
num_cat=0
split_feature=3 3 0 7 0 4 4
split_gain=0.00442435 0.0162396 0.0136742 0.0179726 0.017011 0.025863 0.0360734
threshold=1.1791560607766125 0.8429562258010318 0.59012526187806846 0.34101924767434805 0.28011584133812589 0.57618336971590733 -0.023653675461537578
decision_type=2 2 2 2 2 2 2
left_child=1 2 4 -4 5 6 -1
right_child=-2 -3 3 -5 -6 -7 -8
leaf_value=8.6434024732804651e-05 -0.00064222143430794996 0.0014058640606864686 -0.001888958137742822 0 0.001486052100858938 0.0010757144396807221 -0.0023178952743986205
leaf_weight=41 23 21 21 20 21 31 22
leaf_count=41 23 21 21 20 21 31 22
internal_value=0 9.30479e-05 -5.2434e-05 -0.000859424 0.000192332 -4.48281e-05 -0.000676276
internal_weight=200 177 156 41 115 94 63
internal_count=200 177 156 41 115 94 63
is_linear=0
shrinkage=0.05


Tree=250
num_leaves=8
num_cat=0
split_feature=8 8 0 0 4 1 3
split_gain=0.00432231 0.0205666 0.010775 0.0224307 0.0196821 0.0260304 0.0055745
threshold=-1.0153646948044228 -0.54599136229516632 0.7220267109355033 0.38632202673513577 0.18648266153919926 -0.034958492301967341 0.24683385370618136
decision_type=2 2 2 2 2 2 2
left_child=-1 -2 3 4 5 -3 -6
right_child=1 2 -4 -5 6 -7 -8
leaf_value=0.00063757007768671357 -0.0013600012995440142 -0.0016141105406527326 0.00098050530107252521 -0.0015207246536435349 0.00024597793212765222 0.00052586387072463964 0.0017417380553832397
leaf_weight=24 27 24 30 22 23 30 20
leaf_count=24 27 24 30 22 23 30 20
internal_value=0 -7.57034e-05 0.000124243 -5.02817e-05 0.00023295 -0.00033404 0.00106012
internal_weight=200 176 149 119 97 54 43
internal_count=200 176 149 119 97 54 43
is_linear=0
shrinkage=0.05


Tree=251
num_leaves=7
num_cat=0
split_feature=4 4 0 0 0 0
split_gain=0.00452189 0.0226071 0.0160449 0.0274927 0.0181197 0.0248953
threshold=1.0300775799107975 0.62169092603662379 0.28011584133812589 0.59012526187806846 -0.13638236272716078 -0.53729058320574297
decision_type=2 2 2 2 2 2
left_child=1 2 4 -4 5 -1
right_child=-2 -3 3 -5 -6 -7
leaf_value=-0.00089206051427957636 -0.0004854479064095535 0.0016639689658878823 0.0018008589117733979 -0.00025743024086082641 -0.0015352005467354089 0.0013801282996877065
leaf_weight=30 37 21 25 37 30 20
leaf_count=30 37 21 25 37 30 20
internal_value=0 0.000125326 -6.80442e-05 0.000493573 -0.000565792 0
internal_weight=200 163 142 62 80 50
internal_count=200 163 142 62 80 50
is_linear=0
shrinkage=0.05


Tree=252
num_leaves=8
num_cat=0
split_feature=3 3 4 2 2 4 3
split_gain=0.00439751 0.0139209 0.0130944 0.0433423 0.0338344 0.0456025 0.0280805
threshold=1.1791560607766125 0.8429562258010318 0.073151886678842634 -0.4140720197851952 -0.55648625319917489 -0.46853740374328245 -0.64846967926451671
decision_type=2 2 2 2 2 2 2
left_child=1 2 4 -4 -1 -6 -5
right_child=-2 -3 3 6 5 -7 -8
leaf_value=0.0018749037597389087 -0.00063789354504219123 0.0013094453724825058 -0.0024192415999577323 0.0014351633262349316 -0.0017474483414611107 0.0010638056118273279 -0.00085271425668504157
leaf_weight=26 23 21 22 25 28 28 27
leaf_count=26 23 21 22 25 28 28 27
internal_value=0 9.48771e-05 -3.73259e-05 -0.00054725 0.000362054 -0.000253304 0.000151901
internal_weight=200 177 156 74 82 56 52
internal_count=200 177 156 74 82 56 52
is_linear=0
shrinkage=0.05


Tree=253
num_leaves=8
num_cat=0
split_feature=8 8 1 5 9 6 4
split_gain=0.00403335 0.0173083 0.0100593 0.0165159 0.0291181 0.0222265 0.0190252
threshold=-1.0153646948044228 -0.54599136229516632 1.3752916162299023 -0.058179031203032937 0.68790205687404715 0.22311312672206482 0.17011313108200996
decision_type=2 2 2 2 2 2 2
left_child=-1 -2 3 5 6 -3 -5
right_child=1 2 -4 4 -6 -7 -8
leaf_value=0.00061588672408061226 -0.0012520740390970025 0.0013946645875909814 0.0011555577771951309 -0.00021347014597093914 0.00078425013043109985 -0.0003952824703278517 -0.0025477158591447773
leaf_weight=24 27 35 20 25 21 28 20
leaf_count=24 27 35 20 25 21 28 20
internal_value=0 -7.3133e-05 0.000107663 -1.68414e-05 -0.000605439 0.000520528 -0.00136513
internal_weight=200 176 149 129 66 63 45
internal_count=200 176 149 129 66 63 45
is_linear=0
shrinkage=0.05


Tree=254
num_leaves=7
num_cat=0
split_feature=3 7 4 7 7 5
split_gain=0.00431878 0.00833742 0.016684 0.0330348 0.032072 0.0308428
threshold=-1.289912086072208 1.1437659621030516 0.80623386216812409 0.31274874356940502 -0.89289114634625366 -0.28088768487636445
decision_type=2 2 2 2 2 2
left_child=-1 2 3 4 -2 -6
right_child=1 -3 -4 -5 5 -7
leaf_value=0.00068535399645284459 0.0014365927214448006 -0.00094573928885687431 -0.00085373375655184544 0.0017633325527751536 0.00038315104900650494 -0.0017153173997557084
leaf_weight=21 23 24 37 31 28 36
leaf_count=21 23 24 37 31 28 36
internal_value=0 -7.03368e-05 3.34945e-05 0.000354518 -9.15169e-05 -0.000720069
internal_weight=200 179 155 118 87 64
internal_count=200 179 155 118 87 64
is_linear=0
shrinkage=0.05


Tree=255
num_leaves=8
num_cat=0
split_feature=7 7 1 1 4 0 5
split_gain=0.00396165 0.0126982 0.0199326 0.0322409 0.0186472 0.00856497 0.00687305
threshold=-0.71341139243060037 -0.16357954804292413 -0.91401970063946847 0.05191326338887798 0.62169092603662379 -0.026270931897890083 -0.24514684708746035
decision_type=2 2 2 2 2 2 2
left_child=5 -2 -3 -4 6 -1 -5
right_child=1 2 3 4 -6 -7 -8
leaf_value=9.004505410772787e-05 0.00092063519741644338 0.001282436543260701 -0.0016076636686732848 -0.0010255945753769495 0.0014593444151088809 -0.0011659523780469814 0.00011462918107543509
leaf_weight=21 39 20 37 20 21 21 21
leaf_count=21 39 20 37 20 21 21 21
internal_value=0 0.000124768 -9.46344e-05 -0.000424298 0.00020284 -0.000420467 -0.000321065
internal_weight=200 158 119 99 62 42 41
internal_count=200 158 119 99 62 42 41
is_linear=0
shrinkage=0.05


Tree=256
num_leaves=9
num_cat=0
split_feature=6 8 7 6 8 7 6 4
split_gain=0.0038843 0.0190741 0.0373206 0.0282049 0.0161485 0.0227206 0.0199476 0.0124718
threshold=-0.17713117266070152 -0.52181356055186601 -0.34067680349636748 -0.82892638494837001 -0.68339916026339831 0.68377607868553192 0.22311312672206482 0.3126932426391365
decision_type=2 2 2 2 2 2 2 2
left_child=1 -1 -3 -4 -2 6 -6 -8
right_child=4 2 3 -5 5 -7 7 -9
leaf_value=-0.001458229552939944 0.0014977449662427404 -0.0013572813106450814 0 0.0024702259242089827 0.0016345998413473098 -0.001428415613990777 -0.0008712162354835095 0.00071858034946432165
leaf_weight=24 20 23 20 20 22 23 28 20
leaf_count=24 20 23 20 20 22 23 28 20
internal_value=0 -0.000238483 0.000148518 0.00114027 0.000205086 -2.05097e-05 0.000372139 -0.000104734
internal_weight=200 87 63 40 113 93 70 48
internal_count=200 87 63 40 113 93 70 48
is_linear=0
shrinkage=0.05


Tree=257
num_leaves=8
num_cat=0
split_feature=0 0 2 8 0 8 6
split_gain=0.00386058 0.00759678 0.00974783 0.0173446 0.0150501 0.0280898 0.0197016
threshold=0.98143087147855501 0.67040357000334094 0.63327937351919183 -0.85257574912480916 -0.19940232556031087 0.58021105546225671 0.098220931421532071
decision_type=2 2 2 2 2 2 2
left_child=1 2 3 -1 5 -5 -6
right_child=-2 -3 -4 4 6 -7 -8
leaf_value=0.00098989575322884233 -0.00058228571153404304 0.00098500951321274749 0.00065098544195665961 -0.00099624615578316296 -9.7902413968036607e-05 0.0014849156201515923 -0.0023114428950033288
leaf_weight=20 24 21 39 26 28 20 22
leaf_count=20 24 21 39 26 28 20 22
internal_value=0 9.16807e-05 0 -0.000259193 -0.000572208 0 -0.00117433
internal_weight=200 176 155 116 96 46 50
internal_count=200 176 155 116 96 46 50
is_linear=0
shrinkage=0.05


Tree=258
num_leaves=8
num_cat=0
split_feature=3 7 7 8 5 0 2
split_gain=0.00399671 0.0187623 0.0412749 0.0172516 0.0144519 0.0231583 0.0126463
threshold=0.077262375494543192 0.39399468460867654 -0.51381747419074275 0.030161262598113903 -0.79488404386641032 0.38632202673513577 0.24135772552730123
decision_type=2 2 2 2 2 2 2
left_child=1 2 -1 -3 -2 6 -6
right_child=4 3 -4 -5 5 -7 -8
leaf_value=0.00096957734139682553 -0.0014206496760624447 0.0021252319527748252 -0.0016736813632073683 0 0.0012895264566870532 -0.0010980028734710824 -9.8878881124900037e-05
leaf_weight=28 20 20 29 22 34 27 20
leaf_count=28 20 20 29 22 34 27 20
internal_value=0 0.000235444 -0.000288249 0.00106393 -0.000210935 2.74909e-05 0.000683649
internal_weight=200 99 57 42 101 81 54
internal_count=200 99 57 42 101 81 54
is_linear=0
shrinkage=0.05


Tree=259
num_leaves=8
num_cat=0
split_feature=3 7 7 4 5 0 2
split_gain=0.00366832 0.0169521 0.0373184 0.0222553 0.0129999 0.0207878 0.011546
threshold=0.077262375494543192 0.39399468460867654 -0.51381747419074275 0.16315430010522827 -0.79488404386641032 0.38632202673513577 0.24135772552730123
decision_type=2 2 2 2 2 2 2
left_child=1 2 -1 -3 -2 6 -6
right_child=4 3 -4 -5 5 -7 -8
leaf_value=0.00092127106543564083 -0.001349970611711195 0.0022179550470133309 -0.0015902848254978862 0 0.001225239198308034 -0.0010433053475808064 -9.3959562309012178e-05
leaf_weight=28 20 20 29 22 34 27 20
leaf_count=28 20 20 29 22 34 27 20
internal_value=0 0.00022479 -0.00026952 0.00101345 -0.000202927 1.99568e-05 0.000644955
internal_weight=200 99 57 42 101 81 54
internal_count=200 99 57 42 101 81 54
is_linear=0
shrinkage=0.05


Tree=260
num_leaves=8
num_cat=0
split_feature=7 7 1 8 5 4 8
split_gain=0.00388714 0.0123959 0.0165135 0.0355317 0.0159403 0.0228869 0.0089652
threshold=-0.71341139243060037 -0.16357954804292413 -0.91401970063946847 -0.52181356055186601 0.30041996137005228 0.39081170199209753 -0.086510780692153996
decision_type=2 2 2 2 2 2 2
left_child=6 -2 -3 -4 5 -5 -1
right_child=1 2 3 4 -6 -7 -8
leaf_value=-0.0011842731152489005 0.00090713951870074984 0.0011500638207670912 -0.0019556331867523957 0.0018908143387220445 -0.00070085237258757209 -0.00024155499459943962 0.00010905373406759794
leaf_weight=21 39 20 27 23 29 20 21
leaf_count=21 39 20 27 23 29 20 21
internal_value=0 0.000120275 -9.61681e-05 -0.000399293 0.00011689 0.000784746 -0.000420122
internal_weight=200 158 119 99 72 43 42
internal_count=200 158 119 99 72 43 42
is_linear=0
shrinkage=0.05


Tree=261
num_leaves=7
num_cat=0
split_feature=5 5 4 4 6 2
split_gain=0.00386751 0.0105028 0.0141364 0.0166709 0.0373214 0.0286576
threshold=-1.2223919583666392 -0.476704862485478 -0.7482175872823621 -0.17284956211234459 -0.68227132361849663 -0.02855393123849061
decision_type=2 2 2 2 2 2
left_child=-1 -2 -3 -4 -5 -6
right_child=1 2 3 4 5 -7
leaf_value=0.00056148966472781509 -0.00078398460503490634 0.0013434526469994022 -0.0010878401046313369 0.0020994853585852547 0.00062404593416875976 -0.0015241032810981163
leaf_weight=27 42 20 31 21 31 28
leaf_count=27 42 20 31 21 31 28
internal_value=0 -8.06153e-05 0.00010718 -7.15766e-05 0.00026067 -0.000311666
internal_weight=200 173 131 111 80 59
internal_count=200 173 131 111 80 59
is_linear=0
shrinkage=0.05


Tree=262
num_leaves=8
num_cat=0
split_feature=6 0 0 2 7 0 9
split_gain=0.00377587 0.0144832 0.0232002 0.0629712 0.0130496 0.02232 0.00695424
threshold=1.0000000180025095e-35 0.38632202673513577 -0.53729058320574297 -0.21123306410811662 -0.34067680349636748 0.28011584133812589 0.19547561438371558
decision_type=2 2 2 2 2 2 2
left_child=4 2 -2 -4 -1 6 -6
right_child=1 -3 3 -5 5 -7 -8
leaf_value=-0.0010074094596565662 -0.00046731891267775714 -0.00060145917984400182 -0.00035408599748870369 0.0032102495405693975 0 0.0013392747990908351 -0.001145425107180013
leaf_weight=35 23 30 22 23 20 26 21
leaf_count=35 23 30 22 23 20 26 21
internal_value=0 0.000228669 0.00066867 0.0013599 -0.000205461 0.000139829 -0.000500549
internal_weight=200 98 68 45 102 67 41
internal_count=200 98 68 45 102 67 41
is_linear=0
shrinkage=0.05


Tree=263
num_leaves=7
num_cat=0
split_feature=3 3 1 0 6 2
split_gain=0.00383222 0.0120283 0.0135741 0.0247409 0.0228869 0.017264
threshold=1.1791560607766125 0.8429562258010318 1.1421014948046573 0.59012526187806846 -0.53229006343190233 0.28676327924322481
decision_type=2 2 2 2 2 2
left_child=1 2 3 4 -1 -6
right_child=-2 -3 -4 -5 5 -7
leaf_value=0.0018161077510144598 -0.00060152657273592381 0.0012134827898541616 -0.0010161755888094736 -0.00091605009676946957 -0.00055281872172718469 0.001138193084263239
leaf_weight=28 23 21 30 35 39 24
leaf_count=28 23 21 30 35 39 24
internal_value=0 8.30723e-05 -3.77474e-05 0.000156182 0.000624016 1.29198e-05
internal_weight=200 177 156 126 91 63
internal_count=200 177 156 126 91 63
is_linear=0
shrinkage=0.05


Tree=264
num_leaves=8
num_cat=0
split_feature=3 7 7 4 7 7 5
split_gain=0.00394213 0.0149475 0.0340795 0.0195846 0.0129969 0.0239745 0.0274666
threshold=0.077262375494543192 0.39399468460867654 -0.51381747419074275 0.16315430010522827 0.39399468460867654 -0.37968817588971138 -0.11031858078721309
decision_type=2 2 2 2 2 2 2
left_child=1 2 -1 -3 5 -2 -7
right_child=4 3 -4 -5 -6 6 -8
leaf_value=0.00090268981043130055 -0.00098429644811980944 0.0020965438104461674 -0.0014988749323227152 0 -0.0010847339596767038 0.0022618866421337896 -8.6261260699182422e-05
leaf_weight=28 27 20 29 22 31 20 23
leaf_count=28 27 20 29 22 31 20 23
internal_value=0 0.000226739 -0.000232078 0.000967256 -0.000216997 9.69594e-05 0.000892605
internal_weight=200 99 57 42 101 70 43
internal_count=200 99 57 42 101 70 43
is_linear=0
shrinkage=0.05


Tree=265
num_leaves=7
num_cat=0
split_feature=9 7 5 1 9 2
split_gain=0.00357638 0.0256377 0.0252066 0.0203556 0.0165255 0.0316268
threshold=0.40601699904274541 -0.37968817588971138 -0.15279347726455431 -0.5993838341988974 -0.053470711242552503 0.10016094044642973
decision_type=2 2 2 2 2 2
left_child=3 -2 -3 -1 5 -5
right_child=1 2 -4 4 -6 -7
leaf_value=0.0014898619419388874 -0.0017366118460463789 -0.00076434963724155021 0.00125935031048702 0.00027467143528944694 0.00089689950169674279 -0.0017996987432359014
leaf_weight=24 22 28 31 39 26 30
leaf_count=24 22 28 31 39 26 30
internal_value=0 -0.000255136 0.00021468 0.000175344 -0.000105386 -0.000556169
internal_weight=200 81 59 119 95 69
internal_count=200 81 59 119 95 69
is_linear=0
shrinkage=0.05


Tree=266
num_leaves=7
num_cat=0
split_feature=9 7 5 7 1 1
split_gain=0.003263 0.0231083 0.0227972 0.0190023 0.0365614 0.0285123
threshold=0.40601699904274541 -0.37968817588971138 -0.15279347726455431 -0.14323352037145445 0.095938981053092703 0.37645805247457781
decision_type=2 2 2 2 2 2
left_child=3 -2 -3 4 -1 -5
right_child=1 2 -4 5 -6 -7
leaf_value=0.0023067944195210572 -0.0016501741784195967 -0.00072626817865409886 0.0011965852868451267 -0.0013131027662187733 -0.00018055836878902546 0.00072106079428850382
leaf_weight=25 22 28 31 37 28 29
leaf_count=25 22 28 31 37 28 29
internal_value=0 -0.000242456 0.000199757 0.000168712 0.000900694 -0.000343922
internal_weight=200 81 59 119 53 66
internal_count=200 81 59 119 53 66
is_linear=0
shrinkage=0.05


Tree=267
num_leaves=8
num_cat=0
split_feature=3 2 5 1 1 5 0
split_gain=0.00348161 0.0142226 0.0276875 0.0147978 0.0125195 0.0292992 0.018083
threshold=0.077262375494543192 0.28676327924322481 0.19129554466377813 0.15908064658775997 -0.54902232878446267 0.39876812111814403 0.079078012346146212
decision_type=2 2 2 2 2 2 2
left_child=1 2 3 -1 -2 6 -6
right_child=4 -3 -4 -5 5 -7 -8
leaf_value=0 -0.0010974775232083431 0.0010979745011360348 0.0010849382299781439 -0.0019693636512661825 0.00014913642052497036 0.0016584822402348346 -0.0016514365199370691
leaf_weight=22 29 32 25 20 29 22 21
leaf_count=22 29 32 25 20 29 22 21
internal_value=0 0.000211405 -0.000138521 -0.000986382 -0.000205634 8.52568e-05 -0.000509091
internal_weight=200 99 67 42 101 72 50
internal_count=200 99 67 42 101 72 50
is_linear=0
shrinkage=0.05


Tree=268
num_leaves=8
num_cat=0
split_feature=5 4 0 4 8 3 8
split_gain=0.00354378 0.0152948 0.0215101 0.0229653 0.0398763 0.0350934 0.0108929
threshold=0.68138907804659132 1.0300775799107975 -0.41282134652725405 0.34496602550163707 0.26355740789669246 0.19467182497800881 0.076043037132721564
decision_type=2 2 2 2 2 2 2
left_child=1 2 -1 4 5 -4 -2
right_child=6 -3 3 -5 -6 -7 -8
leaf_value=-0.00063279092890671765 -0.0012923116712316648 -0.00080815585405562902 0.0025630380179640293 0.0023001373882330423 -0.0011594235092415779 -4.7726881810792921e-05 0.00013744560316384982
leaf_weight=32 20 32 24 21 26 20 25
leaf_count=32 20 32 24 21 26 20 25
internal_value=0 0.000114942 0.000396176 0.000813193 0.000293138 0.00126553 -0.000388594
internal_weight=200 155 123 91 70 44 45
internal_count=200 155 123 91 70 44 45
is_linear=0
shrinkage=0.05


Tree=269
num_leaves=8
num_cat=0
split_feature=6 6 5 8 7 6 1
split_gain=0.00340098 0.0174943 0.0230676 0.0136178 0.0202661 0.0180076 0.0107712
threshold=-0.17713117266070152 -0.68227132361849663 -0.15279347726455431 -0.68339916026339831 0.68377607868553192 0.22311312672206482 -0.034958492301967341
decision_type=2 2 2 2 2 2 2
left_child=1 2 -1 -2 5 -5 -7
right_child=3 -3 -4 4 -6 6 -8
leaf_value=-0.00085854477024950191 0.0013686319391488734 -0.0012385024415310535 0.0011306815934043906 0.001545637584927732 -0.0013549931304533342 -0.00093357100813742347 0.00051733154095361523
leaf_weight=24 20 30 33 22 23 24 24
leaf_count=24 20 30 33 22 23 24 24
internal_value=0 -0.00023587 0.00020551 0.000179809 -2.33418e-05 0.000344183 -0.000104602
internal_weight=200 87 57 113 93 70 48
internal_count=200 87 57 113 93 70 48
is_linear=0
shrinkage=0.05


Tree=270
num_leaves=8
num_cat=0
split_feature=6 1 2 9 0 0 2
split_gain=0.0030724 0.0140595 0.0288913 0.0558974 0.0120196 0.0202838 0.0548397
threshold=1.0000000180025095e-35 -0.50452283143810328 0.10016094044642973 -0.21078200449219345 0.38632202673513577 -0.53729058320574297 -0.21123306410811662
decision_type=2 2 2 2 2 2 2
left_child=1 -1 -3 -4 5 -2 -7
right_child=4 2 3 -5 -6 6 -8
leaf_value=-0.001237325256400968 -0.0004510362445917565 0.0011446698334047977 -0.0027065767100386655 0.00090988499218996486 -0.00055092181420600373 -0.00033394063683858823 0.0029821755533868612
leaf_weight=25 23 37 20 20 30 22 23
leaf_count=25 23 37 20 20 30 22 23
internal_value=0 -0.000192979 8.24092e-05 -0.000775898 0.000198843 0.000603366 0.00125295
internal_weight=200 102 77 40 98 68 45
internal_count=200 102 77 40 98 68 45
is_linear=0
shrinkage=0.05


Tree=271
num_leaves=8
num_cat=0
split_feature=9 4 8 1 2 6 2
split_gain=0.00323115 0.0188326 0.0258099 0.0184422 0.0141397 0.061819 0.0461751
threshold=0.40601699904274541 -0.28174016309892996 -0.14785035516316869 -0.5993838341988974 -0.02855393123849061 0.098220931421532071 0.63327937351919183
decision_type=2 2 2 2 2 2 2
left_child=3 -2 -3 -1 5 -5 -6
right_child=1 2 -4 4 6 -7 -8
leaf_value=0.0014147910161457832 -0.001351877533387379 -0.00098159918573430044 0.0011935137339571717 0.0024428395661883627 -0.0024078702294062096 -0.0011926203800841069 0.00053201204292971057
leaf_weight=24 27 22 32 22 23 23 27
leaf_count=24 27 22 32 22 23 23 27
internal_value=0 -0.000246824 0.000214759 0.000162296 -0.000102703 0.000475326 -0.00072264
internal_weight=200 81 54 119 95 45 50
internal_count=200 81 54 119 95 45 50
is_linear=0
shrinkage=0.05


Tree=272
num_leaves=8
num_cat=0
split_feature=5 1 9 1 5 8 0
split_gain=0.00356708 0.0168299 0.0167546 0.03052 0.0183219 0.0331568 0.00930505
threshold=0.68138907804659132 -0.85175710570357788 1.0928491851967055 -0.38836542391905376 0.19129554466377813 -0.42327220665070026 0.31613239052413888
decision_type=2 2 2 2 2 2 2
left_child=1 -1 3 -3 5 -5 -2
right_child=6 2 -4 4 -6 -7 -8
leaf_value=0.0012575490728391823 -0.0011076172632145931 -0.0020826853321803409 0.0011755394652041037 -0.0020977507523766057 0.0013197027314542594 0.00027543849131464151 0.00018465831527589616
leaf_weight=27 24 21 20 20 21 46 21
leaf_count=27 24 21 20 20 21 46 21
internal_value=0 0.000110522 -9.31902e-05 -0.000375264 0 -0.000370152 -0.000394618
internal_weight=200 155 128 108 87 66 45
internal_count=200 155 128 108 87 66 45
is_linear=0
shrinkage=0.05


Tree=273
num_leaves=7
num_cat=0
split_feature=6 3 6 1 1 4
split_gain=0.00317644 0.0138945 0.0262571 0.0145958 0.00993344 0.0232966
threshold=1.0027405419071362 0.9379282452022929 0.25488469790422458 1.1421014948046573 -0.54902232878446267 0.17011313108200996
decision_type=2 2 2 2 2 2
left_child=1 2 3 4 -1 -6
right_child=-2 -3 -4 -5 5 -7
leaf_value=-0.00035655893264088594 0.00045512203283816857 0.00086146423882601597 -0.001631047406065219 -0.001074158184601244 0.0016624718801498504 -0.00017642649880766177
leaf_weight=26 32 29 30 23 32 28
leaf_count=26 32 29 30 23 32 28
internal_value=0 -8.76704e-05 -0.000322114 0 0.000337997 0.000722259
internal_weight=200 168 139 109 86 60
internal_count=200 168 139 109 86 60
is_linear=0
shrinkage=0.05


Tree=274
num_leaves=8
num_cat=0
split_feature=6 5 6 8 1 5 3
split_gain=0.00351157 0.0157624 0.0183632 0.0130949 0.0129249 0.0221896 0.00985072
threshold=-0.17713117266070152 0.27959134229497307 -1.0292394857285847 -0.68339916026339831 0.84496387796619865 0.27959134229497307 0.077262375494543192
decision_type=2 2 2 2 2 2 2
left_child=1 2 -1 -2 5 6 -5
right_child=3 -3 -4 4 -6 -7 -8
leaf_value=0.0001062273958116365 0.0013467337282847113 0.00053211184812208855 -0.0015858546485819757 0.0011040332698444195 0.0010457034676859332 -0.0014190443312312054 -0.00031650617467107083
leaf_weight=22 20 33 32 21 20 31 21
leaf_count=22 20 33 32 21 20 31 21
internal_value=0 -0.000240475 -0.000805144 0.000181897 -1.60775e-05 -0.000376408 0.000275934
internal_weight=200 87 54 113 93 73 42
internal_count=200 87 54 113 93 73 42
is_linear=0
shrinkage=0.05


Tree=275
num_leaves=7
num_cat=0
split_feature=9 4 8 1 9 2
split_gain=0.00311115 0.016951 0.0234123 0.0166479 0.0127335 0.0251784
threshold=0.40601699904274541 -0.28174016309892996 -0.14785035516316869 -0.5993838341988974 -0.053470711242552503 0.10016094044642973
decision_type=2 2 2 2 2 2
left_child=3 -2 -3 -1 5 -5
right_child=1 2 -4 4 -6 -7
leaf_value=0.0013527673351311771 -0.0012872986363185179 -0.0009390134988057667 0.0011316901973718516 0.0002427975431887333 0.00078621011073933033 -0.0015998202635971613
leaf_weight=24 27 22 32 39 26 30
leaf_count=24 27 22 32 39 26 30
internal_value=0 -0.00023811 0.000195472 0.000163397 -8.56059e-05 -0.000487138
internal_weight=200 81 54 119 95 69
internal_count=200 81 54 119 95 69
is_linear=0
shrinkage=0.05


Tree=276
num_leaves=8
num_cat=0
split_feature=5 1 9 1 3 8 7
split_gain=0.00325633 0.0151149 0.01581 0.0203917 0.0166865 0.00869897 0.00789002
threshold=0.68138907804659132 -0.5993838341988974 1.0928491851967055 -0.057555013486127564 0.20872177330072259 0.076043037132721564 0.13337250657579211
decision_type=2 2 2 2 2 2 2
left_child=1 -1 3 -3 6 -2 -5
right_child=5 2 -4 4 -6 -7 -8
leaf_value=0.0010745189851501626 -0.0011770391036334694 -0.0014942985894375071 0.0011099660713503609 0 -0.00081205401896016968 7.497680376272693e-05 0.0014270497777902368
leaf_weight=33 20 30 20 21 31 25 20
leaf_count=33 20 30 20 21 31 25 20
internal_value=0 0.000110686 -0.00010974 -0.000398722 0 -0.000371986 0.000718339
internal_weight=200 155 122 102 72 45 41
internal_count=200 155 122 102 72 45 41
is_linear=0
shrinkage=0.05


Tree=277
num_leaves=8
num_cat=0
split_feature=2 4 0 2 6 9 6
split_gain=0.00311462 0.00937435 0.0140201 0.0193982 0.039128 0.0358554 0.0155311
threshold=-1.0099812928652321 1.3006673947196312 -0.53729058320574297 0.10016094044642973 0.065635368160167365 1.0000000180025095e-35 0.25488469790422458
decision_type=2 2 2 2 2 2 2
left_child=-1 2 -2 6 5 -5 -4
right_child=1 -3 3 4 -6 -7 -8
leaf_value=-0.00046543945245865577 -0.0010159414304123319 0.0010553011662280398 0.0016459944864234907 -0.002779102966109935 0.0011225944172045537 0 0
leaf_weight=30 30 22 31 21 25 20 21
leaf_count=30 30 22 31 21 25 20 21
internal_value=0 8.62668e-05 -2.46331e-05 0.000185704 -0.000328591 -0.00133569 0.000933811
internal_weight=200 170 148 118 66 41 52
internal_count=200 170 148 118 66 41 52
is_linear=0
shrinkage=0.05


Tree=278
num_leaves=7
num_cat=0
split_feature=4 4 8 1 5 5
split_gain=0.00290697 0.0164111 0.013102 0.0363568 0.019832 0.0161794
threshold=1.0300775799107975 0.62169092603662379 -0.20301925959018771 0.5700380129846615 0.23629185763565297 -0.21514663834254452
decision_type=2 2 2 2 2 2
left_child=1 2 5 4 -4 -1
right_child=-2 -3 3 -5 -6 -7
leaf_value=-0.00023490853779170384 -0.00039597613952873213 0.0014085723674233774 0.0010308878953971922 -0.0020566029677531496 -0.00077581941204899895 0.0013357502205098926
leaf_weight=28 37 21 32 26 27 29
leaf_count=28 37 21 32 26 27 29
internal_value=0 9.42964e-05 -6.57364e-05 -0.000488961 0.000119574 0.000477573
internal_weight=200 163 142 85 59 57
internal_count=200 163 142 85 59 57
is_linear=0
shrinkage=0.05


Tree=279
num_leaves=8
num_cat=0
split_feature=2 4 0 2 6 1 6
split_gain=0.00290802 0.00881775 0.0130335 0.0170321 0.0343797 0.0228836 0.0138301
threshold=-1.0099812928652321 1.3006673947196312 -0.53729058320574297 0.10016094044642973 0.065635368160167365 1.0000000180025095e-35 0.25488469790422458
decision_type=2 2 2 2 2 2 2
left_child=-1 2 -2 6 5 -5 -4
right_child=1 -3 3 4 -6 -7 -8
leaf_value=-0.00045095349559900772 -0.00098103655214449312 0.0010224840747049223 0.0015515272560981596 0 0.0010529556596443888 -0.0023978941411803966 0
leaf_weight=30 30 22 31 20 25 21 21
leaf_count=30 30 22 31 20 25 21 21
internal_value=0 8.21859e-05 -2.44232e-05 0.000177071 -0.000301116 -0.00124898 0.000879384
internal_weight=200 170 148 118 66 41 52
internal_count=200 170 148 118 66 41 52
is_linear=0
shrinkage=0.05


Tree=280
num_leaves=7
num_cat=0
split_feature=9 7 6 7 1 1
split_gain=0.00348856 0.0202455 0.0234346 0.017055 0.0281988 0.026304
threshold=0.40601699904274541 -0.37968817588971138 0.27649602086819425 -0.14323352037145445 0.095938981053092703 0.37645805247457781
decision_type=2 2 2 2 2 2
left_child=3 -2 -3 4 -1 -5
right_child=1 2 -4 5 -6 -7
leaf_value=0.002096587307083298 -0.0015677123177442087 -0.00054193020216511813 0.0014627321375316228 -0.0012428572112719487 -5.628234098642215e-05 0.00071183216287610456
leaf_weight=25 22 36 23 37 28 29
leaf_count=25 22 36 23 37 28 29
internal_value=0 -0.0002518 0.000156099 0.00017336 0.000867096 -0.000308558
internal_weight=200 81 59 119 53 66
internal_count=200 81 59 119 53 66
is_linear=0
shrinkage=0.05


Tree=281
num_leaves=8
num_cat=0
split_feature=5 1 4 4 7 7 0
split_gain=0.00293216 0.00842458 0.0138215 0.0114787 0.0116143 0.0176214 0.0113659
threshold=-1.2223919583666392 -1.3346849268141525 1.1872433748230649 0.62169092603662379 0.34101924767434805 -0.14323352037145445 0.33468831985443565
decision_type=2 2 2 2 2 2 2
left_child=-1 -2 3 4 5 -3 -6
right_child=1 2 -4 -5 6 -7 -8
leaf_value=0.00048345574809279554 -0.00099676694295356446 0.00013719521475307427 -0.0010599974006640189 0.0013638382411529473 0 -0.0014870837993024811 0.0015705644699225937
leaf_weight=27 22 45 23 20 20 23 20
leaf_count=27 22 45 23 20 20 23 20
internal_value=0 -7.58668e-05 2.57843e-05 0.000260593 8.96209e-06 -0.000340149 0.000726507
internal_weight=200 173 151 128 108 68 40
internal_count=200 173 151 128 108 68 40
is_linear=0
shrinkage=0.05


Tree=282
num_leaves=7
num_cat=0
split_feature=9 7 6 7 6 6
split_gain=0.00295363 0.0182154 0.0212351 0.0152186 0.0239062 0.0152513
threshold=0.40601699904274541 -0.37968817588971138 0.27649602086819425 -0.14323352037145445 -0.026037665120252667 0.023307545217260705
decision_type=2 2 2 2 2 2
left_child=3 -2 -3 4 -1 -5
right_child=1 2 -4 5 -6 -7
leaf_value=0 -0.0014823920720328505 -0.00050838906659778223 0.0013973619317176281 0.00033517058178628156 0.0019867653787499335 -0.0011161654700185652
leaf_weight=29 22 36 23 34 24 32
leaf_count=29 22 36 23 34 24 32
internal_value=0 -0.00023224 0.000151036 0.000158972 0.000816068 -0.000293489
internal_weight=200 81 59 119 53 66
internal_count=200 81 59 119 53 66
is_linear=0
shrinkage=0.05


Tree=283
num_leaves=7
num_cat=0
split_feature=9 7 6 7 4 1
split_gain=0.00263959 0.0164194 0.0192009 0.0135723 0.0259639 0.0230772
threshold=0.40601699904274541 -0.37968817588971138 0.27649602086819425 -0.14323352037145445 -0.023653675461537578 0.37645805247457781
decision_type=2 2 2 2 2 2
left_child=3 -2 -3 4 -1 -5
right_child=1 2 -4 5 -6 -7
leaf_value=0.0019570127120046724 -0.0014086077971662064 -0.00048304003369259207 0.0013277962759491943 -0.0011543449677978883 -0.0001128807547916509 0.00067500614887583508
leaf_weight=25 22 36 23 37 28 29
leaf_count=25 22 36 23 37 28 29
internal_value=0 -0.000220664 0.000139329 0.000149165 0.000771169 -0.000275091
internal_weight=200 81 59 119 53 66
internal_count=200 81 59 119 53 66
is_linear=0
shrinkage=0.05


Tree=284
num_leaves=8
num_cat=0
split_feature=3 7 1 8 7 5 7
split_gain=0.00286319 0.00808612 0.0123459 0.00865701 0.03115 0.0216814 0.0143095
threshold=-1.289912086072208 0.45796664919111035 0.05191326338887798 0.23879331278097329 -0.7829995439310653 -0.11031858078721309 -0.16357954804292413
decision_type=2 2 2 2 2 2 2
left_child=-1 3 -3 4 -2 -5 -6
right_child=1 2 -4 5 6 -7 -8
leaf_value=0.00054902235902316192 -0.0010023664518037062 -0.0013586072136074084 0 0.00057903598692413962 0.0023322866974741369 -0.0013248372470025386 0.00032523808412972352
leaf_weight=21 20 27 27 28 20 28 29
leaf_count=21 20 27 27 28 20 28 29
internal_value=0 -6.67459e-05 -0.000595065 0.000121813 0.000523818 -0.000284439 0.00124936
internal_weight=200 179 54 125 69 56 49
internal_count=200 179 54 125 69 56 49
is_linear=0
shrinkage=0.05


Tree=285
num_leaves=8
num_cat=0
split_feature=7 8 4 3 3 2 6
split_gain=0.00269721 0.020406 0.0365691 0.024116 0.0303416 0.0168298 0.0062196
threshold=-0.89289114634625366 0.5327708601056651 0.18648266153919926 0.036535821987787924 0.89588184640498669 0.28676327924322481 -0.24450826217084101
decision_type=2 2 2 2 2 2 2
left_child=-1 3 -3 5 6 -2 -5
right_child=1 2 -4 4 -6 -7 -8
leaf_value=0.00043692766644334836 0.00020517658094268022 -0.0023181504048629706 0.00020872070819810315 -0.00026566996401296321 0.0010790611510697883 0.0021670373562741054 -0.0018942568135299936
leaf_weight=30 37 25 26 20 20 21 21
leaf_count=30 37 25 26 20 20 21 21
internal_value=0 -7.65496e-05 -0.000934207 0.000249512 -0.000386574 0.00100407 -0.00122406
internal_weight=200 170 51 119 61 58 41
internal_count=200 170 51 119 61 58 41
is_linear=0
shrinkage=0.05


Tree=286
num_leaves=7
num_cat=0
split_feature=4 4 0 0 0 0
split_gain=0.00252729 0.01317 0.0108784 0.0185619 0.0148506 0.0177398
threshold=1.0300775799107975 0.62169092603662379 0.28011584133812589 0.59012526187806846 -0.13638236272716078 -0.53729058320574297
decision_type=2 2 2 2 2 2
left_child=1 2 4 -4 5 -1
right_child=-2 -3 3 -5 -6 -7
leaf_value=-0.00070421633316804211 -0.00036931819561115818 0.0012656509960114392 0.0014819130015770992 -0.00019288248181056902 -0.0013469473388435882 0.0012098723498928309
leaf_weight=30 37 21 25 37 30 20
leaf_count=30 37 21 25 37 30 20
internal_value=0 8.78217e-05 -5.19459e-05 0.000403222 -0.000467186 0
internal_weight=200 163 142 62 80 50
internal_count=200 163 142 62 80 50
is_linear=0
shrinkage=0.05


Tree=287
num_leaves=7
num_cat=0
split_feature=3 3 1 0 6 0
split_gain=0.00262645 0.0115878 0.0114644 0.0203193 0.0196868 0.0161622
threshold=1.1791560607766125 0.8429562258010318 1.1421014948046573 0.59012526187806846 -0.53229006343190233 -0.17992183429944475
decision_type=2 2 2 2 2 2
left_child=1 2 3 4 -1 -6
right_child=-2 -3 -4 -5 5 -7
leaf_value=0.0016543846579063087 -0.0004996882642224205 0.0011795644796237139 -0.00094963834741681921 -0.00084449008433546281 -0.00086115443206141349 0.00075003917121336161
leaf_weight=28 23 21 30 35 27 36
leaf_count=28 23 21 30 35 27 36
internal_value=0 6.71397e-05 -5.12388e-05 0.000123598 0.000551343 0
internal_weight=200 177 156 126 91 63
internal_count=200 177 156 126 91 63
is_linear=0
shrinkage=0.05


Tree=288
num_leaves=7
num_cat=0
split_feature=8 7 0 7 3 6
split_gain=0.00241201 0.013472 0.0208148 0.0193174 0.0189402 0.0140334
threshold=-1.0153646948044228 -0.89289114634625366 0.7220267109355033 -0.34067680349636748 0.89588184640498669 0.098220931421532071
decision_type=2 2 2 2 2 2
left_child=-1 -2 3 -3 5 -5
right_child=1 2 -4 4 -6 -7
leaf_value=0.00046954660644900651 0.0010203260142211017 -0.0020009305758481202 0.00078792516557145247 -1.1842806041725538e-05 0.00089627150484820623 -0.0015367039185276582
leaf_weight=24 23 21 33 46 24 29
leaf_count=24 23 21 33 46 24 29
internal_value=0 -6.37915e-05 -0.000259982 -0.000590204 -0.000238788 -0.000669295
internal_weight=200 176 153 120 99 75
internal_count=200 176 153 120 99 75
is_linear=0
shrinkage=0.05


Tree=289
num_leaves=8
num_cat=0
split_feature=3 3 4 2 2 4 3
split_gain=0.00267708 0.0102508 0.0108088 0.0364253 0.0234379 0.0351716 0.0215453
threshold=1.1791560607766125 0.8429562258010318 0.073151886678842634 -0.4140720197851952 -0.55648625319917489 -0.59893667720263621 -0.64846967926451671
decision_type=2 2 2 2 2 2 2
left_child=1 2 4 -4 -1 -6 -5
right_child=-2 -3 3 6 5 -7 -8
leaf_value=0.0015783184307887864 -0.00050460732794211554 0.0011135928017215284 -0.002223535726580145 0.001260256226104035 -0.0019243618250426035 0.00065171427217278622 -0.00073976358897104256
leaf_weight=26 23 21 22 25 20 36 27
leaf_count=26 23 21 22 25 20 36 27
internal_value=0 6.76614e-05 -4.17295e-05 -0.000506819 0.00031719 -0.000180977 0.000126388
internal_weight=200 177 156 74 82 56 52
internal_count=200 177 156 74 82 56 52
is_linear=0
shrinkage=0.05


Tree=290
num_leaves=8
num_cat=0
split_feature=6 8 3 6 6 4 2
split_gain=0.002544 0.0120277 0.0155602 0.0128339 0.0137716 0.0161177 0.00982231
threshold=1.0027405419071362 -0.54599136229516632 0.97206270029054276 0.25488469790422458 -0.82892638494837001 0.073151886678842634 0.052601104911993962
decision_type=2 2 2 2 2 2 2
left_child=1 6 3 4 -3 -6 -1
right_child=-2 2 -4 -5 5 -7 -8
leaf_value=-0.0016270487221764095 0.0004093900133603227 -0.00061850616222850689 0.0013574207671475493 -0.0011174804532970012 0.0015665810093854133 -3.4626890398963839e-05 0
leaf_weight=20 32 28 22 24 27 24 23
leaf_count=20 32 28 22 24 27 24 23
internal_value=0 -7.6355e-05 0.00013835 -7.4602e-05 0.000180023 0.000716631 -0.000815379
internal_weight=200 168 125 103 79 51 43
internal_count=200 168 125 103 79 51 43
is_linear=0
shrinkage=0.05


Tree=291
num_leaves=7
num_cat=0
split_feature=3 3 1 8 6 9
split_gain=0.00286868 0.00920966 0.00997086 0.00976017 0.0290026 0.0173992
threshold=1.1791560607766125 0.8429562258010318 1.1421014948046573 -0.72651789902524244 0.22311312672206482 0.40601699904274541
decision_type=2 2 2 2 2 2
left_child=1 2 3 -1 5 -5
right_child=-2 -3 -4 4 -6 -7
leaf_value=0.0010441334010005245 -0.00052446720833654282 0.0010589538662919501 -0.00087542105187658845 0.0011960606304577432 -0.0012239191670827259 -0.00036247951494329479
leaf_weight=24 23 21 30 41 36 25
leaf_count=24 23 21 30 41 36 25
internal_value=0 6.79489e-05 -3.40178e-05 0.000127201 -4.03881e-05 0.000530406
internal_weight=200 177 156 126 102 66
internal_count=200 177 156 126 102 66
is_linear=0
shrinkage=0.05


Tree=292
num_leaves=8
num_cat=0
split_feature=6 8 5 3 6 6 3
split_gain=0.00264953 0.0113773 0.0192379 0.0141607 0.0106756 0.0116058 0.0156339
threshold=1.0027405419071362 -0.54599136229516632 -0.058179031203032937 0.97206270029054276 0.27649602086819425 -0.82892638494837001 0.19467182497800881
decision_type=2 2 2 2 2 2 2
left_child=1 2 -1 4 5 -3 -7
right_child=-2 3 -4 -5 -6 6 -8
leaf_value=-0.0018065001886112221 0.00041460518041956369 -0.00059880619575319242 0.0001130718133465586 0.0012908848004660051 -0.0010790928075199617 0.0014519003002814871 -0.0001127399820688879
leaf_weight=23 32 28 20 22 22 28 25
leaf_count=23 32 28 20 22 22 28 25
internal_value=0 -8.11103e-05 -0.000799476 0.000126481 -7.47408e-05 0.000137388 0.000620878
internal_weight=200 168 43 125 103 81 53
internal_count=200 168 43 125 103 81 53
is_linear=0
shrinkage=0.05


Tree=293
num_leaves=7
num_cat=0
split_feature=3 3 6 6 4 4
split_gain=0.00299688 0.00821938 0.00999358 0.0209951 0.00784299 0.0278742
threshold=1.1791560607766125 0.8429562258010318 1.0027405419071362 0.25488469790422458 -0.44584297730777572 0.18648266153919926
decision_type=2 2 2 2 2 2
left_child=1 2 3 4 -1 -6
right_child=-2 -3 -4 -5 5 -7
leaf_value=-0.00050234703109741543 -0.0005371806147514371 0.0010039706295135462 0.00084810405923239148 -0.0015082553243157507 0.0017943471368123038 -0.00024649774265411554
leaf_weight=36 23 21 25 26 24 45
leaf_count=36 23 21 25 26 24 45
internal_value=0 6.83101e-05 -2.61759e-05 -0.000231682 3.79828e-05 0.000392572
internal_weight=200 177 156 131 105 69
internal_count=200 177 156 131 105 69
is_linear=0
shrinkage=0.05


Tree=294
num_leaves=7
num_cat=0
split_feature=3 3 6 6 1 0
split_gain=0.0026933 0.00743427 0.0090666 0.0188988 0.010958 0.0140875
threshold=1.1791560607766125 0.8429562258010318 1.0027405419071362 0.25488469790422458 1.1421014948046573 0.59012526187806846
decision_type=2 2 2 2 2 2
left_child=1 2 3 4 5 -1
right_child=-2 -3 -4 -5 -6 -7
leaf_value=0.00078239084565051272 -0.00051043789100014799 0.00095401005951855429 0.00080586784163052107 -0.0014331315091001119 -0.00087344335428402801 -0.0006130104338775529
leaf_weight=60 23 21 25 26 23 22
leaf_count=60 23 21 25 26 23 22
internal_value=0 6.35222e-05 -2.48548e-05 -0.000222022 3.1376e-05 0.000346823
internal_weight=200 177 156 131 105 82
internal_count=200 177 156 131 105 82
is_linear=0
shrinkage=0.05


Tree=295
num_leaves=8
num_cat=0
split_feature=3 7 0 8 7 5 7
split_gain=0.00252925 0.00693045 0.0183719 0.00741328 0.0286753 0.0170535 0.011649
threshold=-1.289912086072208 0.45796664919111035 -0.026270931897890083 0.23879331278097329 -0.7829995439310653 -0.11031858078721309 -0.16357954804292413
decision_type=2 2 2 2 2 2 2
left_child=-1 3 -3 4 -2 -5 -6
right_child=1 2 -4 5 6 -7 -8
leaf_value=0.00051381381060839823 -0.00097953237729860618 -0.0017213695591687492 3.9683977912920115e-05 0.00048519487118222542 0.0021686184961367309 -0.0011925613981575516 0.00032211507044898995
leaf_weight=21 20 21 33 28 20 28 29
leaf_count=21 20 21 33 28 20 28 29
internal_value=0 -6.48251e-05 -0.000554665 0.000107092 0.000481537 -0.000265187 0.0011805
internal_weight=200 179 54 125 69 56 49
internal_count=200 179 54 125 69 56 49
is_linear=0
shrinkage=0.05


Tree=296
num_leaves=8
num_cat=0
split_feature=6 6 9 8 7 9 8
split_gain=0.00298269 0.0142626 0.0131081 0.0106228 0.0138084 0.0150019 0.0176969
threshold=-0.17713117266070152 -0.68227132361849663 -0.19166057603521211 -0.68339916026339831 0.68377607868553192 -0.13725173314581349 0.50244140064858323
decision_type=2 2 2 2 2 2 2
left_child=1 2 -1 -2 5 -5 -7
right_child=3 -3 -4 4 -6 6 -8
leaf_value=-0.00054223732987126181 0.0012166906968315147 -0.0011275884228142789 0.00092724056583544747 0.0011667061623408647 -0.0011136394240026609 -0.0013809193180531116 0.00064337033852564164
leaf_weight=26 20 30 31 30 23 20 20
leaf_count=26 20 30 31 30 23 20 20
internal_value=0 -0.000221075 0.000169611 0.000168201 -4.63963e-06 0.000289488 -0.000245006
internal_weight=200 87 57 113 93 70 40
internal_count=200 87 57 113 93 70 40
is_linear=0
shrinkage=0.05


Tree=297
num_leaves=7
num_cat=0
split_feature=6 5 6 1 6 4
split_gain=0.00269284 0.0147981 0.015988 0.00949183 0.0154865 0.0234837
threshold=-0.17713117266070152 0.27959134229497307 -1.0292394857285847 -0.50452283143810328 0.098220931421532071 0.34496602550163707
decision_type=2 2 2 2 2 2
left_child=1 2 -1 -2 -5 -6
right_child=3 -3 -4 4 5 -7
leaf_value=7.4931869401314129e-05 0.00087396539331214434 0.00053832143980565167 -0.0014881928695069852 0.0010326555457466574 -0.0014720206843897297 0.00043066299870124947
leaf_weight=22 34 33 32 20 33 26
leaf_count=22 34 33 32 20 33 26
internal_value=0 -0.000210064 -0.000759981 0.000159814 -8.50468e-05 -0.000549638
internal_weight=200 87 54 113 79 59
internal_count=200 87 54 113 79 59
is_linear=0
shrinkage=0.05


Tree=298
num_leaves=7
num_cat=0
split_feature=7 8 7 4 1 7
split_gain=0.00245726 0.017759 0.0276293 0.0169728 0.0308607 0.016026
threshold=-0.89289114634625366 0.42837544121092647 0.290393031021634 -0.34860813675483643 0.37645805247457781 0.24992221560320146
decision_type=2 2 2 2 2 2
left_child=-1 3 -3 -2 5 -5
right_child=1 2 -4 4 -6 -7
leaf_value=0.00041906589033403912 0.0011476360145338744 -0.0019842594136858559 9.2055679929420287e-05 0 0.00093781390470449883 -0.0019974623339170882
leaf_weight=30 37 27 29 21 34 22
leaf_count=30 37 27 29 21 34 22
internal_value=0 -7.09841e-05 -0.000821651 0.00025434 -0.000110987 -0.00105653
internal_weight=200 170 56 114 77 43
internal_count=200 170 56 114 77 43
is_linear=0
shrinkage=0.05


Tree=299
num_leaves=8
num_cat=0
split_feature=4 9 5 4 2 9 0
split_gain=0.00241187 0.0147574 0.0153043 0.0143761 0.0156207 0.0205353 0.0165429
threshold=-0.17284956211234459 -0.74916025757631621 0.10867640870088148 0.073151886678842634 -0.59536620044771249 0.58255486527867095 0.13721357584674315
decision_type=2 2 2 2 2 2 2
left_child=1 -1 -3 -2 -5 6 -6
right_child=3 2 -4 4 5 -7 -8
leaf_value=0.0008701827293678896 0.0013133317440961819 -0.001475586639669215 0 -0.001151281493890788 0.00055063603425599427 0.0015213439094146626 -0.0012358002882466277
leaf_weight=20 22 29 32 26 24 23 24
leaf_count=20 22 29 32 26 24 23 24
internal_value=0 -0.000205559 -0.000640941 0.000147832 -6.60954e-05 0.000262034 -0.000239344
internal_weight=200 81 61 119 97 71 48
internal_count=200 81 61 119 97 71 48
is_linear=0
shrinkage=0.05


Tree=300
num_leaves=9
num_cat=0
split_feature=3 4 1 7 3 7 2 7
split_gain=0.00246481 0.00577665 0.0235168 0.0173532 0.0148353 0.0190196 0.0220236 0.0183292
threshold=-1.289912086072208 0.80623386216812409 0.21207313837254302 -0.89289114634625366 1.0383130688101097 0.290393031021634 0.076313224626990861 0.94092318668106589
decision_type=2 2 2 2 2 2 2 2
left_child=-1 3 -3 -2 5 6 -5 -7
right_child=1 2 -4 4 -6 7 -8 -9
leaf_value=0.00051741229979347843 0.0013479635521348211 -0.0018729627521625204 0.00031792963835646502 -0.0020893414375953018 0.0010186054384734352 0.001372387452808019 0 -0.0006629131816035666
leaf_weight=21 23 20 24 27 20 21 24 20
leaf_count=21 23 20 24 27 20 21 24 20
internal_value=0 -5.35308e-05 -0.000566541 7.69584e-05 -0.000140418 -0.000447501 -0.00111248 0.000258706
internal_weight=200 179 44 135 112 92 51 41
internal_count=200 179 44 135 112 92 51 41
is_linear=0
shrinkage=0.05


Tree=301
num_leaves=7
num_cat=0
split_feature=3 3 1 0 6 2
split_gain=0.00252761 0.00722909 0.00830561 0.0178014 0.014021 0.0139861
threshold=1.1791560607766125 0.8429562258010318 1.1421014948046573 0.59012526187806846 -0.53229006343190233 0.28676327924322481
decision_type=2 2 2 2 2 2
left_child=1 2 3 4 -1 -6
right_child=-2 -3 -4 -5 5 -7
leaf_value=0.0014717800124279916 -0.00048257425211740903 0.00094852450113937746 -0.00078647851996569351 -0.00076951265228617719 -0.00046359305043735779 0.0010513656980385116
leaf_weight=28 23 21 30 35 39 24
leaf_count=28 23 21 30 35 39 24
internal_value=0 7.28369e-05 -1.35455e-05 0.000131313 0.000533133 3.50464e-05
internal_weight=200 177 156 126 91 63
internal_count=200 177 156 126 91 63
is_linear=0
shrinkage=0.05


Tree=302
num_leaves=8
num_cat=0
split_feature=6 5 6 8 7 9 8
split_gain=0.00271132 0.012915 0.0134257 0.00909311 0.011801 0.013714 0.0158069
threshold=-0.17713117266070152 0.27959134229497307 -1.0292394857285847 -0.68339916026339831 0.68377607868553192 -0.13725173314581349 0.50244140064858323
decision_type=2 2 2 2 2 2 2
left_child=1 2 -1 -2 5 -5 -7
right_child=3 -3 -4 4 -6 6 -8
leaf_value=2.5366765136959027e-05 0.0011360622013079824 0.00049011850514339445 -0.001383656668665346 0.0011209183775563029 -0.0010181514102788199 -0.001303326279684827 0.00060660245073078877
leaf_weight=22 20 33 32 30 23 20 20
leaf_count=22 20 33 32 30 23 20 20
internal_value=0 -0.000202432 -0.000718203 0.000168444 0 0.000281533 -0.000224542
internal_weight=200 87 54 113 93 70 40
internal_count=200 87 54 113 93 70 40
is_linear=0
shrinkage=0.05


Tree=303
num_leaves=9
num_cat=0
split_feature=5 1 9 1 6 2 8 2
split_gain=0.00244249 0.0117955 0.0128646 0.0229445 0.0177249 0.0233686 0.0085027 0.00368159
threshold=0.68138907804659132 -0.85175710570357788 1.0928491851967055 -0.38836542391905376 0.098220931421532071 0.076313224626990861 0.076043037132721564 -0.15907034707281489
decision_type=2 2 2 2 2 2 2 2
left_child=1 -1 3 -3 5 -5 -2 -6
right_child=6 2 -4 4 7 -7 -8 -9
leaf_value=0.0010637698122867249 -0.0011210031977701765 -0.0017947357677594181 0.0010470096539678191 0.0019621678533646887 -0.0012273529305850243 -0.00012715084112955834 0.00013394329429741397 0
leaf_weight=27 20 21 20 21 20 26 25 20
leaf_count=27 20 21 20 21 20 26 25 20
internal_value=0 0.000103268 -6.09787e-05 -0.000313194 0 0.000702401 -0.000314195 -0.000724949
internal_weight=200 155 128 108 87 47 45 40
internal_count=200 155 128 108 87 47 45 40
is_linear=0
shrinkage=0.05


Tree=304
num_leaves=7
num_cat=0
split_feature=6 0 5 5 7 0
split_gain=0.00274874 0.0095999 0.0328999 0.0118311 0.00722162 0.013275
threshold=1.0000000180025095e-35 0.38632202673513577 -0.70876392157612755 0.23629185763565297 -0.34067680349636748 -0.013778311009955089
decision_type=2 2 2 2 2 2
left_child=4 2 -2 -4 -1 -6
right_child=1 -3 3 -5 5 -7
leaf_value=-0.00077091264072473977 -0.00094763548532721554 -0.00046124572624325552 0.0022888293842921888 0.00037785092657753106 -0.00062956922802941855 0.00076187042398014266
leaf_weight=35 21 30 21 26 30 37
leaf_count=35 21 30 21 26 30 37
internal_value=0 0.00019651 0.000560369 0.0013409 -0.000173787 6.43124e-05
internal_weight=200 98 68 47 102 67
internal_count=200 98 68 47 102 67
is_linear=0
shrinkage=0.05


Tree=305
num_leaves=8
num_cat=0
split_feature=6 5 8 2 6 5 4
split_gain=0.00244501 0.00824139 0.0203763 0.019572 0.00670212 0.0208811 0.01766
threshold=1.0000000180025095e-35 -0.70876392157612755 0.58021105546225671 -0.0097840681389136201 -0.68227132361849663 -0.21514663834254452 -0.24590277610794642
decision_type=2 2 2 2 2 2 2
left_child=4 -2 3 -3 6 -6 -1
right_child=1 2 -4 -5 5 -7 -8
leaf_value=-0.00087364874822319367 -0.00043413139250820756 0.00080135947572775338 0.001771929519191991 -0.00125240040989361 0.00031741892376040679 -0.0016886669786826175 0.00089593414143686377
leaf_weight=22 29 27 22 20 21 24 35
leaf_count=22 29 27 22 20 21 24 35
internal_value=0 0.0001842 0.000516689 0 -0.000165129 -0.000643001 0.000125038
internal_weight=200 98 69 47 102 45 57
internal_count=200 98 69 47 102 45 57
is_linear=0
shrinkage=0.05


Tree=306
num_leaves=8
num_cat=0
split_feature=3 3 4 2 2 4 4
split_gain=0.00252457 0.00658521 0.00871744 0.0318133 0.0234499 0.028693 0.0172577
threshold=1.1791560607766125 0.8429562258010318 1.0000000180025095e-35 -0.4140720197851952 -0.55648625319917489 -0.46853740374328245 0.68601774066871213
decision_type=2 2 2 2 2 2 2
left_child=1 2 4 -4 -1 -6 -5
right_child=-2 -3 3 6 5 -7 -8
leaf_value=0.0015756252376983564 -0.00048563809021178513 0.00090566862913033983 -0.0020401282501470177 -0.00082705020342218141 -0.0013708678673243556 0.0009151501165502575 0.00093800837843709844
leaf_weight=26 23 21 22 22 28 25 33
leaf_count=26 23 21 22 22 28 25 33
internal_value=0 6.98235e-05 -1.11715e-05 -0.000419151 0.000323296 -0.000198703 0.000141021
internal_weight=200 177 156 77 79 53 55
internal_count=200 177 156 77 79 53 55
is_linear=0
shrinkage=0.05


Tree=307
num_leaves=9
num_cat=0
split_feature=3 4 1 7 3 7 4 7
split_gain=0.00238297 0.00543763 0.0208727 0.0145905 0.0130852 0.0172808 0.0216893 0.0157517
threshold=-1.289912086072208 0.80623386216812409 0.21207313837254302 -0.89289114634625366 1.0383130688101097 0.290393031021634 -0.34860813675483643 0.94092318668106589
decision_type=2 2 2 2 2 2 2 2
left_child=-1 3 -3 -2 5 6 -5 -7
right_child=1 2 -4 4 -6 7 -8 -9
leaf_value=0.00050776450634355797 0.0012387074994526046 -0.0017822256907172021 0.00026969262224880986 0 0.00096112142910078106 0.0012905510879558692 -0.001917207512217094 -0.00058577624862012794
leaf_weight=21 23 20 24 21 20 21 30 20
leaf_count=21 23 20 24 21 20 21 30 20
internal_value=0 -5.37446e-05 -0.000551545 7.17801e-05 -0.000124145 -0.000415149 -0.00105072 0.000254417
internal_weight=200 179 44 135 112 92 51 41
internal_count=200 179 44 135 112 92 51 41
is_linear=0
shrinkage=0.05


Tree=308
num_leaves=7
num_cat=0
split_feature=3 1 0 0 3 9
split_gain=0.00253884 0.00606232 0.0112814 0.0193213 0.0194336 0.0104277
threshold=1.1791560607766125 1.1421014948046573 0.59012526187806846 0.28011584133812589 -0.10777907911498323 0.40601699904274541
decision_type=2 2 2 2 2 2
left_child=1 2 3 4 -1 -6
right_child=-2 -3 -4 -5 5 -7
leaf_value=0.0010615912502937256 -0.00048376589421852127 -0.00050262287070516301 -0.00042402880966587142 0.0019433682657018379 6.765192323037837e-05 -0.0012378919684203158
leaf_weight=36 23 32 39 20 27 23
leaf_count=36 23 32 39 20 27 23
internal_value=0 7.28938e-05 0.000234622 0.000524253 0.00013428 -0.00043437
internal_weight=200 177 145 106 86 50
internal_count=200 177 145 106 86 50
is_linear=0
shrinkage=0.05


Tree=309
num_leaves=7
num_cat=0
split_feature=3 6 1 9 6 8
split_gain=0.00227873 0.00626156 0.0151809 0.0117336 0.00784683 0.0147975
threshold=1.1791560607766125 1.0027405419071362 1.1421014948046573 -0.77565725462888946 -0.68227132361849663 0.056966815367347261
decision_type=2 2 2 2 2 2
left_child=1 2 3 -1 -5 -6
right_child=-2 -3 -4 4 5 -7
leaf_value=0.0011746344859885724 -0.00045968230342032846 0.00077699562998632889 -0.0011019706015153606 0.00060049243084931651 -0.0012388888554474742 0.00016868281275834269
leaf_weight=24 23 27 28 30 29 39
leaf_count=24 23 27 28 30 29 39
internal_value=0 6.78631e-05 -2.69023e-05 0.000179585 -1.4081e-05 -0.000359121
internal_weight=200 177 150 122 98 68
internal_count=200 177 150 122 98 68
is_linear=0
shrinkage=0.05


Tree=310
num_leaves=7
num_cat=0
split_feature=4 2 1 2 3 7
split_gain=0.00256207 0.0120634 0.0147578 0.0196263 0.00988748 0.0237742
threshold=-0.085521822524017271 0.8698368253972073 -0.18965921797176757 1.0000000180025095e-35 -0.41325862778101113 -0.14323352037145445
decision_type=2 2 2 2 2 2
left_child=4 2 -2 -4 -1 -6
right_child=1 -3 3 -5 5 -7
leaf_value=-0.00093413956277671364 0.0012394050578490015 -0.00085703261548175994 -0.00082856372436311576 0.0011173343934754343 0.0013152228641569957 -0.00067560551448913686
leaf_weight=31 36 20 33 21 26 33
leaf_count=31 36 20 33 21 26 33
internal_value=0 0.000169541 0.00045386 0 -0.000189644 0.000117847
internal_weight=200 110 90 54 90 59
internal_count=200 110 90 54 90 59
is_linear=0
shrinkage=0.05


Tree=311
num_leaves=8
num_cat=0
split_feature=7 7 3 5 5 2 4
split_gain=0.00230895 0.00627348 0.0107515 0.0154513 0.0119756 0.0102583 0.0040869
threshold=-0.71341139243060037 -0.16357954804292413 -0.8237813361957852 -0.76207132572875502 0.39876812111814403 0.068790183900552623 0.073151886678842634
decision_type=2 2 2 2 2 2 2
left_child=6 -2 -3 -4 5 -5 -1
right_child=1 2 3 4 -6 -7 -8
leaf_value=0 0.00065536658044980693 0.00081693240927450689 -0.0014895933726591761 0.0013309361118132173 -0.00073862214475263694 -2.7765517687165531e-05 -0.00085221393409171207
leaf_weight=22 39 25 22 22 30 20 20
leaf_count=22 39 25 22 22 30 20 20
internal_value=0 9.38197e-05 -4.86309e-05 -0.000332592 0 0.000566641 -0.000322577
internal_weight=200 158 119 94 72 42 42
internal_count=200 158 119 94 72 42 42
is_linear=0
shrinkage=0.05


Tree=312
num_leaves=8
num_cat=0
split_feature=4 2 0 1 2 3 7
split_gain=0.00230178 0.0106947 0.0163954 0.0146629 0.0147451 0.00922244 0.0207237
threshold=-0.085521822524017271 0.8698368253972073 0.53056578354256645 -0.18965921797176757 -0.21123306410811662 -0.41325862778101113 -0.14323352037145445
decision_type=2 2 2 2 2 2 2
left_child=5 2 3 -2 -5 -1 -7
right_child=1 -3 -4 4 -6 6 -8
leaf_value=-0.00090159576399689032 0.00092098784418552602 -0.00080282958777533353 0.0016920765611083612 -0.0015471249881063806 0.00018545219109733523 0.0012347009837613138 -0.00062117208684499183
leaf_weight=31 29 20 20 20 21 26 33
leaf_count=31 29 20 20 20 21 26 33
internal_value=0 0.00015886 0.000428716 0 -0.000539761 -0.000181739 0.000112773
internal_weight=200 110 90 70 41 90 59
internal_count=200 110 90 70 41 90 59
is_linear=0
shrinkage=0.05


Tree=313
num_leaves=7
num_cat=0
split_feature=3 4 2 2 2 4
split_gain=0.00245516 0.0060854 0.00845177 0.0164907 0.014381 0.00953554
threshold=1.1791560607766125 1.3006673947196312 0.77039116283773745 0.28676327924322481 -0.068289288353203872 -0.53985545523955258
decision_type=2 2 2 2 2 2
left_child=1 2 3 4 5 -1
right_child=-2 -3 -4 -5 -6 -7
leaf_value=0.001052567759177095 -0.00047930065276367319 0.00087173806273894852 -0.00074531194934019339 0.0013691836363309388 -0.001152537576854229 -9.1146923127308953e-05
leaf_weight=24 23 21 33 23 25 51
leaf_count=24 23 21 33 23 25 51
internal_value=0 6.85069e-05 -8.07881e-06 0.000149543 -8.21121e-05 0.000209178
internal_weight=200 177 156 123 100 75
internal_count=200 177 156 123 100 75
is_linear=0
shrinkage=0.05


Tree=314
num_leaves=8
num_cat=0
split_feature=7 8 7 1 4 2 8
split_gain=0.00220484 0.0104273 0.0229426 0.0222521 0.016563 0.0134934 0.00678195
threshold=-0.71341139243060037 0.42837544121092647 -0.16357954804292413 0.37645805247457781 -0.18882431182941536 0.10016094044642973 -0.086510780692153996
decision_type=2 2 2 2 2 2 2
left_child=6 2 -2 5 -3 -4 -1
right_child=1 4 3 -5 -6 -7 -8
leaf_value=-0.00099474743088062917 0.0017205145299078459 -0.0015980764398749788 0 0.0011280691319102175 0.00012015485120618083 -0.0015233462054516265 0.00012396112596395453
leaf_weight=21 25 20 30 28 32 23 21
leaf_count=21 25 20 30 28 32 23 21
internal_value=0 8.9408e-05 0.000399621 0 -0.000446533 -0.000611749 -0.000317662
internal_weight=200 158 106 81 52 53 42
internal_count=200 158 106 81 52 53 42
is_linear=0
shrinkage=0.05


Tree=315
num_leaves=8
num_cat=0
split_feature=3 3 4 2 2 4 3
split_gain=0.00214801 0.00573724 0.00768655 0.0279568 0.0201256 0.0237296 0.0138143
threshold=1.1791560607766125 0.8429562258010318 0.073151886678842634 -0.4140720197851952 -0.55648625319917489 -0.46853740374328245 -0.64846967926451671
decision_type=2 2 2 2 2 2 2
left_child=1 2 4 -4 -1 -6 -5
right_child=-2 -3 3 6 5 -7 -8
leaf_value=0.0014606610391024943 -0.00044771085802699519 0.00084512953015300333 -0.0019171090505814932 0.0010551732882720037 -0.0012635466171216445 0.00075464576559002082 -0.0005286387410689304
leaf_weight=26 23 21 22 25 28 28 27
leaf_count=26 23 21 22 25 28 28 27
internal_value=0 6.46302e-05 -8.8804e-06 -0.000407684 0.000290172 -0.000165777 0.000137404
internal_weight=200 177 156 74 82 56 52
internal_count=200 177 156 74 82 56 52
is_linear=0
shrinkage=0.05


Tree=316
num_leaves=7
num_cat=0
split_feature=6 1 9 1 6 4
split_gain=0.0020778 0.0123475 0.016226 0.00703024 0.0125545 0.0198034
threshold=-0.17713117266070152 -0.50452283143810328 -0.053470711242552503 -0.50452283143810328 0.098220931421532071 0.34496602550163707
decision_type=2 2 2 2 2 2
left_child=1 -1 -3 -2 -5 -6
right_child=3 2 -4 4 5 -7
leaf_value=-0.0011927670555781913 0.00076123712737320801 -0.00066950952084543014 0.00089779921225769613 0.00094587829992619915 -0.0013324290060289091 0.0004101314974442067
leaf_weight=23 34 29 35 20 33 26
leaf_count=23 34 29 35 20 33 26
internal_value=0 -0.000178219 0.000109673 0.00014652 -5.54591e-05 -0.000480524
internal_weight=200 87 64 113 79 59
internal_count=200 87 64 113 79 59
is_linear=0
shrinkage=0.05


Tree=317
num_leaves=8
num_cat=0
split_feature=7 8 7 1 4 4 8
split_gain=0.00195292 0.00965736 0.0204578 0.0194278 0.0145995 0.0133572 0.00633576
threshold=-0.71341139243060037 0.42837544121092647 -0.16357954804292413 0.37645805247457781 -0.18882431182941536 -0.34860813675483643 -0.086510780692153996
decision_type=2 2 2 2 2 2 2
left_child=6 2 -2 5 -3 -4 -1
right_child=1 4 3 -5 -6 -7 -8
leaf_value=-0.00095385041031865103 0.0016334065496810227 -0.0015081589828379713 0.00019449209162282727 0.0010628460251868724 9.5159309478099467e-05 -0.0012601167322555708 0.00012595541311772229
leaf_weight=21 25 20 22 28 32 31 21
leaf_count=21 25 20 22 28 32 31 21
internal_value=0 8.67409e-05 0.000386175 0 -0.000427243 -0.000562926 -0.000296166
internal_weight=200 158 106 81 52 53 42
internal_count=200 158 106 81 52 53 42
is_linear=0
shrinkage=0.05


Tree=318
num_leaves=7
num_cat=0
split_feature=4 2 9 4 9 4
split_gain=0.00207334 0.0095041 0.0121453 0.0105654 0.0164487 0.0197271
threshold=1.0300775799107975 -0.89084222374334454 1.2315131995473727 0.34496602550163707 0.44615561411872789 -0.28174016309892996
decision_type=2 2 2 2 2 2
left_child=1 -1 3 4 5 -3
right_child=-2 2 -4 -5 -6 -7
leaf_value=0.00091724550404307477 -0.0003285250618973511 0.00057600479998040188 0.00099166675511597516 0.00042765493251869765 -0.0016943308576733704 -0.0012752689313643927
leaf_weight=29 37 36 21 29 25 23
leaf_count=29 37 36 21 29 25 23
internal_value=0 8.50284e-05 -5.83424e-05 -0.00029839 -0.000608712 -6.20125e-05
internal_weight=200 163 134 113 84 59
internal_count=200 163 134 113 84 59
is_linear=0
shrinkage=0.05


Tree=319
num_leaves=8
num_cat=0
split_feature=6 5 6 8 4 0 6
split_gain=0.00204823 0.0119173 0.0115481 0.00824806 0.0088224 0.0174734 0.00666454
threshold=-0.17713117266070152 0.27959134229497307 -1.0292394857285847 -0.68339916026339831 0.7347419871540064 0.28011584133812589 0.48327776272721706
decision_type=2 2 2 2 2 2 2
left_child=1 2 -1 -2 5 6 -5
right_child=3 -3 -4 4 -6 -7 -8
leaf_value=1.0918305419823577e-06 0.0010730077593647574 0.00049177844599327227 -0.0012880599630323479 8.7843959356440364e-05 -0.00086953597359699345 0.001210776967406245 -0.001030958036600209
leaf_weight=22 20 33 32 20 24 29 20
leaf_count=22 20 33 32 20 24 29 20
internal_value=0 -0.000172729 -0.000671397 0.000149325 0 0.000235557 -0.000348045
internal_weight=200 87 54 113 93 69 40
internal_count=200 87 54 113 93 69 40
is_linear=0
shrinkage=0.05


Tree=320
num_leaves=8
num_cat=0
split_feature=5 4 9 1 6 5 8
split_gain=0.00181379 0.0102853 0.0138145 0.014555 0.0138762 0.0123736 0.00678567
threshold=0.68138907804659132 1.0300775799107975 0.98829560984475029 -0.5993838341988974 0.25488469790422458 -0.40997616957200933 0.076043037132721564
decision_type=2 2 2 2 2 2 2
left_child=1 2 3 -1 5 -5 -2
right_child=6 -3 -4 4 -6 -7 -8
leaf_value=0.0011143659468762488 -0.00099351877237748888 -0.00065582898253940542 0.0014688022069662505 -0.00039150302601696188 -0.0011063085314952485 0.0012014462624732128 0.00011652125810009547
leaf_weight=25 20 32 22 25 31 20 25
leaf_count=25 20 32 22 25 31 20 25
internal_value=0 9.21673e-05 0.00032776 2.85533e-05 -0.000263914 0.000206704 -0.000267074
internal_weight=200 155 123 101 76 45 45
internal_count=200 155 123 101 76 45 45
is_linear=0
shrinkage=0.05


Tree=321
num_leaves=8
num_cat=0
split_feature=6 5 6 8 1 5 3
split_gain=0.00204489 0.0108904 0.0105367 0.00725934 0.00819999 0.0126926 0.00767095
threshold=-0.17713117266070152 0.27959134229497307 -1.0292394857285847 -0.68339916026339831 0.84496387796619865 0.27959134229497307 0.077262375494543192
decision_type=2 2 2 2 2 2 2
left_child=1 2 -1 -2 5 6 -5
right_child=3 -3 -4 4 -6 -7 -8
leaf_value=0 0.0010151590781277092 0.00045960294815192561 -0.001237050509529995 0.00093523391557777955 0.00085557239979254475 -0.001076386425227909 -0.00032345796030420825
leaf_weight=22 20 33 32 21 20 31 21
leaf_count=22 20 33 32 21 20 31 21
internal_value=0 -0.000170989 -0.00064891 0.000150615 0 -0.000281356 0.00018785
internal_weight=200 87 54 113 93 73 42
internal_count=200 87 54 113 93 73 42
is_linear=0
shrinkage=0.05


Tree=322
num_leaves=8
num_cat=0
split_feature=6 6 7 0 0 0 6
split_gain=0.00187821 0.00697704 0.00565475 0.0131464 0.0144453 0.0135628 0.012317
threshold=-0.82892638494837001 -1.1883796202123218 -0.67032294403789972 0.7220267109355033 0.35959148292834869 -0.13638236272716078 0.48327776272721706
decision_type=2 2 2 2 2 2 2
left_child=1 -1 -2 4 5 6 -4
right_child=2 -3 3 -5 -6 -7 -8
leaf_value=0.00018355349789825711 -0.00042297422251149909 -0.00090762587690231293 -0.0010952058590295332 0.0013572646297405583 -0.0011638143317616401 0.0011250360715878266 0.00053747552594515531
leaf_weight=24 33 24 21 23 20 33 22
leaf_count=24 33 24 21 23 20 33 22
internal_value=0 -0.000258839 9.84073e-05 0.000285207 0 0.000341762 -0.000144562
internal_weight=200 48 152 119 96 76 43
internal_count=200 48 152 119 96 76 43
is_linear=0
shrinkage=0.05


Tree=323
num_leaves=7
num_cat=0
split_feature=0 0 2 4 9 0
split_gain=0.00189936 0.00503628 0.0059886 0.0116348 0.0241181 0.0245297
threshold=0.98143087147855501 0.67040357000334094 0.63327937351919183 -0.44584297730777572 0.68790205687404715 -0.13638236272716078
decision_type=2 2 2 2 2 2
left_child=1 2 3 -1 5 -5
right_child=-2 -3 -4 4 -6 -7
leaf_value=0.00046243316364452669 -0.00040311658609063357 0.00079759048188758489 0.00050218152209801975 0 0.00061853738092040628 -0.0021131772113742362
leaf_weight=36 24 21 39 25 24 31
leaf_count=36 24 21 39 25 24 31
internal_value=0 6.87388e-05 0 -0.000209815 -0.000574949 -0.00117576
internal_weight=200 176 155 116 80 56
internal_count=200 176 155 116 80 56
is_linear=0
shrinkage=0.05


Tree=324
num_leaves=7
num_cat=0
split_feature=4 9 0 9 5 4
split_gain=0.00210874 0.0125888 0.014025 0.0121498 0.0208587 0.0148238
threshold=-0.17284956211234459 0.71802526418035806 0.44479518103585119 -0.54947988218227117 0.19129554466377813 0.80623386216812409
decision_type=2 2 2 2 2 2
left_child=1 2 -1 -2 5 -5
right_child=3 -3 -4 4 -6 -7
leaf_value=0.00080528783230136803 -0.00076099533135019456 -0.0012581454320718046 -0.00071774745394192693 0.00064929655410193659 0.0014596258354738351 -0.00089283879750417519
leaf_weight=36 25 21 24 31 33 30
leaf_count=36 25 21 24 31 33 30
internal_value=0 -0.000182166 0.000112698 0.000147198 0.000442426 -2.75176e-05
internal_weight=200 81 60 119 94 61
internal_count=200 81 60 119 94 61
is_linear=0
shrinkage=0.05


Tree=325
num_leaves=7
num_cat=0
split_feature=3 7 0 8 2 3
split_gain=0.00172442 0.00352702 0.00416085 0.0122401 0.0217474 0.00851907
threshold=-1.289912086072208 1.1437659621030516 -0.41282134652725405 0.60545902129013751 -0.0097840681389136201 0.48793810252706005
decision_type=2 2 2 2 2 2
left_child=-1 2 -2 4 -4 -6
right_child=1 -3 3 -5 5 -7
leaf_value=0.00043795976734839346 -0.00041159723222338265 -0.0006120544436331684 0.0014609372542599638 -0.00053960481253001967 0.00040308359384921643 -0.00089997293061236925
leaf_weight=21 36 24 37 34 27 21
leaf_count=21 36 24 37 34 27 21
internal_value=0 -3.83852e-05 1.85411e-05 0.000190885 0.000542126 -6.37394e-05
internal_weight=200 179 155 119 85 48
internal_count=200 179 155 119 85 48
is_linear=0
shrinkage=0.05


Tree=326
num_leaves=7
num_cat=0
split_feature=4 9 7 9 5 4
split_gain=0.0018834 0.011075 0.0140435 0.0108964 0.0184701 0.0133696
threshold=-0.17284956211234459 0.71802526418035806 -0.14323352037145445 -0.54947988218227117 0.19129554466377813 0.80623386216812409
decision_type=2 2 2 2 2 2
left_child=1 2 -1 -2 5 -5
right_child=3 -3 -4 4 -6 -7
leaf_value=0.0010062709591622942 -0.00072047082017142466 -0.0011850233651009075 -0.00049840538342922278 0.00061914837227421572 0.001374950280885727 -0.00084565572171437983
leaf_weight=27 25 21 33 31 33 30
leaf_count=27 25 21 33 31 33 30
internal_value=0 -0.000175478 9.6052e-05 0.000136258 0.00041777 -1.9619e-05
internal_weight=200 81 60 119 94 61
internal_count=200 81 60 119 94 61
is_linear=0
shrinkage=0.05


Tree=327
num_leaves=7
num_cat=0
split_feature=4 2 1 2 3 7
split_gain=0.00167725 0.00849116 0.0123063 0.0160976 0.00792739 0.0165145
threshold=-0.085521822524017271 0.8698368253972073 -0.18965921797176757 1.0000000180025095e-35 -0.41325862778101113 -0.14323352037145445
decision_type=2 2 2 2 2 2
left_child=4 2 -2 -4 -1 -6
right_child=1 -3 3 -5 5 -7
leaf_value=-0.00082309271592251548 0.0011041515741569514 -0.00070906144332844978 -0.00078153396436468582 0.00097427600509182545 0.0011239321788209151 -0.000525277509239574
leaf_weight=31 36 20 33 21 26 33
leaf_count=31 36 20 33 21 26 33
internal_value=0 0.00013893 0.000383444 -5.75879e-06 -0.000151501 0.000117563
internal_weight=200 110 90 54 90 59
internal_count=200 110 90 54 90 59
is_linear=0
shrinkage=0.05


Tree=328
num_leaves=8
num_cat=0
split_feature=5 4 9 2 6 6 8
split_gain=0.0019142 0.00779667 0.0126665 0.0127942 0.0235629 0.0120549 0.00591421
threshold=0.68138907804659132 1.0300775799107975 0.98829560984475029 -0.083961719798484977 0.25488469790422458 -0.26433549898023673 0.076043037132721564
decision_type=2 2 2 2 2 2 2
left_child=1 2 3 4 -1 -5 -2
right_child=6 -3 -4 5 -6 -7 -8
leaf_value=0.0018316703933458453 -0.00095226009925410387 -0.00055286427611641795 0.0013881998209991783 -0.001213417262720521 -0.00024696916014334535 0.00015897729426652074 6.0464416174180942e-05
leaf_weight=23 20 32 22 28 25 25 25
leaf_count=23 20 32 22 28 25 25 25
internal_value=0 8.98661e-05 0.000298011 9.9502e-06 0.000646833 -0.000472819 -0.000279884
internal_weight=200 155 123 101 48 53 45
internal_count=200 155 123 101 48 53 45
is_linear=0
shrinkage=0.05


Tree=329
num_leaves=8
num_cat=0
split_feature=7 8 7 1 7 2 8
split_gain=0.00180285 0.00860177 0.0174138 0.0181905 0.010943 0.00989637 0.00567918
threshold=-0.71341139243060037 0.42837544121092647 -0.16357954804292413 0.37645805247457781 0.290393031021634 0.10016094044642973 -0.086510780692153996
decision_type=2 2 2 2 2 2 2
left_child=6 2 -2 5 -3 -4 -1
right_child=1 4 3 -5 -6 -7 -8
leaf_value=-0.00090743621537611957 0.0015183227867689502 -0.001237349154516345 0 0.0010394853702166327 9.6614972793871587e-05 -0.0013135052812225246 0.00010329918753547742
leaf_weight=21 25 23 30 28 29 23 21
leaf_count=21 25 23 30 28 29 23 21
internal_value=0 8.36139e-05 0.000367489 0 -0.000398681 -0.000533499 -0.000284259
internal_weight=200 158 106 81 52 53 42
internal_count=200 158 106 81 52 53 42
is_linear=0
shrinkage=0.05


Tree=330
num_leaves=8
num_cat=0
split_feature=5 1 9 1 3 1 8
split_gain=0.00161627 0.00811208 0.0108621 0.0106526 0.00997156 0.00776326 0.00543835
threshold=0.68138907804659132 -0.5993838341988974 1.0928491851967055 -0.057555013486127564 -0.48460923203808609 0.5700380129846615 0.076043037132721564
decision_type=2 2 2 2 2 2 2
left_child=1 -1 3 -3 -5 -6 -2
right_child=6 2 -4 4 5 -7 -8
leaf_value=0.00079325241959242996 -0.00090407438724491728 -0.0011039763911815973 0.00093715020191313626 0.00079712529929436857 3.0156788597633298e-05 -0.0010956798709104508 6.5873896209634388e-05
leaf_weight=33 20 30 20 26 23 23 25
leaf_count=33 20 30 20 26 23 23 25
internal_value=0 8.4172e-05 -6.7171e-05 -0.000313793 0 -0.000425457 -0.000255398
internal_weight=200 155 122 102 72 46 45
internal_count=200 155 122 102 72 46 45
is_linear=0
shrinkage=0.05


Tree=331
num_leaves=8
num_cat=0
split_feature=7 8 7 4 8 8 8
split_gain=0.00156701 0.00792923 0.0160001 0.013002 0.00722323 0.0150846 0.00512242
threshold=-0.71341139243060037 0.42837544121092647 -0.16357954804292413 -0.18882431182941536 -0.54599136229516632 -0.086510780692153996 -0.086510780692153996
decision_type=2 2 2 2 2 2 2
left_child=6 2 -2 -3 -4 -6 -1
right_child=1 3 4 -5 5 -7 -8
leaf_value=-0.0008559650135440619 0.0014584273151845573 -0.0014040525553201265 -0.00056968003742083491 0.00010789072407972403 0.0014849253680524579 -0.0001882566716778012 9.8951820723306368e-05
leaf_weight=21 25 20 32 32 20 29 21
leaf_count=21 25 20 32 32 20 29 21
internal_value=0 8.1786e-05 0.000355217 -0.000379235 0 0.000394475 -0.000260641
internal_weight=200 158 106 52 81 49 42
internal_count=200 158 106 52 81 49 42
is_linear=0
shrinkage=0.05


Tree=332
num_leaves=7
num_cat=0
split_feature=0 0 2 4 9 0
split_gain=0.00159162 0.00460136 0.00662998 0.0121516 0.0201514 0.0222055
threshold=0.98143087147855501 0.67040357000334094 0.63327937351919183 -0.44584297730777572 0.68790205687404715 -0.13638236272716078
decision_type=2 2 2 2 2 2
left_child=1 2 3 -1 5 -5
right_child=-2 -3 -4 4 -6 -7
leaf_value=0.00046539890689200041 -0.00037097047910063344 0.00075931828227655536 0.00052650229924398916 0 0.00047625474848193253 -0.002034450018511923
leaf_weight=36 24 21 39 25 24 31
leaf_count=36 24 21 39 25 24 31
internal_value=0 6.1332e-05 -1.42523e-06 -0.000222285 -0.000594359 -0.00114235
internal_weight=200 176 155 116 80 56
internal_count=200 176 155 116 80 56
is_linear=0
shrinkage=0.05


Tree=333
num_leaves=7
num_cat=0
split_feature=6 1 2 2 1 5
split_gain=0.00164083 0.0097071 0.0243737 0.00677624 0.0254302 0.0109806
threshold=-0.17713117266070152 -0.50452283143810328 0.10016094044642973 0.052601104911993962 -0.18965921797176757 1.0000000180025095e-35
decision_type=2 2 2 2 2 2
left_child=1 -1 -3 4 -2 -5
right_child=3 2 -4 5 -6 -7
leaf_value=-0.0010542736088507306 0.00086276596523920794 0.0011076369724135136 -0.00082010082568122851 0.0012430094513734898 -0.0011375573899697984 -5.4433069727067482e-05
leaf_weight=23 28 33 31 29 34 22
leaf_count=23 28 33 31 29 34 22
internal_value=0 -0.000151505 9.60632e-05 0.000136354 -0.000153736 0.00058647
internal_weight=200 87 64 113 62 51
internal_count=200 87 64 113 62 51
is_linear=0
shrinkage=0.05


Tree=334
num_leaves=8
num_cat=0
split_feature=9 7 5 1 2 6 2
split_gain=0.00162609 0.0137481 0.0161547 0.00821707 0.00897602 0.0326616 0.0252102
threshold=0.40601699904274541 -0.37968817588971138 -0.15279347726455431 -0.5993838341988974 -0.02855393123849061 0.098220931421532071 0.63327937351919183
decision_type=2 2 2 2 2 2 2
left_child=3 -2 -3 -1 5 -5 -6
right_child=1 2 -4 4 6 -7 -8
leaf_value=0.00096301939377089758 -0.0012579456530089966 -0.00060041720027707228 0.001011351101891021 0.0018630898564978085 -0.0017942644796813982 -0.00074678820473667604 0.00034684782291030534
leaf_weight=24 22 28 31 22 23 23 27
leaf_count=24 22 28 31 22 23 23 27
internal_value=0 -0.000163 0.00016212 0.000126652 -3.28544e-05 0.000419589 -0.000539879
internal_weight=200 81 59 119 95 45 50
internal_count=200 81 59 119 95 45 50
is_linear=0
shrinkage=0.05


Tree=335
num_leaves=7
num_cat=0
split_feature=6 1 2 2 1 3
split_gain=0.00167346 0.0089466 0.0205992 0.00626125 0.0223147 0.0126383
threshold=-0.17713117266070152 -0.50452283143810328 0.10016094044642973 0.052601104911993962 -0.18965921797176757 0.19467182497800881
decision_type=2 2 2 2 2 2
left_child=1 -1 -3 4 -2 -5
right_child=3 2 -4 5 -6 -7
leaf_value=-0.0010209770205438749 0.00080570514708280154 0.0010144966124807375 -0.00075710146370496596 0.0013299557168167291 -0.0010662724543909086 -8.302729420317528e-05
leaf_weight=23 28 33 31 27 34 24
leaf_count=23 28 33 31 27 34 24
internal_value=0 -0.000155575 7.85333e-05 0.000135467 -0.000140412 0.000568314
internal_weight=200 87 64 113 62 51
internal_count=200 87 64 113 62 51
is_linear=0
shrinkage=0.05


Tree=336
num_leaves=8
num_cat=0
split_feature=5 9 2 9 2 5 5
split_gain=0.0016333 0.00920058 0.0200711 0.0125764 0.0120005 0.0164837 0.0040309
threshold=-1.2223919583666392 -0.30229839111583084 0.10016094044642973 0.19547561438371558 1.0000000180025095e-35 0.39876812111814403 0.066656607217131736
decision_type=2 2 2 2 2 2 2
left_child=-1 2 -2 -3 5 -5 -6
right_child=1 3 -4 4 6 -7 -8
leaf_value=0.00036764504277143916 0.0001148131131296078 0.0010168239436312114 -0.0016325568493056001 -0.0017951902465440741 0.00090645839729439027 1.6821770979767994e-05 0
leaf_weight=27 32 33 26 20 21 20 21
leaf_count=27 32 33 26 20 21 20 21
internal_value=0 -4.92774e-05 -0.000583894 0.000177188 -0.00010064 -0.000766713 0.000415265
internal_weight=200 173 58 115 82 40 42
internal_count=200 173 58 115 82 40 42
is_linear=0
shrinkage=0.05


Tree=337
num_leaves=7
num_cat=0
split_feature=7 8 7 4 1 7
split_gain=0.00150669 0.0129177 0.0216347 0.0134208 0.0223997 0.0121531
threshold=-0.89289114634625366 0.42837544121092647 0.290393031021634 -0.34860813675483643 0.37645805247457781 0.24992221560320146
decision_type=2 2 2 2 2 2
left_child=-1 3 -3 -2 5 -5
right_child=1 2 -4 4 -6 -7
leaf_value=0.00033530046013911005 0.0010213812329929392 -0.0017251774689313231 0.00010072257580984498 0 0.00078952813615252291 -0.0017253368519819701
leaf_weight=30 37 27 29 21 34 22
leaf_count=30 37 27 29 21 34 22
internal_value=0 -4.74318e-05 -0.000692001 0.000225707 -9.26085e-05 -0.000906335
internal_weight=200 170 56 114 77 43
internal_count=200 170 56 114 77 43
is_linear=0
shrinkage=0.05


Tree=338
num_leaves=7
num_cat=0
split_feature=4 9 7 9 5 4
split_gain=0.00166724 0.00989278 0.0121363 0.00918382 0.0163326 0.0106844
threshold=-0.17284956211234459 0.71802526418035806 -0.14323352037145445 -0.54947988218227117 0.19129554466377813 0.80623386216812409
decision_type=2 2 2 2 2 2
left_child=1 2 -1 -2 5 -5
right_child=3 -3 -4 4 -6 -7
leaf_value=0.00094051033295381727 -0.00064897015189892986 -0.001118194232628597 -0.00045518720117355407 0.00054626548254766598 0.0012917873629346333 -0.00076128256776404146
leaf_weight=27 25 21 33 31 33 30
leaf_count=27 25 21 33 31 33 30
internal_value=0 -0.000162426 9.02019e-05 0.000130506 0.000391418 -1.51514e-05
internal_weight=200 81 60 119 94 61
internal_count=200 81 60 119 94 61
is_linear=0
shrinkage=0.05


Tree=339
num_leaves=7
num_cat=0
split_feature=6 7 5 0 2 0
split_gain=0.0015629 0.00838152 0.0122775 0.00574547 0.0229352 0.0243328
threshold=-0.17713117266070152 -0.34067680349636748 -0.15279347726455431 -0.41282134652725405 -0.59536620044771249 0.38632202673513577
decision_type=2 2 2 2 2 2
left_child=1 -1 -3 -2 -5 -6
right_child=3 2 -4 4 5 -7
leaf_value=-0.00085196503166548696 -0.00039583609833084428 -0.00055435622776448153 0.00087309161656299596 -0.00082337078792951181 0.0018526939428664653 -5.3898143436838826e-08
leaf_weight=30 29 26 31 24 33 27
leaf_count=30 29 26 31 24 33 27
internal_value=0 -0.000148791 0.000134579 0.000132278 0.00037431 0.00093715
internal_weight=200 87 57 113 84 60
internal_count=200 87 57 113 84 60
is_linear=0
shrinkage=0.05


Tree=340
num_leaves=9
num_cat=0
split_feature=5 7 8 7 3 5 8 7
split_gain=0.00165272 0.00563689 0.0185516 0.0207011 0.0166208 0.00759803 0.00485456 0.00371298
threshold=0.68138907804659132 -0.89289114634625366 0.42837544121092647 0.290393031021634 0.036535821987787924 -0.30228676680383432 0.076043037132721564 0.34101924767434805
decision_type=2 2 2 2 2 2 2 2
left_child=1 -1 4 -4 5 -3 -2 -6
right_child=6 2 3 -5 7 -7 -8 -9
leaf_value=0.00082832996525282324 -0.0008688957353970453 0.0017620923186176165 -0.0020727288218873054 0 0 0.00019361987539318453 2.8629883792992498e-05 -0.00077421674400623617
leaf_weight=22 20 22 20 22 24 25 25 20
leaf_count=22 20 22 20 22 24 25 25 20
internal_value=0 8.31567e-05 -3.06907e-06 -0.000906572 0.000359585 0.00103614 -0.000260448 -0.000250429
internal_weight=200 155 133 42 91 47 45 44
internal_count=200 155 133 42 91 47 45 44
is_linear=0
shrinkage=0.05


Tree=341
num_leaves=7
num_cat=0
split_feature=4 9 0 9 5 4
split_gain=0.00154815 0.00908893 0.0116265 0.00866687 0.0145562 0.00983195
threshold=-0.17284956211234459 0.71802526418035806 0.44479518103585119 -0.54947988218227117 0.19129554466377813 0.80623386216812409
decision_type=2 2 2 2 2 2
left_child=1 2 -1 -2 5 -5
right_child=3 -3 -4 4 -6 -7
leaf_value=0.0007179752683623016 -0.00063257422707501841 -0.0010755325049620951 -0.00067048306577873742 0.00053550069979496802 0.0012268609842160658 -0.00072133286865397155
leaf_weight=36 25 21 24 31 33 30
leaf_count=36 25 21 24 31 33 30
internal_value=0 -0.000159476 7.92057e-05 0.000123203 0.000377801 -9.50042e-07
internal_weight=200 81 60 119 94 61
internal_count=200 81 60 119 94 61
is_linear=0
shrinkage=0.05


Tree=342
num_leaves=7
num_cat=0
split_feature=5 1 6 4 4 8
split_gain=0.00163659 0.00709805 0.00864639 0.0203591 0.00829403 0.00439458
threshold=0.68138907804659132 -0.5993838341988974 0.098220931421532071 0.34496602550163707 0.17011313108200996 0.076043037132721564
decision_type=2 2 2 2 2 2
left_child=1 -1 4 -4 -3 -2
right_child=5 2 3 -5 -6 -7
leaf_value=0.00074702939380866295 -0.00083407174282711907 0.00080675255573753801 -0.0014943076950439218 0.0003690522617672558 -0.00020154995162861584 5.5007560946700235e-06
leaf_weight=33 20 37 29 23 33 25
leaf_count=33 20 37 29 23 33 25
internal_value=0 8.39887e-05 -5.48733e-05 -0.000575034 0.000260474 -0.0002578
internal_weight=200 155 122 52 70 45
internal_count=200 155 122 52 70 45
is_linear=0
shrinkage=0.05


Tree=343
num_leaves=7
num_cat=0
split_feature=6 7 0 8 8 1
split_gain=0.00155637 0.00756674 0.00815709 0.00580108 0.00756509 0.0178464
threshold=-0.17713117266070152 -0.34067680349636748 0.31613239052413888 -0.68339916026339831 0.58021105546225671 0.095938981053092703
decision_type=2 2 2 2 2 2
left_child=1 -1 -3 -2 5 -5
right_child=3 2 -4 4 -6 -7
leaf_value=-0.00081829830711750793 0.00090368896796928712 -0.0002374463650687221 0.00095137227260423782 -0.0012990820116789122 0.00058227203615195469 0.0003318914598252224
leaf_weight=30 20 36 21 29 32 32
leaf_count=30 20 36 21 29 32 32
internal_value=0 -0.000150731 0.000113873 0.000130022 0 -0.000362513
internal_weight=200 87 57 113 93 61
internal_count=200 87 57 113 93 61
is_linear=0
shrinkage=0.05


Tree=344
num_leaves=8
num_cat=0
split_feature=6 8 5 3 3 6 0
split_gain=0.00146719 0.00842923 0.0146934 0.0108133 0.00766025 0.0159114 0.0154889
threshold=1.0027405419071362 -0.54599136229516632 -0.058179031203032937 0.97206270029054276 0.48793810252706005 -0.82892638494837001 -0.013778311009955089
decision_type=2 2 2 2 2 2 2
left_child=1 2 -1 4 5 -3 -7
right_child=-2 3 -4 -5 -6 6 -8
leaf_value=-0.0015583729137337941 0.00031784628122621375 -0.00088950708672842565 9.7765391159672913e-05 0.0011408798276484687 -0.00082024916492659484 -0.00021295750456292763 0.0013468367468738619
leaf_weight=23 32 22 20 22 26 21 34
leaf_count=23 32 22 20 22 26 21 34
internal_value=0 -5.02842e-05 -0.000673627 0.000124545 -4.49358e-05 0.000152732 0.000661229
internal_weight=200 168 43 125 103 77 55
internal_count=200 168 43 125 103 77 55
is_linear=0
shrinkage=0.05


Tree=345
num_leaves=7
num_cat=0
split_feature=8 7 7 3 6 5
split_gain=0.00148491 0.00836023 0.0121196 0.0146636 0.00869826 0.0219649
threshold=-1.0153646948044228 -0.89289114634625366 -0.37968817588971138 0.89588184640498669 -0.68227132361849663 -0.30228676680383432
decision_type=2 2 2 2 2 2
left_child=-1 -2 -3 4 -4 -6
right_child=1 2 3 -5 5 -7
leaf_value=0.00037570228709363961 0.00080432772978604071 -0.0011407308244010519 0.00035153669013033494 0.00097032616230538515 0.00044002137586466694 -0.0013210460881725302
leaf_weight=24 23 28 27 30 24 44
leaf_count=24 23 28 27 30 24 44
internal_value=0 -4.19916e-05 -0.000202317 0 -0.000295762 -0.000626338
internal_weight=200 176 153 125 95 68
internal_count=200 176 153 125 95 68
is_linear=0
shrinkage=0.05


Tree=346
num_leaves=7
num_cat=0
split_feature=3 3 1 0 6 2
split_gain=0.00163511 0.00720694 0.00810095 0.0119936 0.0105846 0.0108727
threshold=1.1791560607766125 0.8429562258010318 1.1421014948046573 0.59012526187806846 -0.53229006343190233 0.28676327924322481
decision_type=2 2 2 2 2 2
left_child=1 2 3 4 -1 -6
right_child=-2 -3 -4 -5 5 -7
leaf_value=0.0012684641496669435 -0.00038270528238766637 0.00093979899952479457 -0.00078523973485708639 -0.00060866110270943745 -0.00041993943030883135 0.00091764994929131611
leaf_weight=28 23 21 30 35 39 24
leaf_count=28 23 21 30 35 39 24
internal_value=0 6.30695e-05 -2.34474e-05 0.000118759 0.000453782 1.10259e-05
internal_weight=200 177 156 126 91 63
internal_count=200 177 156 126 91 63
is_linear=0
shrinkage=0.05


Tree=347
num_leaves=8
num_cat=0
split_feature=6 8 3 2 3 6 0
split_gain=0.00147865 0.00768117 0.00891849 0.00807023 0.00691661 0.0148739 0.0146342
threshold=1.0027405419071362 -0.54599136229516632 0.97206270029054276 0.052601104911993962 0.48793810252706005 -0.82892638494837001 -0.013778311009955089
decision_type=2 2 2 2 2 2 2
left_child=1 3 4 -1 5 -3 -7
right_child=-2 2 -4 -5 -6 6 -8
leaf_value=-0.0013769350505772218 0.00031997040008423949 -0.00085170111087955766 0.00103905294174792 0 -0.00077370466982010916 -0.00019840496587809789 0.0013119396330792828
leaf_weight=20 32 22 22 23 26 21 34
leaf_count=20 32 22 22 23 26 21 34
internal_value=0 -4.93976e-05 0.000115888 -0.000645042 -3.36129e-05 0.000152117 0.000645205
internal_weight=200 168 125 43 103 77 55
internal_count=200 168 125 43 103 77 55
is_linear=0
shrinkage=0.05


Tree=348
num_leaves=7
num_cat=0
split_feature=3 3 1 0 6 9
split_gain=0.00172619 0.00660154 0.00713763 0.0110798 0.0102868 0.00755602
threshold=1.1791560607766125 0.8429562258010318 1.1421014948046573 0.59012526187806846 -0.53229006343190233 -0.21078200449219345
decision_type=2 2 2 2 2 2
left_child=1 2 3 4 -1 -6
right_child=-2 -3 -4 -5 5 -7
leaf_value=0.0012356911261306638 -0.00039787086712607703 0.00090016530720755385 -0.00073714955397371053 -0.00058623891737726009 0.00078992243004873109 -0.00033410382076768102
leaf_weight=28 23 21 30 35 23 40
leaf_count=28 23 21 30 35 23 40
internal_value=0 6.09874e-05 -2.04524e-05 0.000110988 0.000434386 0
internal_weight=200 177 156 126 91 63
internal_count=200 177 156 126 91 63
is_linear=0
shrinkage=0.05


Tree=349
num_leaves=7
num_cat=0
split_feature=3 3 1 0 8 6
split_gain=0.00154733 0.0059721 0.00642337 0.010024 0.0104034 0.0208981
threshold=1.1791560607766125 0.8429562258010318 1.1421014948046573 0.59012526187806846 -0.45706740793120976 0.22311312672206482
decision_type=2 2 2 2 2 2
left_child=1 2 3 4 -1 -6
right_child=-2 -3 -4 -5 5 -7
leaf_value=0.001194620890186018 -0.00037806343510988854 0.00085537034766616142 -0.00070041458759042272 -0.00055701046249433887 0.00070149870671517699 -0.0012318799493699754
leaf_weight=29 23 21 30 35 41 21
leaf_count=29 23 21 30 35 41 21
internal_value=0 5.65622e-05 -1.9418e-05 0.0001035 0.00041276 0
internal_weight=200 177 156 126 91 62
internal_count=200 177 156 126 91 62
is_linear=0
shrinkage=0.05


Tree=350
num_leaves=8
num_cat=0
split_feature=3 1 5 2 1 4 8
split_gain=0.00138833 0.00303206 0.0211231 0.00878007 0.0150785 0.0106193 0.00413661
threshold=-1.289912086072208 -0.35807060396644247 0.23629185763565297 -0.62576790114282188 0.49055315082708467 0.54605715478692607 1.0000000180025095e-35
decision_type=2 2 2 2 2 2 2
left_child=-1 2 -2 -3 6 -6 -5
right_child=1 3 -4 4 5 -7 -8
leaf_value=0.00038819221506045326 0.00031267840970121809 -0.00059381146943103839 -0.0014677008248194768 0.00027029635296401815 -0.00096140325504656557 0.00052672666891371428 0.0016878256704733565
leaf_weight=21 38 30 26 21 24 20 20
leaf_count=21 38 30 26 21 24 20 20
internal_value=0 -4.03223e-05 -0.000333759 7.96891e-05 0.000376568 -0.000171941 0.00108585
internal_weight=200 179 64 115 85 44 41
internal_count=200 179 64 115 85 44 41
is_linear=0
shrinkage=0.05


Tree=351
num_leaves=7
num_cat=0
split_feature=6 4 5 4 4 8
split_gain=0.00165762 0.00793003 0.0120696 0.0117714 0.0162859 0.0185683
threshold=1.0027405419071362 -0.7611959090481073 0.68138907804659132 0.80623386216812409 0.18648266153919926 -0.22609407689722497
decision_type=2 2 2 2 2 2
left_child=1 -1 3 4 5 -3
right_child=-2 2 -4 -5 -6 -7
leaf_value=0.00066744555878102678 0.00033593892404153896 0.00099223369687197237 -0.0011054141627373085 -0.00072698471396955098 0.0015556378550474394 -0.00090522157344362331
leaf_weight=28 32 22 31 36 21 30
leaf_count=28 32 22 31 36 21 30
internal_value=0 -5.5694e-05 -0.000236384 0 0.000376267 -6.11909e-06
internal_weight=200 168 140 109 73 52
internal_count=200 168 140 109 73 52
is_linear=0
shrinkage=0.05


Tree=352
num_leaves=8
num_cat=0
split_feature=6 8 3 2 3 6 0
split_gain=0.0014859 0.00751523 0.00802416 0.00713776 0.00655454 0.0133912 0.0136295
threshold=1.0027405419071362 -0.54599136229516632 0.97206270029054276 0.052601104911993962 0.48793810252706005 -0.82892638494837001 -0.013778311009955089
decision_type=2 2 2 2 2 2 2
left_child=1 3 4 -1 5 -3 -7
right_child=-2 2 -4 -5 -6 6 -8
leaf_value=-0.0013293321726007379 0.00031919431516529292 -0.00079427371035978983 0.00098721826642886551 0 -0.00075008361029413697 -0.00018503984747569283 0.0012661647750235429
leaf_weight=20 32 22 22 23 26 21 34
leaf_count=20 32 22 22 23 26 21 34
internal_value=0 -5.14079e-05 0.000111581 -0.000640381 -2.7728e-05 0.00015199 0.000621994
internal_weight=200 168 125 43 103 77 55
internal_count=200 168 125 43 103 77 55
is_linear=0
shrinkage=0.05


Tree=353
num_leaves=8
num_cat=0
split_feature=8 8 9 0 1 2 1
split_gain=0.00140371 0.00414416 0.00950094 0.0129716 0.0291695 0.0153538 0.00972187
threshold=1.0023018536812007 0.58021105546225671 0.44615561411872789 -0.41282134652725405 -0.18965921797176757 -0.0097840681389136201 0.05191326338887798
decision_type=2 2 2 2 2 2 2
left_child=1 2 3 -1 -5 -6 -4
right_child=-2 -3 6 4 5 -7 -8
leaf_value=-0.00065306801835840174 -0.00030225839832134343 0.00067637249348198234 -0.0011803442265751751 0.0021896783560702037 0.00084631241676193551 -0.00090167509250211123 3.8911715996641636e-05
leaf_weight=24 31 24 30 21 25 25 20
leaf_count=24 31 24 30 21 25 25 20
internal_value=0 6.28505e-05 -4.63518e-06 0.000253141 0.000630276 0 -0.000593737
internal_weight=200 169 145 95 71 50 50
internal_count=200 169 145 95 71 50 50
is_linear=0
shrinkage=0.05


Tree=354
num_leaves=8
num_cat=0
split_feature=3 3 4 2 2 4 4
split_gain=0.0015763 0.00564117 0.00559917 0.0215672 0.0135975 0.0183357 0.0126611
threshold=1.1791560607766125 0.8429562258010318 1.0000000180025095e-35 -0.4140720197851952 -0.55648625319917489 -0.46853740374328245 0.68601774066871213
decision_type=2 2 2 2 2 2 2
left_child=1 2 4 -4 -1 -6 -5
right_child=-2 -3 3 6 5 -7 -8
leaf_value=0.0012024581733862674 -0.00038229227711111948 0.00083255704836610934 -0.0016848196064825781 -0.00071726577710444581 -0.0010874872361390613 0.00073499354669282521 0.00079292870982018314
leaf_weight=26 23 21 22 22 28 25 33
leaf_count=26 23 21 22 22 28 25 33
internal_value=0 5.64704e-05 -1.64384e-05 -0.000348121 0.000243668 -0.000133899 9.79014e-05
internal_weight=200 177 156 77 79 53 55
internal_count=200 177 156 77 79 53 55
is_linear=0
shrinkage=0.05


Tree=355
num_leaves=8
num_cat=0
split_feature=4 2 0 1 2 9 5
split_gain=0.00143004 0.00648399 0.010771 0.0101988 0.00926488 0.00474087 0.00948885
threshold=-0.085521822524017271 0.8698368253972073 0.53056578354256645 -0.18965921797176757 -0.21123306410811662 -0.74916025757631621 0.10867640870088148
decision_type=2 2 2 2 2 2 2
left_child=5 2 3 -2 -5 -1 -7
right_child=1 -3 -4 4 -6 6 -8
leaf_value=0.0004099710318396362 0.00076391234693095039 -0.0006022806601240925 0.0013677784804699581 -0.0012533165254996191 7.0329719454533367e-05 -0.0010259353185095752 3.9983894067221489e-05
leaf_weight=21 29 20 20 20 21 32 37
leaf_count=21 29 20 20 20 21 32 37
internal_value=0 0.000126327 0.000344223 0 -0.000455175 -0.00014205 -0.000382766
internal_weight=200 110 90 70 41 90 69
internal_count=200 110 90 70 41 90 69
is_linear=0
shrinkage=0.05


Tree=356
num_leaves=7
num_cat=0
split_feature=5 4 4 2 9 1
split_gain=0.00131842 0.00856327 0.0121806 0.0208551 0.00770521 0.00424065
threshold=0.44120769376490404 1.0300775799107975 -0.10129883819559048 -0.083961719798484977 -0.57635505508391427 -0.54902232878446267
decision_type=2 2 2 2 2 2
left_child=1 2 4 -4 -1 -2
right_child=5 -3 3 -5 -6 -7
leaf_value=0.00024024696529215077 -0.000215180714446963 -0.00085834341053290868 0.0018913722985481483 0 -0.0008370143965431402 0.00055649549035769895
leaf_weight=20 21 29 21 33 37 39
leaf_count=20 21 29 21 33 37 39
internal_value=0 -7.6127e-05 8.382e-05 0.00065687 -0.000371704 0.000203306
internal_weight=200 140 111 54 57 60
internal_count=200 140 111 54 57 60
is_linear=0
shrinkage=0.05


Tree=357
num_leaves=8
num_cat=0
split_feature=8 8 7 0 1 1 1
split_gain=0.00132648 0.00366599 0.00804132 0.00994807 0.020946 0.0183428 0.0098044
threshold=1.0023018536812007 0.58021105546225671 -0.7829995439310653 -0.17992183429944475 0.21207313837254302 -0.50452283143810328 0.37645805247457781
decision_type=2 2 2 2 2 2 2
left_child=1 2 -1 4 -4 -5 -7
right_child=-2 -3 3 5 -6 6 -8
leaf_value=-0.00090875603570455339 -0.0002934513757322762 0.00063778089351673847 -0.0014827792443860618 0.0018005976960713402 0.00055429414046372018 -0.00067126361931535026 0.00064029923688947493
leaf_weight=22 31 24 24 20 22 26 31
leaf_count=22 31 24 24 20 22 26 31
internal_value=0 6.14268e-05 0 0.000122667 -0.000400978 0.000500458 0
internal_weight=200 169 145 123 46 77 57
internal_count=200 169 145 123 46 77 57
is_linear=0
shrinkage=0.05


Tree=358
num_leaves=8
num_cat=0
split_feature=8 7 7 8 2 8 9
split_gain=0.00139651 0.00758346 0.00970197 0.01175 0.0159764 0.0164829 0.0124172
threshold=-1.0153646948044228 -0.89289114634625366 -0.37968817588971138 -0.54599136229516632 -0.02855393123849061 0.60545902129013751 0.51055159470149003
decision_type=2 2 2 2 2 2 2
left_child=-1 -2 -3 -4 5 -5 -6
right_child=1 2 3 4 6 -7 -8
leaf_value=0.00036259235821942571 0.00076052007993362709 -0.0010362730489122381 -0.0010836436473367233 0.001521006303148404 -0.0010634240907836593 -8.1391283658458207e-05 0.00043062943063412246
leaf_weight=24 23 28 21 34 30 20 20
leaf_count=24 23 28 21 34 30 20 20
internal_value=0 -4.28121e-05 -0.000196651 0 0.000210153 0.000836051 -0.000366336
internal_weight=200 176 153 125 104 54 50
internal_count=200 176 153 125 104 54 50
is_linear=0
shrinkage=0.05


Tree=359
num_leaves=7
num_cat=0
split_feature=3 3 1 0 6 9
split_gain=0.00151952 0.00524779 0.00553248 0.00967288 0.0099793 0.00595206
threshold=1.1791560607766125 0.8429562258010318 1.1421014948046573 0.59012526187806846 -0.53229006343190233 -0.21078200449219345
decision_type=2 2 2 2 2 2
left_child=1 2 3 4 -1 -6
right_child=-2 -3 -4 -5 5 -7
leaf_value=0.0011888277228487478 -0.00037540033282268615 0.00080381968120439649 -0.00064825210815057334 -0.00055027260866939514 0.00068741068878973082 -0.00031443337670079163
leaf_weight=28 23 21 30 35 23 40
leaf_count=28 23 21 30 35 23 40
internal_value=0 5.5393e-05 -1.37764e-05 9.80325e-05 0.000402596 0
internal_weight=200 177 156 126 91 63
internal_count=200 177 156 126 91 63
is_linear=0
shrinkage=0.05


Tree=360
num_leaves=8
num_cat=0
split_feature=3 1 5 2 1 0 4
split_gain=0.00141521 0.00298668 0.0181371 0.00779619 0.00970022 0.0130168 0.00795055
threshold=-1.289912086072208 -0.38836542391905376 0.23629185763565297 -0.68987511478553809 0.49055315082708467 -0.052178855134359665 0.54605715478692607
decision_type=2 2 2 2 2 2 2
left_child=-1 2 -2 -3 5 -5 -6
right_child=1 3 -4 4 6 -7 -8
leaf_value=0.00039128929738537957 0.00024039384662964433 -0.00061233758658335666 -0.0014455722738274748 0.0017332274356132112 -0.00074926906962695242 0 0.00052627308586084129
leaf_weight=21 37 27 24 22 26 23 20
leaf_count=21 37 27 24 22 26 23 20
internal_value=0 -4.14339e-05 -0.000342384 7.19633e-05 0.000330332 0.00086632 -8.62871e-05
internal_weight=200 179 61 118 91 45 46
internal_count=200 179 61 118 91 45 46
is_linear=0
shrinkage=0.05


Tree=361
num_leaves=7
num_cat=0
split_feature=5 4 4 2 8 6
split_gain=0.00141394 0.0073649 0.0106966 0.0183413 0.00687395 0.0040697
threshold=0.44120769376490404 1.0300775799107975 -0.10129883819559048 -0.083961719798484977 0.076043037132721564 0.065635368160167365
decision_type=2 2 2 2 2 2
left_child=1 2 4 -4 -1 -2
right_child=5 -3 3 -5 -6 -7
leaf_value=-0.00095362091931854671 0 -0.00080589878011200439 0.0017629401127132478 0 6.7357336524084887e-06 0.00074372785382609795
leaf_weight=27 37 29 21 33 30 23
leaf_count=27 37 29 21 33 30 23
internal_value=0 -8.15519e-05 6.32424e-05 0.000603819 -0.000361478 0.000208117
internal_weight=200 140 111 54 57 60
internal_count=200 140 111 54 57 60
is_linear=0
shrinkage=0.05


Tree=362
num_leaves=7
num_cat=0
split_feature=4 4 7 8 4 5
split_gain=0.00126307 0.00527684 0.00742388 0.0102855 0.0111559 0.0074455
threshold=1.3006673947196312 0.80623386216812409 -0.89289114634625366 0.5327708601056651 -0.34860813675483643 -0.11031858078721309
decision_type=2 2 2 2 2 2
left_child=1 2 -1 4 -4 -6
right_child=-2 -3 3 -5 5 -7
leaf_value=0.00086157617801162754 0.00033563721212614105 -0.00074384377368907472 0.00083042854080548332 -0.00080806424231281016 0.00023524650333075364 -0.00087084900100227458
leaf_weight=24 25 24 39 37 24 27
leaf_count=24 25 24 39 37 24 27
internal_value=0 -4.34189e-05 3.52349e-05 -8.214e-05 0.000161367 -0.000253044
internal_weight=200 175 151 127 90 51
internal_count=200 175 151 127 90 51
is_linear=0
shrinkage=0.05


Tree=363
num_leaves=7
num_cat=0
split_feature=3 3 1 0 8 6
split_gain=0.00130984 0.00466299 0.00488543 0.00831421 0.00904809 0.0184645
threshold=1.1791560607766125 0.8429562258010318 1.1421014948046573 0.59012526187806846 -0.45706740793120976 0.22311312672206482
decision_type=2 2 2 2 2 2
left_child=1 2 3 4 -1 -6
right_child=-2 -3 -4 -5 5 -7
leaf_value=0.0011040356815504582 -0.00034868854896298476 0.00075728709443132467 -0.00060984830221585138 -0.00050574566873683971 0.00065033248071377499 -0.0011678716789057118
leaf_weight=29 23 21 30 35 41 21
leaf_count=29 23 21 30 35 41 21
internal_value=0 5.12968e-05 -1.21339e-05 9.08988e-05 0.000375565 0
internal_weight=200 177 156 126 91 62
internal_count=200 177 156 126 91 62
is_linear=0
shrinkage=0.05


Tree=364
num_leaves=7
num_cat=0
split_feature=3 6 2 2 3 3
split_gain=0.00132852 0.00319427 0.00480716 0.00696097 0.00630884 0.0126583
threshold=-1.289912086072208 -0.82892638494837001 -0.89084222374334454 -0.34270105530355904 0.48793810252706005 -0.30214173921178206
decision_type=2 2 2 2 2 2
left_child=-1 -2 -3 -4 5 -5
right_child=1 2 3 4 -6 -7
leaf_value=0.00037874337594726633 -0.00046058147347731318 0.00064455263281002438 -0.00084719634189799877 -1.7405890600654388e-05 -0.00031746591883771063 0.0014459458795779989
leaf_weight=21 38 28 24 29 39 21
leaf_count=21 38 28 24 29 39 21
internal_value=0 -4.05563e-05 3.74523e-05 -6.92078e-05 8.51855e-05 0.000499061
internal_weight=200 179 141 113 89 50
internal_count=200 179 141 113 89 50
is_linear=0
shrinkage=0.05


Tree=365
num_leaves=8
num_cat=0
split_feature=0 7 0 8 4 7 4
split_gain=0.00129054 0.00747285 0.0169259 0.0100082 0.0145967 0.012003 0.0118396
threshold=0.7220267109355033 -0.89289114634625366 0.38632202673513577 0.32289891672705934 -0.34860813675483643 0.290393031021634 0.34496602550163707
decision_type=2 2 2 2 2 2 2
left_child=1 -1 3 4 -3 -5 -6
right_child=-2 2 -4 5 6 -7 -8
leaf_value=0.00068520482921329571 0.00025986729033739139 0.0014915284305652031 -0.0014682523575631572 -0.0014892568922976949 -0.00097868473953744003 0 0.00057803181984405507
leaf_weight=25 39 21 23 20 21 23 28
leaf_count=25 39 21 23 20 21 23 28
internal_value=0 -6.03055e-05 -0.000234488 0 0.000386073 -0.00058146 0
internal_weight=200 161 136 113 70 43 49
internal_count=200 161 136 113 70 43 49
is_linear=0
shrinkage=0.05


Tree=366
num_leaves=7
num_cat=0
split_feature=7 0 0 9 9 8
split_gain=0.00128503 0.00673634 0.0193851 0.00704455 0.00515255 0.00323103
threshold=-0.71341139243060037 0.7220267109355033 0.38632202673513577 -0.25562923791518238 0.68790205687404715 -0.086510780692153996
decision_type=2 2 2 2 2 2
left_child=5 2 3 -2 -5 -1
right_child=1 -3 -4 4 -6 -7
leaf_value=-0.00070603459464359632 0.00081819178412503033 0.00074405036189135196 -0.0013951575415797565 -0.0005105684989545246 0.00031789112656524889 0
leaf_weight=21 32 31 23 35 37 21
leaf_count=21 32 31 23 35 37 21
internal_value=0 6.98836e-05 -5.57937e-05 0.000193437 -1.56338e-05 -0.000240765
internal_weight=200 158 127 104 72 42
internal_count=200 158 127 104 72 42
is_linear=0
shrinkage=0.05


Tree=367
num_leaves=8
num_cat=0
split_feature=6 8 5 3 6 6 9
split_gain=0.0013223 0.00697886 0.0144273 0.00688046 0.00607285 0.008523 0.00558854
threshold=1.0027405419071362 -0.54599136229516632 -0.058179031203032937 0.97206270029054276 0.25488469790422458 -0.82892638494837001 1.0000000180025095e-35
decision_type=2 2 2 2 2 2 2
left_child=1 2 -1 4 5 -3 -7
right_child=-2 3 -4 -5 -6 6 -8
leaf_value=-0.0015018785575221321 0.00029929015680554984 -0.00046790909406139102 0.00015079104845453775 0.00091598481930185499 -0.00075329937585687495 0.0010639211873230061 0
leaf_weight=23 32 28 20 22 24 27 24
leaf_count=23 32 28 20 22 24 27 24
internal_value=0 -5.06012e-05 -0.000618619 0.000105167 -2.02409e-05 0.00013992 0.00057174
internal_weight=200 168 43 125 103 79 51
internal_count=200 168 43 125 103 79 51
is_linear=0
shrinkage=0.05


Tree=368
num_leaves=8
num_cat=0
split_feature=4 6 5 2 6 2 8
split_gain=0.00118758 0.00811855 0.010803 0.0117214 0.00628549 0.0111264 0.00482576
threshold=-0.17284956211234459 -0.68227132361849663 -0.21514663834254452 -0.02855393123849061 -0.78551852212223794 -0.083961719798484977 0.26355740789669246
decision_type=2 2 2 2 2 2 2
left_child=4 -2 6 -4 -1 -6 -3
right_child=1 2 3 -5 5 -7 -8
leaf_value=-0.00088126140607655784 0.00079300748360177286 0.0009529363968678843 0 -0.0014720631750739983 -0.00052641819388237463 0.00082138346610558823 0
leaf_weight=22 33 21 22 23 30 29 20
leaf_count=22 33 21 22 23 30 29 20
internal_value=0 0.000106907 -9.89075e-05 -0.000678357 -0.000140799 5.17271e-05 0.000415522
internal_weight=200 119 86 45 81 59 41
internal_count=200 119 86 45 81 59 41
is_linear=0
shrinkage=0.05


Tree=369
num_leaves=7
num_cat=0
split_feature=3 3 2 5 9 2
split_gain=0.00128946 0.00418122 0.00482893 0.0105449 0.0229967 0.0102461
threshold=1.1791560607766125 0.8429562258010318 0.28676327924322481 0.19129554466377813 0.074696310398215768 0.77039116283773745
decision_type=2 2 2 2 2 2
left_child=1 2 3 4 -1 -4
right_child=-2 -3 5 -5 -6 -7
leaf_value=1.1358980232607203e-05 -0.00034459614319912283 0.00071965491529377579 0.0012559548465173637 0.00031932166302957765 -0.0018126698410213422 -5.0953129157848504e-05
leaf_weight=36 23 21 20 39 26 35
leaf_count=36 23 21 20 39 26 35
internal_value=0 5.20938e-05 -6.14292e-06 -0.000241495 -0.000674728 0.000334959
internal_weight=200 177 156 101 62 55
internal_count=200 177 156 101 62 55
is_linear=0
shrinkage=0.05


Tree=370
num_leaves=7
num_cat=0
split_feature=6 4 2 2 3 2
split_gain=0.00126109 0.00603292 0.0111264 0.00479879 0.006602 0.00762086
threshold=1.0027405419071362 -0.7611959090481073 -0.62576790114282188 -0.068289288353203872 0.61047800535864416 0.77039116283773745
decision_type=2 2 2 2 2 2
left_child=1 -1 -3 -4 5 -5
right_child=-2 2 3 4 -6 -7
leaf_value=0.00057748839374320105 0.00029394854450557738 -0.00096905770739979039 0.00071990855890039299 0.00065660667264304208 -0.00080286322796710148 -0.00046982543182144047
leaf_weight=28 32 36 21 34 26 23
leaf_count=28 32 36 21 34 26 23
internal_value=0 -4.7489e-05 -0.000208496 7.42229e-06 -0.000113326 0.000114489
internal_weight=200 168 140 104 83 57
internal_count=200 168 140 104 83 57
is_linear=0
shrinkage=0.05


Tree=371
num_leaves=7
num_cat=0
split_feature=4 9 5 9 0 4
split_gain=0.00126361 0.00823171 0.0144212 0.00799925 0.00796188 0.00579038
threshold=-0.17284956211234459 -0.54947988218227117 0.19129554466377813 0.71802526418035806 0.38632202673513577 0.80623386216812409
decision_type=2 2 2 2 2 2
left_child=3 -2 5 4 -1 -3
right_child=1 2 -4 -5 -6 -7
leaf_value=0.00064675823112477241 -0.00062478452099281256 0.00037063621830530583 0.0012079843021000755 -0.001005412760451083 -0.00047890478192018598 -0.00058270995891915995
leaf_weight=34 25 31 33 21 26 30
leaf_count=34 25 31 33 21 26 30
internal_value=0 0.000111582 0.000361015 -0.000143763 7.5791e-05 -1.65758e-05
internal_weight=200 119 94 81 60 61
internal_count=200 119 94 81 60 61
is_linear=0
shrinkage=0.05


Tree=372
num_leaves=7
num_cat=0
split_feature=4 4 4 0 3 4
split_gain=0.00132019 0.00488812 0.0053123 0.00703268 0.0138691 0.00976267
threshold=1.3006673947196312 0.80623386216812409 0.34496602550163707 0.28011584133812589 0.46356336607458076 -0.34860813675483643
decision_type=2 2 2 2 2 2
left_child=1 2 3 5 -5 -1
right_child=-2 -3 -4 4 -6 -7
leaf_value=0 0.00034517048416562762 -0.00071647523388390232 0.00068789661270858397 0.00098030391028710814 -0.0005894669262108518 -0.0010984190665153633
leaf_weight=39 25 24 27 34 20 31
leaf_count=39 25 24 27 34 20 31
internal_value=0 -4.20753e-05 3.24266e-05 -7.04459e-05 0.000306471 -0.000432559
internal_weight=200 175 151 124 54 70
internal_count=200 175 151 124 54 70
is_linear=0
shrinkage=0.05


Tree=373
num_leaves=7
num_cat=0
split_feature=0 0 6 4 6 0
split_gain=0.00119203 0.00447786 0.00506359 0.0136871 0.00487787 0.00897861
threshold=0.98143087147855501 0.67040357000334094 1.0027405419071362 -0.7482175872823621 -0.96002301996472861 -0.085877667947008351
decision_type=2 2 2 2 2 2
left_child=1 2 3 -1 -5 -6
right_child=-2 -3 -4 4 5 -7
leaf_value=0.00089381109602850492 -0.00032214262601011336 0.00074335067528542755 0.00058680254081977805 0 -0.0012490343677936033 -5.3221014428807024e-05
leaf_weight=22 24 21 26 26 35 46
leaf_count=22 24 21 26 26 35 46
internal_value=0 5.21589e-05 -9.6681e-06 -0.000168978 -0.000434811 -0.000632486
internal_weight=200 176 155 129 107 81
internal_count=200 176 155 129 107 81
is_linear=0
shrinkage=0.05


Tree=374
num_leaves=7
num_cat=0
split_feature=0 0 2 9 7 0
split_gain=0.00108589 0.00403071 0.00571563 0.00906455 0.0215722 0.0120812
threshold=0.98143087147855501 0.67040357000334094 0.63327937351919183 0.68790205687404715 0.45796664919111035 -0.13638236272716078
decision_type=2 2 2 2 2 2
left_child=1 2 3 4 5 -1
right_child=-2 -3 -4 -5 -6 -7
leaf_value=0.00078720105663749543 -0.00030610231408285151 0.0007063592378032434 0.00048053418849891886 0.0003930893048638604 -0.0017130201036588671 -0.00067882796547846086
leaf_weight=27 24 21 39 34 26 29
leaf_count=27 24 21 39 34 26 29
internal_value=0 5.0919e-05 -6.04344e-06 -0.000212974 -0.000525342 0
internal_weight=200 176 155 116 82 56
internal_count=200 176 155 116 82 56
is_linear=0
shrinkage=0.05


Tree=375
num_leaves=7
num_cat=0
split_feature=4 9 5 9 7 4
split_gain=0.00136381 0.00755757 0.0129166 0.00722163 0.0109299 0.00482926
threshold=-0.17284956211234459 -0.54947988218227117 0.19129554466377813 0.71802526418035806 -0.14323352037145445 0.80623386216812409
decision_type=2 2 2 2 2 2
left_child=3 -2 5 4 -1 -3
right_child=1 2 -4 -5 -6 -7
leaf_value=0.00086907475963748254 -0.00058432499605854348 0.00035260747114969029 0.0011558895955355332 -0.00096562972989692498 -0.00046106737706348797 -0.00052214804913019422
leaf_weight=27 25 31 33 21 33 30
leaf_count=27 25 31 33 21 33 30
internal_value=0 0.000116229 0.000356104 -0.000149004 5.4752e-05 0
internal_weight=200 119 94 81 60 61
internal_count=200 119 94 81 60 61
is_linear=0
shrinkage=0.05


Tree=376
num_leaves=7
num_cat=0
split_feature=4 2 0 5 6 6
split_gain=0.00145289 0.00414769 0.0128025 0.00721117 0.00579928 0.016821
threshold=1.3006673947196312 -0.89084222374334454 -0.53729058320574297 0.39876812111814403 -0.38318791566268462 0.58050015625325202
decision_type=2 2 2 2 2 2
left_child=1 -1 -3 4 -4 -6
right_child=-2 2 3 -5 5 -7
leaf_value=0.0004174049098883106 0.00036236126294945811 -0.0011675932439477131 -0.00073392603918841746 0.00061499854189537044 0.0011291031538044223 -0.00079603692879099655
leaf_weight=33 25 27 34 37 22 22
leaf_count=33 25 27 34 37 22 22
internal_value=0 -4.38341e-05 -0.000186428 1.3061e-06 -0.000226199 5.35321e-05
internal_weight=200 175 142 115 78 44
internal_count=200 175 142 115 78 44
is_linear=0
shrinkage=0.05


Tree=377
num_leaves=8
num_cat=0
split_feature=4 4 7 8 7 9 9
split_gain=0.00130363 0.00391533 0.00558701 0.00828838 0.012465 0.0114891 0.0150558
threshold=1.3006673947196312 0.80623386216812409 -0.89289114634625366 0.23879331278097329 0.290393031021634 -0.41589938438742385 0.51055159470149003
decision_type=2 2 2 2 2 2 2
left_child=1 2 -1 5 -5 -4 -7
right_child=-2 -3 3 4 -6 6 -8
leaf_value=0.00074408927604691826 0.00034431533338835987 -0.00064389480751769095 -0.0004524005905811474 -0.0012955331804048386 7.9977368313772788e-05 0.0017843696196095564 0
leaf_weight=24 25 24 29 29 24 20 25
leaf_count=24 25 24 29 29 24 20 25
internal_value=0 -4.02299e-05 2.29888e-05 -7.44213e-05 -0.000579521 0.000220157 0.000764489
internal_weight=200 175 151 127 53 74 45
internal_count=200 175 151 127 53 74 45
is_linear=0
shrinkage=0.05


Tree=378
num_leaves=7
num_cat=0
split_feature=4 3 3 4 3 3
split_gain=0.00120873 0.00634342 0.0101713 0.0102842 0.00566736 0.00909179
threshold=-0.085521822524017271 -0.41325862778101113 0.8429562258010318 0.57618336971590733 -0.41325862778101113 0.46356336607458076
decision_type=2 2 2 2 2 2
left_child=4 -2 3 -3 -1 -6
right_child=1 2 -4 -5 5 -7
leaf_value=-0.00069799935467649036 0.00066260921627067995 -0.0012639688314053533 0.00064857915561661685 1.1603625246841971e-05 0.00082805468198221272 -0.00037925020730662567
leaf_weight=31 38 26 24 22 27 32
leaf_count=31 38 26 24 22 27 32
internal_value=0 0.000119374 -9.85075e-05 -0.000576573 -0.000126986 8.91091e-05
internal_weight=200 110 72 48 90 59
internal_count=200 110 72 48 90 59
is_linear=0
shrinkage=0.05


Tree=379
num_leaves=7
num_cat=0
split_feature=7 0 0 9 5 8
split_gain=0.00116389 0.00520482 0.0180065 0.00637937 0.00642676 0.00319365
threshold=-0.71341139243060037 0.7220267109355033 0.38632202673513577 -0.25562923791518238 -0.15279347726455431 -0.086510780692153996
decision_type=2 2 2 2 2 2
left_child=5 2 3 -2 -5 -1
right_child=1 -3 -4 4 -6 -7
leaf_value=-0.00069143998754427061 0.00079580764804830387 0.00066295368132747445 -0.001328727790029534 -0.00055288337696824351 0.00038485799050154141 8.3178004814903175e-06
leaf_weight=21 32 31 23 34 38 21
leaf_count=21 32 31 23 34 38 21
internal_value=0 7.13437e-05 -3.41339e-05 0.000205141 0 -0.000223608
internal_weight=200 158 127 104 72 42
internal_count=200 158 127 104 72 42
is_linear=0
shrinkage=0.05


Tree=380
num_leaves=7
num_cat=0
split_feature=0 0 2 9 7 2
split_gain=0.0012722 0.00327926 0.00527336 0.00811756 0.0199249 0.0110016
threshold=0.98143087147855501 0.67040357000334094 0.63327937351919183 0.68790205687404715 0.45796664919111035 -0.15907034707281489
decision_type=2 2 2 2 2 2
left_child=1 2 3 4 5 -1
right_child=-2 -3 -4 -5 -6 -7
leaf_value=0.0006475124583576699 -0.00032953557619222159 0.00064439009466777915 0.00047716778143697017 0.00037859040947461675 -0.0016318123059711237 -0.00076341032962550523
leaf_weight=32 24 21 39 34 26 24
leaf_count=32 24 21 39 34 26 24
internal_value=0 5.65615e-05 0 -0.000192019 -0.000489687 0
internal_weight=200 176 155 116 82 56
internal_count=200 176 155 116 82 56
is_linear=0
shrinkage=0.05


Tree=381
num_leaves=7
num_cat=0
split_feature=0 0 2 9 7 0
split_gain=0.0011594 0.00295028 0.00472479 0.00736517 0.0180649 0.0116417
threshold=0.98143087147855501 0.67040357000334094 0.63327937351919183 0.68790205687404715 0.42156575475024444 -0.13638236272716078
decision_type=2 2 2 2 2 2
left_child=1 2 3 4 5 -1
right_child=-2 -3 -4 -5 -6 -7
leaf_value=0.00082783646550621851 -0.00031312714066140013 0.00061232333206152336 0.00045337040639628927 0.00035971638424283774 -0.0014965920520157577 -0.00063182226087221899
leaf_weight=26 24 21 39 34 28 28
leaf_count=26 24 21 39 34 28 28
internal_value=0 5.51461e-05 0 -0.000180324 -0.00046531 0
internal_weight=200 176 155 116 82 54
internal_count=200 176 155 116 82 54
is_linear=0
shrinkage=0.05


Tree=382
num_leaves=8
num_cat=0
split_feature=7 0 0 0 8 6 8
split_gain=0.00128025 0.00456048 0.0159186 0.00644831 0.00999845 0.0202046 0.00300117
threshold=-0.71341139243060037 0.7220267109355033 0.38632202673513577 -0.9731692023843036 0.32289891672705934 -0.17713117266070152 -0.086510780692153996
decision_type=2 2 2 2 2 2 2
left_child=6 2 3 -2 5 -5 -1
right_child=1 -3 -4 4 -6 -7 -8
leaf_value=-0.00068076047351168937 -0.00047210398178671202 0.00062835212307308362 -0.0012401415791072241 -8.7644924552967906e-05 -0.00016245776740988821 0.0017037723390677482 0
leaf_weight=21 21 31 23 22 30 31 21
leaf_count=21 21 31 23 22 30 31 21
internal_value=0 7.64926e-05 -1.92626e-05 0.000203641 0.000435143 0.000867239 -0.000232489
internal_weight=200 158 127 104 83 53 42
internal_count=200 158 127 104 83 53 42
is_linear=0
shrinkage=0.05


Tree=383
num_leaves=8
num_cat=0
split_feature=0 0 4 1 0 3 4
split_gain=0.00119262 0.00294852 0.00918198 0.00792926 0.0097752 0.00830981 0.00568788
threshold=0.98143087147855501 0.31613239052413888 0.073151886678842634 -0.77275446184313845 0.034056310315698224 -0.41325862778101113 0.18648266153919926
decision_type=2 2 2 2 2 2 2
left_child=1 3 -3 -1 5 -5 -7
right_child=-2 2 -4 4 -6 6 -8
leaf_value=0.0006801977627634132 -0.00032078371164910645 0.0010092043462673465 -0.00020838988285376881 -0.0006320424696881719 -0.0012111004741179729 0 0.00097968555236985157
leaf_weight=26 24 29 22 32 22 22 23
leaf_count=26 24 29 22 32 22 22 23
internal_value=0 5.33705e-05 0.00038674 -4.28768e-05 -0.000283724 0 0.000419885
internal_weight=200 176 51 125 99 77 45
internal_count=200 176 51 125 99 77 45
is_linear=0
shrinkage=0.05


Tree=384
num_leaves=7
num_cat=0
split_feature=4 3 3 4 3 7
split_gain=0.00118025 0.00614324 0.00932499 0.00955083 0.00465856 0.0114865
threshold=-0.085521822524017271 -0.41325862778101113 0.8429562258010318 0.57618336971590733 -0.41325862778101113 -0.14323352037145445
decision_type=2 2 2 2 2 2
left_child=4 -2 3 -3 -1 -6
right_child=1 2 -4 -5 5 -7
leaf_value=-0.00064463312887374038 0.0006506695383377472 -0.0012200335915587572 0.00061229864397198278 3.1399393108634208e-07 0.00091377417046788168 -0.00046408856463452569
leaf_weight=31 38 26 24 22 26 33
leaf_count=31 38 26 24 22 26 33
internal_value=0 0.000115449 -9.81906e-05 -0.00055792 -0.000128301 5.90216e-05
internal_weight=200 110 72 48 90 59
internal_count=200 110 72 48 90 59
is_linear=0
shrinkage=0.05


Tree=385
num_leaves=7
num_cat=0
split_feature=7 0 0 9 5 8
split_gain=0.00111624 0.00410725 0.0147382 0.00625213 0.00570581 0.00264427
threshold=-0.71341139243060037 0.7220267109355033 0.38632202673513577 -0.25562923791518238 -0.15279347726455431 -0.086510780692153996
decision_type=2 2 2 2 2 2
left_child=5 2 3 -2 -5 -1
right_child=1 -3 -4 4 -6 -7
leaf_value=-0.00064139274054899893 0.00077804737501143773 0.00059280977563833722 -0.0011971066566788919 -0.00053429088358633505 0.00034482266492359443 0
leaf_weight=21 32 31 23 34 38 21
leaf_count=21 32 31 23 34 38 21
internal_value=0 6.7533e-05 -2.17106e-05 0.000191102 -1.13142e-06 -0.000221715
internal_weight=200 158 127 104 72 42
internal_count=200 158 127 104 72 42
is_linear=0
shrinkage=0.05


Tree=386
num_leaves=7
num_cat=0
split_feature=0 0 9 8 4 8
split_gain=0.00127314 0.00289647 0.0145851 0.00694903 0.0113641 0.021588
threshold=0.98143087147855501 0.31613239052413888 -0.053470711242552503 0.65201422690695299 0.96924793133103659 -0.22609407689722497
decision_type=2 2 2 2 2 2
left_child=1 3 -3 4 5 -1
right_child=-2 2 -4 -5 -6 -7
leaf_value=3.0033014651597527e-05 -0.00033284567109443422 -0.00029601799343415193 0.0012892361401034837 0.00054225125281151824 0.00058350425310500342 -0.0016076603761748657
leaf_weight=39 24 26 25 32 22 32
leaf_count=39 24 26 25 32 22 32
internal_value=0 5.39685e-05 0.000384222 -4.10064e-05 -0.00029577 -0.000638982
internal_weight=200 176 51 125 93 71
internal_count=200 176 51 125 93 71
is_linear=0
shrinkage=0.05


Tree=387
num_leaves=8
num_cat=0
split_feature=0 0 9 1 0 2 0
split_gain=0.00115994 0.00251096 0.0132408 0.00703774 0.00800186 0.00484818 0.00935123
threshold=0.98143087147855501 0.31613239052413888 -0.053470711242552503 -0.77275446184313845 0.034056310315698224 -0.70637522872661085 -0.56557689594403482
decision_type=2 2 2 2 2 2 2
left_child=1 3 -3 -1 5 -5 -7
right_child=-2 2 -4 4 -6 6 -8
leaf_value=0.00064651183828611609 -0.00031627244716973905 -0.00028127380130478887 0.001225031145840913 -0.0006882511000542795 -0.0011017435618014626 -0.0003818042756269771 0.00083383318282998571
leaf_weight=26 24 26 25 20 22 25 32
leaf_count=26 24 26 25 20 22 25 32
internal_value=0 5.27051e-05 0.000360216 -3.29789e-05 -0.000262357 0 0.000213358
internal_weight=200 176 51 125 99 77 57
internal_count=200 176 51 125 99 77 57
is_linear=0
shrinkage=0.05


Tree=388
num_leaves=8
num_cat=0
split_feature=0 0 1 0 4 6 6
split_gain=0.00107691 0.00625998 0.00640451 0.00717484 0.00564408 0.00446859 0.00777409
threshold=0.59012526187806846 0.31613239052413888 -0.77275446184313845 0.034056310315698224 -0.17284956211234459 -0.99981677845024264 0.023307545217260705
decision_type=2 2 2 2 2 2 2
left_child=1 2 -1 5 -2 -4 -7
right_child=4 -3 3 -5 -6 6 -8
leaf_value=0.00061431004580153137 -0.00086083958583102699 0.0008230510469684493 0.00061635688938830625 -0.001046905636076807 0.00011052985362742603 -0.0010387620888650418 7.5052353379979642e-05
leaf_weight=26 21 24 20 22 30 21 36
leaf_count=26 21 24 20 22 30 21 36
internal_value=0 7.31904e-05 -3.13576e-05 -0.00025183 -0.0001925 0 -0.000248835
internal_weight=200 149 125 99 51 77 57
internal_count=200 149 125 99 51 77 57
is_linear=0
shrinkage=0.05


Tree=389
num_leaves=8
num_cat=0
split_feature=7 7 3 5 5 2 1
split_gain=0.00102585 0.00270929 0.00596844 0.0106282 0.00776336 0.00677387 0.00255119
threshold=-0.71341139243060037 -0.16357954804292413 -0.8237813361957852 -0.76207132572875502 0.39876812111814403 0.068790183900552623 -0.057555013486127564
decision_type=2 2 2 2 2 2 2
left_child=6 -2 -3 -4 5 -5 -1
right_child=1 2 3 4 -6 -7 -8
leaf_value=-0.00061123814334781068 0.00043610744476032539 0.00062132922234941297 -0.001200004099973328 0.0011103132750198447 -0.00054978945300654446 0 0
leaf_weight=22 39 25 22 22 30 20 20
leaf_count=22 39 25 22 22 30 20 20
internal_value=0 6.58597e-05 -1.37648e-05 -0.000236289 0 0.000494869 -0.000211255
internal_weight=200 158 119 94 72 42 42
internal_count=200 158 119 94 72 42 42
is_linear=0
shrinkage=0.05


Tree=390
num_leaves=8
num_cat=0
split_feature=8 8 8 5 9 8 5
split_gain=0.00106403 0.00529398 0.00404896 0.00950146 0.0183941 0.0124483 0.0064328
threshold=-1.0153646948044228 -0.54599136229516632 -0.20301925959018771 -0.11031858078721309 0.58255486527867095 0.42837544121092647 0.44120769376490404
decision_type=2 2 2 2 2 2 2
left_child=-1 -2 -3 5 6 -4 -5
right_child=1 2 3 4 -6 -7 -8
leaf_value=0.00031837268439759169 -0.00069425411378909799 0.0006186681516929032 0.001229417693383735 -0.0017699044920520949 0.00053511416832855959 -0.00016178066167769206 -0.00021553866235043894
leaf_weight=24 27 27 26 22 23 29 22
leaf_count=24 27 27 26 22 23 29 22
internal_value=0 -3.51252e-05 5.11652e-05 -3.38835e-05 -0.000469704 0.00040617 -0.00110835
internal_weight=200 176 149 122 67 55 44
internal_count=200 176 149 122 67 55 44
is_linear=0
shrinkage=0.05


Tree=391
num_leaves=8
num_cat=0
split_feature=8 1 7 8 2 8 5
split_gain=0.000960732 0.00607055 0.0120497 0.0184132 0.0109335 0.0202259 0.00738288
threshold=-1.0153646948044228 -1.3346849268141525 -0.89289114634625366 -0.52181356055186601 -0.02855393123849061 0.23879331278097329 -0.11031858078721309
decision_type=2 2 2 2 2 2 2
left_child=-1 -2 -3 -4 5 -5 -6
right_child=1 2 3 4 6 -7 -8
leaf_value=0.00030252003614284498 -0.00084487157145523922 0.0012075904844819907 -0.0015077444894148954 0.0018727239212506755 0.0001534566241797073 0 -0.00084937784944645015
leaf_weight=24 21 20 20 21 28 34 32
leaf_count=24 21 20 20 21 28 34 32
internal_value=0 -3.3382e-05 4.47984e-05 -9.12239e-05 0.000112783 0.000652164 -0.000298717
internal_weight=200 176 155 135 115 55 60
internal_count=200 176 155 135 115 55 60
is_linear=0
shrinkage=0.05


Tree=392
num_leaves=7
num_cat=0
split_feature=7 0 0 0 6 8
split_gain=0.00110582 0.00390463 0.0143522 0.00585889 0.00766756 0.00253615
threshold=-0.71341139243060037 0.7220267109355033 0.38632202673513577 -0.026270931897890083 0.3290566764055663 -0.086510780692153996
decision_type=2 2 2 2 2 2
left_child=5 2 3 4 -2 -1
right_child=1 -3 -4 -5 -6 -7
leaf_value=-0.00063030104013821957 -0.00054016868510019147 0.00057941900807286103 -0.0011791356184088437 0.00069522611158863304 0.00053642751220304421 0
leaf_weight=21 39 31 23 38 27 21
leaf_count=21 39 31 23 38 27 21
internal_value=0 6.75939e-05 -1.83582e-05 0.000191208 -2.39548e-05 -0.000220247
internal_weight=200 158 127 104 66 42
internal_count=200 158 127 104 66 42
is_linear=0
shrinkage=0.05


Tree=393
num_leaves=7
num_cat=0
split_feature=3 3 1 0 8 6
split_gain=0.00113191 0.0035029 0.0041354 0.00828386 0.00796806 0.014878
threshold=1.1791560607766125 0.8429562258010318 1.1421014948046573 0.59012526187806846 -0.45706740793120976 0.22311312672206482
decision_type=2 2 2 2 2 2
left_child=1 2 3 4 -1 -6
right_child=-2 -3 -4 -5 5 -7
leaf_value=0.0010626245178826331 -0.00032079544642061252 0.0006606693365787691 -0.00055443703808413314 -0.00050232140750337687 0.00060750410063282892 -0.0010217223630366204
leaf_weight=29 23 21 30 35 41 21
leaf_count=29 23 21 30 35 41 21
internal_value=0 5.05507e-05 0 9.27912e-05 0.000376866 0
internal_weight=200 177 156 126 91 62
internal_count=200 177 156 126 91 62
is_linear=0
shrinkage=0.05


Tree=394
num_leaves=8
num_cat=0
split_feature=3 4 8 7 9 3 3
split_gain=0.00101252 0.00359968 0.00423654 0.00837662 0.0112449 0.0149205 0.00505275
threshold=1.1791560607766125 1.3006673947196312 0.55548577348289541 -0.71341139243060037 -0.053470711242552503 0.036535821987787924 -0.15377055813104787
decision_type=2 2 2 2 2 2 2
left_child=1 2 3 -1 6 -6 -5
right_child=-2 -3 -4 4 5 -7 -8
leaf_value=-0.00099800351517371458 -0.00030482512489525657 0.00066674133162433508 0.00040889243909266192 -0.0011061789181453538 0.001590089470625886 -6.4870340344945295e-05 0
leaf_weight=25 23 21 39 20 21 24 27
leaf_count=25 23 21 39 20 21 24 27
internal_value=0 4.66187e-05 -5.20225e-06 -0.000186164 0 0.000598393 -0.000503979
internal_weight=200 177 156 117 92 45 47
internal_count=200 177 156 117 92 45 47
is_linear=0
shrinkage=0.05


Tree=395
num_leaves=7
num_cat=0
split_feature=0 0 3 8 4 8
split_gain=0.000946947 0.00245392 0.00832408 0.00624975 0.0101128 0.018707
threshold=0.98143087147855501 0.31613239052413888 0.46356336607458076 0.65201422690695299 0.96924793133103659 -0.22609407689722497
decision_type=2 2 2 2 2 2
left_child=1 3 -3 4 5 -1
right_child=-2 2 -4 -5 -6 -7
leaf_value=3.5295877760500027e-06 -0.00028959057517001919 0.000947102017563054 -0.00021067997635599241 0.00050918962581611221 0.00053775579293523972 -0.0015097547904361617
leaf_weight=39 24 29 22 32 22 32
leaf_count=39 24 29 22 32 22 32
internal_value=0 4.43436e-05 0.000350384 -4.07333e-05 -0.000284003 -0.000609355
internal_weight=200 176 51 125 93 71
internal_count=200 176 51 125 93 71
is_linear=0
shrinkage=0.05


Tree=396
num_leaves=9
num_cat=0
split_feature=9 5 6 1 9 1 8 8
split_gain=0.0011307 0.00853075 0.00825562 0.00483069 0.00662413 0.0115761 0.00902064 0.00113991
threshold=0.40601699904274541 -0.70876392157612755 0.48327776272721706 -0.5993838341988974 -0.053470711242552503 0.05191326338887798 0.076043037132721564 0.056966815367347261
decision_type=2 2 2 2 2 2 2 2
left_child=3 -2 7 -1 5 -5 -7 -3
right_child=1 2 -4 4 -6 6 -8 -9
leaf_value=0.00074397992092490022 -0.0010574534154741502 -0.00051141049057263786 0.00093995988880994771 -0.0012417857595658922 0.00061253177544451766 -0.000446912805082355 0.00093121759200947066 0
leaf_weight=24 20 20 21 23 26 26 20 20
leaf_count=24 20 20 21 23 26 26 20 20
internal_value=0 -0.000138675 8.1968e-05 0.000103147 -6.78362e-06 -0.000313056 4.45347e-05 -0.00024501
internal_weight=200 81 61 119 95 69 46 40
internal_count=200 81 61 119 95 69 46 40
is_linear=0
shrinkage=0.05


Tree=397
num_leaves=8
num_cat=0
split_feature=9 7 5 7 6 4 5
split_gain=0.00101863 0.00911844 0.00972191 0.00576456 0.0116845 0.00635516 0.00590686
threshold=0.40601699904274541 -0.37968817588971138 -0.15279347726455431 -0.14323352037145445 0.023307545217260705 -0.10129883819559048 0.043514119680015603
decision_type=2 2 2 2 2 2 2
left_child=3 -2 -3 4 -1 -5 -7
right_child=1 2 -4 5 -6 6 -8
leaf_value=0 -0.0010280314776035051 -0.00044770638998664148 0.00079213449434067322 -0.00080249654468134667 0.0013659961928827165 0.00082420658190452052 -0.00030387112597439123
leaf_weight=30 22 28 31 26 23 20 20
leaf_count=30 22 28 31 26 23 20 20
internal_value=0 -0.0001315 0.000119371 9.80147e-05 0.000511487 -0.000158645 0.000136128
internal_weight=200 81 59 119 53 66 40
internal_count=200 81 59 119 53 66 40
is_linear=0
shrinkage=0.05


Tree=398
num_leaves=7
num_cat=0
split_feature=9 7 5 7 1 0
split_gain=0.000885796 0.00821096 0.00879928 0.00524921 0.0119214 0.00472615
threshold=0.40601699904274541 -0.37968817588971138 -0.15279347726455431 -0.45565340474154908 0.05191326338887798 0.33468831985443565
decision_type=2 2 2 2 2 2
left_child=3 -2 -3 -1 -5 -6
right_child=1 2 -4 4 5 -7
leaf_value=0.0006129343475978125 -0.00097686248827236807 -0.00042540075342764155 0.00075265507776570183 -0.00080936438841951652 0 0.00095884269503042547
leaf_weight=36 22 28 31 36 27 20
leaf_count=36 22 28 31 36 27 20
internal_value=0 -0.000124967 0.000109202 8.92155e-05 -7.82354e-05 0.000376151
internal_weight=200 81 59 119 83 47
internal_count=200 81 59 119 83 47
is_linear=0
shrinkage=0.05


Tree=399
num_leaves=7
num_cat=0
split_feature=5 5 2 3 7 2
split_gain=0.000936416 0.00417255 0.00512906 0.0101869 0.0066423 0.00907284
threshold=-1.2223919583666392 -0.76207132572875502 0.10016094044642973 -0.055152242020751127 -0.34067680349636748 -0.59536620044771249
decision_type=2 2 2 2 2 2
left_child=-1 -2 4 -4 -3 -6
right_child=1 2 3 -5 5 -7
leaf_value=0.00027519654211110515 -0.00071090214601077879 -0.00036412927539861617 -0.0010282027533328 0.00015862095147149425 0 0.0011575769958384562
leaf_weight=27 21 20 28 36 35 33
leaf_count=27 21 20 28 36 35 33
internal_value=0 -4.0837e-05 1.92712e-05 -0.000283405 0.000296225 0.000564118
internal_weight=200 173 152 64 88 68
internal_count=200 173 152 64 88 68
is_linear=0
shrinkage=0.05


Tree=400
num_leaves=8
num_cat=0
split_feature=5 9 9 8 7 8 6
split_gain=0.000845369 0.00644497 0.00821604 0.0140233 0.00872956 0.00724546 0.00662466
threshold=-1.2223919583666392 -0.30229839111583084 0.40601699904274541 0.23879331278097329 -0.20613362989376019 0.056966815367347261 0.25488469790422458
decision_type=2 2 2 2 2 2 2
left_child=-1 5 3 -3 -4 -2 -6
right_child=1 2 4 -5 6 -7 -8
leaf_value=0.00026148747381276531 -0.0010875212689741374 0.0015340580508360229 -0.0010234571993350983 -3.3230525419398492e-05 -0.0002469799416707837 0 0.00084889793027891904
leaf_weight=27 27 24 21 21 27 31 22
leaf_count=27 27 24 21 21 27 31 22
internal_value=0 -3.87888e-05 0.000145458 0.00069334 -0.000135912 -0.000489785 0.000143941
internal_weight=200 173 115 45 70 58 49
internal_count=200 173 115 45 70 58 49
is_linear=0
shrinkage=0.05


Tree=401
num_leaves=8
num_cat=0
split_feature=2 9 6 1 9 4 1
split_gain=0.000849057 0.0104199 0.0128721 0.0092602 0.00831079 0.00862527 0.00759533
threshold=1.0000000180025095e-35 0.074696310398215768 0.27649602086819425 -0.11922484547233848 -0.67465762942262575 -0.44584297730777572 0.05191326338887798
decision_type=2 2 2 2 2 2 2
left_child=1 2 -1 -3 -2 -6 -7
right_child=4 3 -4 -5 5 6 -8
leaf_value=0.0010555570983819887 -0.00067559678162283762 0 -0.00045635074761064977 -0.0012813481509108167 -0.00029955422094858744 0 0.0013383951256141975
leaf_weight=30 22 22 21 27 22 28 28
leaf_count=30 22 22 21 27 22 28 28
internal_value=0 -0.00010219 0.000335485 -0.000659317 0.000103742 0.00038816 0.000747512
internal_weight=200 100 51 49 100 78 56
internal_count=200 100 51 49 100 78 56
is_linear=0
shrinkage=0.05


Tree=402
num_leaves=8
num_cat=0
split_feature=8 8 9 0 1 7 1
split_gain=0.000790253 0.00316663 0.00671341 0.00923311 0.0205728 0.0103385 0.00770964
threshold=1.0023018536812007 0.58021105546225671 0.44615561411872789 -0.41282134652725405 -0.18965921797176757 -0.045665831783112107 0.05191326338887798
decision_type=2 2 2 2 2 2 2
left_child=1 2 3 -1 -5 -6 -4
right_child=-2 -3 6 4 5 -7 -8
leaf_value=-0.00055434358909076922 -0.00023173949085295777 0.00058323627500118556 -0.0010369415326891744 0.0018318993926061521 -0.00080707987177778379 0.00063127356536713918 2.913651935784006e-05
leaf_weight=24 31 24 30 21 23 27 20
leaf_count=24 31 24 30 21 23 27 20
internal_value=0 4.25019e-05 -1.28803e-05 0.000197238 0.00052204 0 -0.000511503
internal_weight=200 169 145 95 71 50 50
internal_count=200 169 145 95 71 50 50
is_linear=0
shrinkage=0.05


Tree=403
num_leaves=8
num_cat=0
split_feature=7 8 7 1 1 7 5
split_gain=0.000809535 0.00712787 0.0120476 0.00715781 0.0105386 0.00724384 0.00196162
threshold=-0.89289114634625366 0.42837544121092647 0.290393031021634 0.37645805247457781 -0.77275446184313845 0.24992221560320146 -0.28088768487636445
decision_type=2 2 2 2 2 2 2
left_child=-1 3 -3 4 -2 -6 -5
right_child=1 2 -4 6 5 -7 -8
leaf_value=0.00023893070959507724 0.0006665077041814434 -0.0012973184944766254 2.2784965768891705e-05 0.00098997638653592766 0 -0.0011582152940505951 0
leaf_weight=30 23 27 29 25 20 26 20
leaf_count=30 23 27 29 25 20 26 20
internal_value=0 -4.23787e-05 -0.000525745 0.000151496 -0.000108799 -0.000605517 0.000660835
internal_weight=200 170 56 114 69 46 45
internal_count=200 170 56 114 69 46 45
is_linear=0
shrinkage=0.05


Tree=404
num_leaves=7
num_cat=0
split_feature=3 3 1 0 6 2
split_gain=0.000799464 0.00349575 0.00434818 0.00731077 0.00756959 0.00699384
threshold=1.1791560607766125 0.8429562258010318 1.1421014948046573 0.59012526187806846 -0.53229006343190233 0.28676327924322481
decision_type=2 2 2 2 2 2
left_child=1 2 3 4 -1 -6
right_child=-2 -3 -4 -5 5 -7
leaf_value=0.0010386828756957477 -0.00027218945263945434 0.00065342968702757672 -0.00057591286664240783 -0.00047108519083901212 -0.00036331150416389607 0.00071508864528225169
leaf_weight=28 23 21 30 35 39 24
leaf_count=28 23 21 30 35 39 24
internal_value=0 4.02735e-05 -1.06017e-05 8.46951e-05 0.000353624 0
internal_weight=200 177 156 126 91 63
internal_count=200 177 156 126 91 63
is_linear=0
shrinkage=0.05


Tree=405
num_leaves=8
num_cat=0
split_feature=3 1 5 6 2 6 9
split_gain=0.000728684 0.00242117 0.0152643 0.00977198 0.0088848 0.00694465 0.000496416
threshold=-1.289912086072208 -0.35807060396644247 0.23629185763565297 0.098220931421532071 -0.1248327245305791 -0.82892638494837001 -0.19166057603521211
decision_type=2 2 2 2 2 2 2
left_child=-1 2 -2 5 -5 -3 -7
right_child=1 3 -4 4 -6 6 -8
leaf_value=0.00028057695389614918 0.00023723093791573927 0 -0.001262416689071476 -0.001100865268033458 0.00011793273333586515 0.00029727500256391897 0.0012886183627125857
leaf_weight=21 38 28 26 25 22 20 20
leaf_count=21 38 28 26 25 22 20 20
internal_value=0 -2.99493e-05 -0.000295017 7.42541e-05 -0.000425168 0.000492982 0.000919612
internal_weight=200 179 64 115 47 68 40
internal_count=200 179 64 115 47 68 40
is_linear=0
shrinkage=0.05


Tree=406
num_leaves=8
num_cat=0
split_feature=6 1 2 8 1 8 5
split_gain=0.000856215 0.0066682 0.012113 0.00420694 0.00558204 0.00864012 0.011101
threshold=-0.17713117266070152 -0.50452283143810328 0.10016094044642973 -0.68339916026339831 0.84496387796619865 0.58021105546225671 0.10867640870088148
decision_type=2 2 2 2 2 2 2
left_child=1 -1 -3 -2 5 6 -5
right_child=3 2 -4 4 -6 -7 -8
leaf_value=-0.00086628869311980807 0.00075847893253673082 0.00081194568723665268 -0.00053466834652707751 0 0.00068562604343305484 0.00036427027909834495 -0.0013895601435596574
leaf_weight=23 20 33 31 21 20 26 26
leaf_count=23 20 33 31 21 20 26 26
internal_value=0 -0.000112102 8.18599e-05 9.61676e-05 0 -0.000248289 -0.000693363
internal_weight=200 87 64 113 93 73 47
internal_count=200 87 64 113 93 73 47
is_linear=0
shrinkage=0.05


Tree=407
num_leaves=8
num_cat=0
split_feature=6 6 5 8 1 8 5
split_gain=0.000805265 0.0061991 0.00700958 0.00376668 0.0049603 0.00778629 0.0101172
threshold=-0.17713117266070152 -0.68227132361849663 -0.15279347726455431 -0.68339916026339831 0.84496387796619865 0.58021105546225671 0.10867640870088148
decision_type=2 2 2 2 2 2 2
left_child=1 2 -1 -2 5 6 -5
right_child=3 -3 -4 4 -6 -7 -8
leaf_value=-0.00040011624242855819 0.00072074371479238526 -0.00071853400645870407 0.00066440722748941077 0 0.00065151531856266125 0.0003461266001615088 -0.0013203483123075347
leaf_weight=24 20 30 33 21 20 26 26
leaf_count=24 20 30 33 21 20 26 26
internal_value=0 -0.00010653 0.000128705 9.51842e-05 0 -0.000230056 -0.00065501
internal_weight=200 87 57 113 93 73 47
internal_count=200 87 57 113 93 73 47
is_linear=0
shrinkage=0.05


Tree=408
num_leaves=8
num_cat=0
split_feature=1 7 3 9 5 9 0
split_gain=0.00082183 0.00526727 0.00450949 0.00221546 0.0102744 0.00638307 0.00221262
threshold=0.49055315082708467 -0.89289114634625366 -0.48460923203808609 0.68790205687404715 0.043514119680015603 -0.41589938438742385 0.034056310315698224
decision_type=2 2 2 2 2 2 2
left_child=1 -1 -2 4 5 -3 -4
right_child=2 3 6 -5 -6 -7 -8
leaf_value=0.00079737862301316141 0.00028736843438497903 0.00089752094806900239 0 0.00027180674614245509 -0.00090024856040873253 -0.00021956671576646832 -0.00080948774369541733
leaf_weight=22 26 21 21 32 33 21 24
leaf_count=22 26 21 21 32 33 21 24
internal_value=0 8.40718e-05 -0.00012674 -1.65116e-05 -0.000206304 0.000221017 -0.000476975
internal_weight=200 129 71 107 75 42 45
internal_count=200 129 71 107 75 42 45
is_linear=0
shrinkage=0.05


Tree=409
num_leaves=7
num_cat=0
split_feature=5 4 4 7 8 6
split_gain=0.000865492 0.00604492 0.00879962 0.00733411 0.00602972 0.00295902
threshold=0.44120769376490404 1.0300775799107975 -0.10129883819559048 1.0000000180025095e-35 0.076043037132721564 0.065635368160167365
decision_type=2 2 2 2 2 2
left_child=1 2 4 -4 -1 -2
right_child=5 -3 3 -5 -6 -7
leaf_value=-0.00086974489134891003 0 -0.00071908353805490795 0 0.0011432768677351001 3.0663025881043098e-05 0.00062712830374444725
leaf_weight=27 37 29 27 27 30 23
leaf_count=27 37 29 27 27 30 23
internal_value=0 -5.83064e-05 6.98164e-05 0.000561991 -0.000309057 0.000167563
internal_weight=200 140 111 54 57 60
internal_count=200 140 111 54 57 60
is_linear=0
shrinkage=0.05


Tree=410
num_leaves=8
num_cat=0
split_feature=1 4 2 1 4 4 2
split_gain=0.000709002 0.00529676 0.00896435 0.00503883 0.00566562 0.0074219 0.0106035
threshold=0.49055315082708467 0.54605715478692607 -0.15907034707281489 0.05191326338887798 0.80623386216812409 -0.10129883819559048 0.052601104911993962
decision_type=2 2 2 2 2 2 2
left_child=3 2 -2 4 5 6 -1
right_child=1 -3 -4 -5 -6 -7 -8
leaf_value=-0.00094883096687035202 1.6086315736174569e-05 0.00030080539500820883 -0.0012401775670436957 0.00069926502230333173 -0.00082202105625388928 0.00072799458880538871 0.00043534134631549126
leaf_weight=27 20 29 22 27 20 32 23
leaf_count=27 20 29 22 27 20 32 23
internal_value=0 -0.000117175 -0.000524575 7.85372e-05 -3.73255e-05 9.39305e-05 -0.000212713
internal_weight=200 71 42 129 102 82 50
internal_count=200 71 42 129 102 82 50
is_linear=0
shrinkage=0.05


Tree=411
num_leaves=7
num_cat=0
split_feature=5 6 6 2 6 0
split_gain=0.000818259 0.00385765 0.00606268 0.00960044 0.00366865 0.00315575
threshold=0.44120769376490404 1.1411117967430409 -0.24450826217084101 0.28676327924322481 -0.68227132361849663 0.31613239052413888
decision_type=2 2 2 2 2 2
left_child=1 2 4 -4 -1 -2
right_child=5 -3 3 -5 -6 -7
leaf_value=0 -2.5122023059213607e-05 -0.00067343573134426217 0 0.0011861018821040625 -0.00084835346707082661 0.00060310483423072381
leaf_weight=37 34 22 37 24 20 26
leaf_count=37 34 22 37 24 20 26
internal_value=0 -5.47533e-05 1.87299e-05 0.000402604 -0.000304503 0.000164465
internal_weight=200 140 118 61 57 60
internal_count=200 140 118 61 57 60
is_linear=0
shrinkage=0.05


Tree=412
num_leaves=7
num_cat=0
split_feature=5 4 4 2 3 0
split_gain=0.000717194 0.0054982 0.00739137 0.0114954 0.00359719 0.00287993
threshold=0.44120769376490404 1.0300775799107975 -0.10129883819559048 -0.083961719798484977 -0.30214173921178206 0.31613239052413888
decision_type=2 2 2 2 2 2
left_child=1 2 4 -4 -1 -2
right_child=5 -3 3 -5 -6 -7
leaf_value=-0.00074349428230343012 -2.3869602446638238e-05 -0.00068491838545989747 0.0014339192801318462 0 0 0.00057306514256294831
leaf_weight=24 34 29 21 33 33 26
leaf_count=24 34 29 21 33 33 26
internal_value=0 -5.35697e-05 6.68407e-05 0.000520302 -0.000275348 0.000152131
internal_weight=200 140 111 54 57 60
internal_count=200 140 111 54 57 60
is_linear=0
shrinkage=0.05


Tree=413
num_leaves=8
num_cat=0
split_feature=8 8 9 0 1 7 1
split_gain=0.000797798 0.00260392 0.00569528 0.00852082 0.0174813 0.0094013 0.00618567
threshold=1.0023018536812007 0.58021105546225671 0.44615561411872789 -0.41282134652725405 -0.18965921797176757 -0.045665831783112107 0.05191326338887798
decision_type=2 2 2 2 2 2 2
left_child=1 2 3 -1 -5 -6 -4
right_child=-2 -3 6 4 5 -7 -8
leaf_value=-0.00052245648179775211 -0.00022567992137559356 0.00053586387210738113 -0.00093122553235025106 0.0017145492013994059 -0.00074275997810033505 0.00063009235537112647 0
leaf_weight=24 31 24 30 21 23 27 20
leaf_count=24 31 24 30 21 23 27 20
internal_value=0 4.92719e-05 0 0.000194569 0.000507662 0 -0.000460798
internal_weight=200 169 145 95 71 50 50
internal_count=200 169 145 95 71 50 50
is_linear=0
shrinkage=0.05


Tree=414
num_leaves=7
num_cat=0
split_feature=5 9 2 5 4 1
split_gain=0.000716437 0.00614795 0.0122926 0.00662395 0.00964299 0.00749304
threshold=-1.2223919583666392 -0.30229839111583084 0.10016094044642973 0.043514119680015603 -0.036159794905814766 0.50263616117637389
decision_type=2 2 2 2 2 2
left_child=-1 2 -2 5 -5 -3
right_child=1 3 -4 4 -6 -7
leaf_value=0.00024476126145667697 3.9970158369750404e-05 0.00014376733841380503 -0.0012936435259835817 0 0.0012070775823750503 -0.0010062851302501796
leaf_weight=27 32 31 26 36 28 20
leaf_count=27 32 31 26 36 28 20
internal_value=0 -3.11148e-05 -0.000472996 0.000148524 0.000512484 -0.000210473
internal_weight=200 173 58 115 64 51
internal_count=200 173 58 115 64 51
is_linear=0
shrinkage=0.05


Tree=415
num_leaves=7
num_cat=0
split_feature=8 3 1 5 2 4
split_gain=0.000722274 0.0041354 0.00861559 0.00732432 0.00560062 0.00511461
threshold=1.0023018536812007 0.077262375494543192 -0.54902232878446267 0.043514119680015603 0.84915158609537189 -0.10129883819559048
decision_type=2 2 2 2 2 2
left_child=1 4 -3 -4 5 -1
right_child=-2 2 3 -5 -6 -7
leaf_value=0 -0.00021250761520953015 -0.00098415336946481506 -0.00026821670131474076 0.00081825538806972798 -0.00025892647458773237 0.00099786804781412815
leaf_weight=31 31 24 36 24 20 34
leaf_count=31 31 24 36 24 20 34
internal_value=0 4.87104e-05 -0.000162673 8.38158e-05 0.000316307 0.000570232
internal_weight=200 169 84 60 85 65
internal_count=200 169 84 60 85 65
is_linear=0
shrinkage=0.05


Tree=416
num_leaves=7
num_cat=0
split_feature=5 0 4 7 3 0
split_gain=0.000659411 0.00494293 0.0106866 0.00664831 0.00685866 0.00666345
threshold=-1.2223919583666392 -0.65715888174342585 1.0728613804977081 -0.71341139243060037 0.8429562258010318 0.7079831793560164
decision_type=2 2 2 2 2 2
left_child=-1 -2 3 -3 5 -5
right_child=1 2 -4 4 -6 -7
leaf_value=0.00023484055543098446 0.0004809333295687988 -0.00073813280415300022 -0.0011952354772884518 -0.00035372437631762396 0.00094518084270532902 0.00071462809374041639
leaf_weight=27 33 24 22 51 23 20
leaf_count=27 33 24 22 51 23 20
internal_value=0 -2.98234e-05 -0.000186162 0 0.000192586 0
internal_weight=200 173 140 118 94 71
internal_count=200 173 140 118 94 71
is_linear=0
shrinkage=0.05


Tree=417
num_leaves=8
num_cat=0
split_feature=3 3 4 2 7 7 3
split_gain=0.00076568 0.00305264 0.00495335 0.0164634 0.00922832 0.011861 0.00621025
threshold=1.1791560607766125 0.8429562258010318 0.073151886678842634 -0.4140720197851952 0.39399468460867654 -0.45565340474154908 -0.64846967926451671
decision_type=2 2 2 2 2 2 2
left_child=1 2 4 -4 5 -1 -5
right_child=-2 -3 3 6 -6 -7 -8
leaf_value=0.00058354635532203091 -0.00026310873802477141 0.00061363706351986146 -0.001488288014503491 0.00070815581746725927 0.0010024910256166931 -0.00085655224585766464 -0.00034220900353924046
leaf_weight=27 23 21 22 25 27 28 27
leaf_count=27 23 21 22 25 27 28 27
internal_value=0 4.21791e-05 -3.06101e-06 -0.000329154 0.000230359 -5.90746e-05 6.71948e-05
internal_weight=200 177 156 74 82 55 52
internal_count=200 177 156 74 82 55 52
is_linear=0
shrinkage=0.05


Tree=418
num_leaves=8
num_cat=0
split_feature=3 1 9 8 6 2 8
split_gain=0.000691325 0.00283593 0.00547303 0.00557885 0.00677063 0.00795949 0.00519084
threshold=1.1791560607766125 1.1421014948046573 -0.77565725462888946 -0.72651789902524244 0.22311312672206482 -0.02855393123849061 0.19081536654438752
decision_type=2 2 2 2 2 2 2
left_child=1 2 -1 -4 5 -5 -6
right_child=-2 -3 3 4 6 -7 -8
leaf_value=0.00083108128631019973 -0.00025001023432393092 -0.00034044002272722506 0.00075520258485140966 -0.00051208660199629117 -0.0012351012204898828 0.00064679119189808311 0
leaf_weight=25 23 32 21 21 20 37 21
leaf_count=25 23 32 21 21 20 37 21
internal_value=0 4.00764e-05 0.000158688 0 -0.000138943 0.00014098 -0.000655966
internal_weight=200 177 145 120 99 58 41
internal_count=200 177 145 120 99 58 41
is_linear=0
shrinkage=0.05


Tree=419
num_leaves=7
num_cat=0
split_feature=0 9 0 8 4 8
split_gain=0.000781067 0.00628828 0.00437514 0.00462871 0.0077774 0.014878
threshold=0.59012526187806846 -0.41589938438742385 0.31613239052413888 0.65201422690695299 0.96924793133103659 -0.22609407689722497
decision_type=2 2 2 2 2 2
left_child=2 -2 3 4 5 -1
right_child=1 -3 -4 -5 -6 -7
leaf_value=9.8798451397348792e-06 -0.00090240831255208496 0.00015293524414899839 0.00068992640334278104 0.00045034203695052099 0.00047488886108664093 -0.0013297043606744809
leaf_weight=39 20 31 24 32 22 32
leaf_count=39 20 31 24 32 22 32
internal_value=0 -0.000164034 6.22471e-05 -1.87545e-05 -0.00023418 -0.000524574
internal_weight=200 51 149 125 93 71
internal_count=200 51 149 125 93 71
is_linear=0
shrinkage=0.05


Tree=420
num_leaves=7
num_cat=0
split_feature=8 3 9 9 1 5
split_gain=0.000739865 0.00366203 0.00840398 0.00788066 0.00775446 0.00683141
threshold=1.0023018536812007 0.077262375494543192 0.51055159470149003 -0.41589938438742385 -0.54902232878446267 0.043514119680015603
decision_type=2 2 2 2 2 2
left_child=1 2 3 -1 -3 -6
right_child=-2 4 -4 -5 5 -7
leaf_value=0 -0.000215354788385128 -0.00092873949851237899 -0.00025693206050807601 0.0012424853090444376 -0.00025268137652344403 0.00079395148281927739
leaf_weight=25 31 24 30 30 36 24
leaf_count=25 31 24 30 30 36 24
internal_value=0 4.90789e-05 0.000301638 0.000696971 -0.000147089 8.34015e-05
internal_weight=200 169 85 55 84 60
internal_count=200 169 85 55 84 60
is_linear=0
shrinkage=0.05


Tree=421
num_leaves=8
num_cat=0
split_feature=8 3 1 5 5 8 9
split_gain=0.000651711 0.00331047 0.00616268 0.0155804 0.0127007 0.00997218 0.00249854
threshold=1.0023018536812007 -0.65319515897560521 -0.35807060396644247 0.23629185763565297 0.19129554466377813 -0.14785035516316869 -0.13725173314581349
decision_type=2 2 2 2 2 2 2
left_child=1 6 3 -3 5 -4 -1
right_child=-2 2 4 -5 -6 -7 -8
leaf_value=0.00080928445880077955 -0.00020462166273912529 0.00012582697760892578 -0.001048072543321782 -0.0015715616139455287 0.001056008371052223 0.00028459311693191969 0
leaf_weight=22 31 25 23 21 28 27 23
leaf_count=22 31 25 23 21 28 27 23
internal_value=0 4.39827e-05 -5.50029e-05 -0.000542336 0.000168705 -0.000229501 0.000427125
internal_weight=200 169 124 46 78 50 45
internal_count=200 169 124 46 78 50 45
is_linear=0
shrinkage=0.05


Tree=422
num_leaves=8
num_cat=0
split_feature=0 4 0 1 0 0 6
split_gain=0.00066079 0.00416191 0.00372113 0.00593442 0.00592108 0.00553945 0.00340371
threshold=0.59012526187806846 -0.17284956211234459 0.31613239052413888 -0.77275446184313845 -0.19940232556031087 -0.91082395872963107 -0.17713117266070152
decision_type=2 2 2 2 2 2 2
left_child=2 -2 3 -1 5 -5 -6
right_child=1 -3 -4 4 6 -7 -8
leaf_value=0.00061180076550271267 -0.0007303932031326359 9.451096543293458e-05 0.00063823267674514123 -0.0004786079176343404 -0.0011872734033516539 0.00050924789232865541 -1.6042839401115317e-05
leaf_weight=26 21 30 24 22 20 34 23
leaf_count=26 21 30 24 22 20 34 23
internal_value=0 -0.000148073 5.97099e-05 -1.18199e-05 -0.000226505 3.18738e-05 -0.000678301
internal_weight=200 51 149 125 99 56 43
internal_count=200 51 149 125 99 56 43
is_linear=0
shrinkage=0.05


Tree=423
num_leaves=8
num_cat=0
split_feature=3 3 4 4 7 7 8
split_gain=0.000617458 0.00300561 0.00486606 0.0112208 0.00813796 0.0100735 0.00189876
threshold=1.1791560607766125 0.8429562258010318 0.073151886678842634 0.57618336971590733 0.39399468460867654 -0.45565340474154908 0.094718437542167022
decision_type=2 2 2 2 2 2 2
left_child=1 2 4 -4 5 -1 -5
right_child=-2 -3 3 6 -6 -7 -8
leaf_value=0.00054308842834105843 -0.00023617493956313505 0.00060651157932991597 -0.0011532946652131383 -0.00015942251954514247 0.00094802958946211115 -0.00078438318954296817 0.00041172352166794448
leaf_weight=27 23 21 27 22 27 28 25
leaf_count=27 23 21 27 22 27 28 25
internal_value=0 3.79574e-05 -6.88746e-06 -0.000329869 0.000223729 -4.21683e-05 3.84506e-05
internal_weight=200 177 156 74 82 55 47
internal_count=200 177 156 74 82 55 47
is_linear=0
shrinkage=0.05


Tree=424
num_leaves=7
num_cat=0
split_feature=5 9 5 4 1 6
split_gain=0.000703185 0.00529946 0.00548589 0.00903698 0.00656084 0.00438373
threshold=-1.2223919583666392 -0.30229839111583084 0.043514119680015603 -0.036159794905814766 0.50263616117637389 0.065635368160167365
decision_type=2 2 2 2 2 2
left_child=-1 5 4 -4 -3 -2
right_child=1 2 3 -5 -6 -7
leaf_value=0.00024235635932287497 -0.00079760980977082452 0.00013634752365386177 0 0.0011405805558350691 -0.00093626152673059737 0
leaf_weight=27 35 31 36 28 20 23
leaf_count=27 35 31 36 28 20 23
internal_value=0 -3.0986e-05 0.000133268 0.000466733 -0.000187445 -0.000442389
internal_weight=200 173 115 64 51 58
internal_count=200 173 115 64 51 58
is_linear=0
shrinkage=0.05


Tree=425
num_leaves=8
num_cat=0
split_feature=0 0 6 4 5 6 6
split_gain=0.00065521 0.0020574 0.00260379 0.0115071 0.0139447 0.0190324 0.00930176
threshold=0.98143087147855501 0.67040357000334094 1.0027405419071362 -0.7482175872823621 -0.21514663834254452 -0.68227132361849663 -0.26433549898023673
decision_type=2 2 2 2 2 2 2
left_child=1 2 3 -1 6 -6 -5
right_child=-2 -3 -4 4 5 -7 -8
leaf_value=0.00086104771437342563 -0.00023678116313436868 0.00050730893401632093 0.0004293792766886424 -0.00045055326159378794 7.4300924501386433e-05 -0.0016479905269608205 0.00083190466466217291
leaf_weight=22 24 21 26 24 20 35 28
leaf_count=22 24 21 26 24 20 35 28
internal_value=0 4.03597e-05 0 -0.000114668 -0.000362585 -0.00093196 0.000144303
internal_weight=200 176 155 129 107 55 52
internal_count=200 176 155 129 107 55 52
is_linear=0
shrinkage=0.05


Tree=426
num_leaves=8
num_cat=0
split_feature=8 3 1 5 5 4 9
split_gain=0.000623092 0.00301641 0.00490333 0.0135743 0.0104256 0.0110849 0.00133302
threshold=1.0023018536812007 -0.71552542744054604 -0.35807060396644247 0.23629185763565297 0.23629185763565297 0.39081170199209753 -0.13725173314581349
decision_type=2 2 2 2 2 2 2
left_child=1 6 3 -3 5 -4 -1
right_child=-2 2 4 -5 -6 -7 -8
leaf_value=0.00072385612522115087 -0.0001954213067008799 0.00013048136950473941 -0.00082319200375643954 -0.0014091124854390868 0.00098908406173693511 0.00061291548798778159 0
leaf_weight=21 31 27 32 22 27 20 20
leaf_count=21 31 27 32 22 27 20 20
internal_value=0 4.67789e-05 -3.82984e-05 -0.000460394 0.000160548 -0.000174757 0.000433488
internal_weight=200 169 128 49 79 52 41
internal_count=200 169 128 49 79 52 41
is_linear=0
shrinkage=0.05


Tree=427
num_leaves=7
num_cat=0
split_feature=5 4 6 6 6 5
split_gain=0.000577068 0.00484087 0.00717734 0.0087927 0.00268943 0.00205071
threshold=0.44120769376490404 1.0300775799107975 0.82261537197820245 -0.24450826217084101 0.065635368160167365 -0.39486946248736099
decision_type=2 2 2 2 2 2
left_child=1 2 3 5 -2 -1
right_child=4 -3 -4 -5 -6 -7
leaf_value=-0.0004069286233556396 -3.5943799825370077e-06 -0.00063930327629612902 -0.0005788198283897555 0.00090616655177277886 0.00058432912083092705 0.00020593796319221674
leaf_weight=26 37 29 27 38 23 20
leaf_count=26 37 29 27 38 23 20
internal_value=0 -4.45844e-05 6.62236e-05 0.000333454 0.000139179 -3.21363e-05
internal_weight=200 140 111 84 60 46
internal_count=200 140 111 84 60 46
is_linear=0
shrinkage=0.05


Tree=428
num_leaves=7
num_cat=0
split_feature=5 9 2 5 4 3
split_gain=0.000588882 0.00494357 0.0101756 0.00489816 0.00853361 0.00571425
threshold=-1.2223919583666392 -0.30229839111583084 0.10016094044642973 0.043514119680015603 -0.036159794905814766 -0.055152242020751127
decision_type=2 2 2 2 2 2
left_child=-1 2 -2 5 -5 -3
right_child=1 3 -4 4 -6 -7
leaf_value=0.00022438807495460739 3.0095432377260784e-05 -0.0008443473714681882 -0.0011718654560845816 0 0.0011035380306656992 0.00014541832125085122
leaf_weight=27 32 21 26 36 28 30
leaf_count=27 32 21 26 36 28 30
internal_value=0 -2.49458e-05 -0.000423746 0.000132941 0.000448364 -0.00016514
internal_weight=200 173 58 115 64 51
internal_count=200 173 58 115 64 51
is_linear=0
shrinkage=0.05


Tree=429
num_leaves=8
num_cat=0
split_feature=7 8 1 4 7 1 6
split_gain=0.000573574 0.00320368 0.00955855 0.0169768 0.00669091 0.00543552 0.00144256
threshold=-0.7829995439310653 0.42837544121092647 0.37645805247457781 -0.34860813675483643 0.24992221560320146 0.3361222630395711 0.098220931421532071
decision_type=2 2 2 2 2 2 2
left_child=-1 2 3 -2 -5 -3 -4
right_child=1 5 6 4 -6 -7 -8
leaf_value=-0.00016882051881454327 0.00084443064290544889 9.5726368829501904e-05 0.0011816620576755826 0 -0.0013614198136063318 -0.00081730551960749109 0.00015636027202158424
leaf_weight=36 26 28 23 21 22 24 20
leaf_count=36 26 28 23 21 22 24 20
internal_value=0 4.96834e-05 0.000224444 -7.63971e-05 -0.000749853 -0.000230464 0.000822256
internal_weight=200 164 112 69 43 52 43
internal_count=200 164 112 69 43 52 43
is_linear=0
shrinkage=0.05


Tree=430
num_leaves=7
num_cat=0
split_feature=0 0 2 4 9 0
split_gain=0.000574621 0.00200604 0.00352873 0.00663582 0.011453 0.0111197
threshold=0.98143087147855501 0.67040357000334094 0.63327937351919183 -0.44584297730777572 0.68790205687404715 -0.13638236272716078
decision_type=2 2 2 2 2 2
left_child=1 2 3 -1 5 -5
right_child=-2 -3 -4 4 -6 -7
leaf_value=0.00032959330305869889 -0.00021677079226017863 0.00050209040148845778 0.00038810610238824739 0 0.0003303399695956855 -0.0014938452017532475
leaf_weight=36 24 21 39 25 24 31
leaf_count=36 24 21 39 25 24 31
internal_value=0 4.15557e-05 0 -0.000158924 -0.000441316 -0.000861152
internal_weight=200 176 155 116 80 56
internal_count=200 176 155 116 80 56
is_linear=0
shrinkage=0.05


Tree=431
num_leaves=7
num_cat=0
split_feature=3 3 1 0 6 2
split_gain=0.000546979 0.00288356 0.00336577 0.00621667 0.00589853 0.00565968
threshold=1.1791560607766125 0.8429562258010318 1.1421014948046573 0.59012526187806846 -0.53229006343190233 0.28676327924322481
decision_type=2 2 2 2 2 2
left_child=1 2 3 4 -1 -6
right_child=-2 -3 -4 -5 5 -7
leaf_value=0.00093582415766019732 -0.00021445934955046807 0.0005967348941874369 -0.00050363284350060352 -0.00042897277306685718 -0.00031045255057104027 0.00065630371725820466
leaf_weight=28 23 21 30 35 39 24
leaf_count=28 23 21 30 35 39 24
internal_value=0 4.15003e-05 -1.5465e-06 7.86514e-05 0.000329033 0
internal_weight=200 177 156 126 91 63
internal_count=200 177 156 126 91 63
is_linear=0
shrinkage=0.05


Tree=432
num_leaves=7
num_cat=0
split_feature=6 6 4 2 3 8
split_gain=0.000523929 0.00422279 0.00716866 0.00302454 0.00872596 0.00698714
threshold=-0.17713117266070152 -0.68227132361849663 -0.24590277610794642 0.052601104911993962 0.19467182497800881 0.23879331278097329
decision_type=2 2 2 2 2 2
left_child=1 2 -1 5 -5 -2
right_child=3 -3 -4 4 -6 -7
leaf_value=-0.0004886787079224084 0.00024537816659404301 -0.00059217549235857038 0.00061374477805978386 0.0010370484003419146 -0.00013268537931332628 -0.00079276586856796925
leaf_weight=22 37 30 35 27 24 25
leaf_count=22 37 30 35 27 24 25
internal_value=0 -8.1307e-05 0.000100572 8.05606e-05 0.000389556 -9.33155e-05
internal_weight=200 87 57 113 51 62
internal_count=200 87 57 113 51 62
is_linear=0
shrinkage=0.05


Tree=433
num_leaves=7
num_cat=0
split_feature=0 0 2 9 2 0
split_gain=0.000490452 0.00190168 0.00279388 0.00501889 0.0127762 0.00978586
threshold=0.98143087147855501 0.67040357000334094 0.63327937351919183 0.68790205687404715 -0.15907034707281489 -0.13638236272716078
decision_type=2 2 2 2 2 2
left_child=1 2 3 4 5 -1
right_child=-2 -3 -4 -5 -6 -7
leaf_value=0.00072866219470403386 -0.00020195193500818364 0.00048666672639866574 0.00033921605555380552 0.00028540594469144109 -0.0011731435715241177 -0.00065779574478795231
leaf_weight=28 24 21 39 34 32 22
leaf_count=28 24 21 39 34 32 22
internal_value=0 3.71639e-05 0 -0.000146317 -0.000386356 1.8725e-05
internal_weight=200 176 155 116 82 50
internal_count=200 176 155 116 82 50
is_linear=0
shrinkage=0.05


Tree=434
num_leaves=7
num_cat=0
split_feature=9 7 5 7 1 1
split_gain=0.000533676 0.00637263 0.00691499 0.00487264 0.0101821 0.00886411
threshold=0.40601699904274541 -0.37968817588971138 -0.15279347726455431 -0.14323352037145445 0.095938981053092703 0.37645805247457781
decision_type=2 2 2 2 2 2
left_child=3 -2 -3 4 -1 -5
right_child=1 2 -4 5 -6 -7
leaf_value=0.0012087323398615023 -0.00084716975246450742 -0.00034875374711392068 0.00068478898912251987 -0.00072160126974635491 -3.2121891626471718e-05 0.00039185687621152895
leaf_weight=25 22 28 31 37 28 29
leaf_count=25 22 28 31 37 28 29
internal_value=0 -8.90936e-05 0.000109932 7.61392e-05 0.000460199 -0.000156859
internal_weight=200 81 59 119 53 66
internal_count=200 81 59 119 53 66
is_linear=0
shrinkage=0.05


Tree=435
num_leaves=8
num_cat=0
split_feature=0 7 8 7 3 4 6
split_gain=0.000508247 0.00568216 0.00548602 0.0143956 0.00825496 0.00567298 0.00530813
threshold=-1.059524997333773 -0.7829995439310653 0.5327708601056651 0.45796664919111035 -0.092589969618719126 0.16315430010522827 0.040907475073654949
decision_type=2 2 2 2 2 2 2
left_child=-1 -2 3 4 -3 -5 -4
right_child=1 2 6 5 -6 -7 -8
leaf_value=-0.00020688981961659869 -0.0005254960940233969 0.0017440643070822026 -0.00085785914993200874 0.00030580064093904989 0.0002722409445945381 -0.00071396836689833945 0.0001597288426067402
leaf_weight=24 32 23 20 21 34 26 20
leaf_count=24 32 23 20 21 34 26 20
internal_value=0 3.68443e-05 0.000196785 0.000407196 0.000955715 -0.000152488 -0.000225247
internal_weight=200 176 144 104 57 47 40
internal_count=200 176 144 104 57 47 40
is_linear=0
shrinkage=0.05


Tree=436
num_leaves=7
num_cat=0
split_feature=0 0 2 1 3 5
split_gain=0.00047189 0.00172524 0.00241152 0.00472416 0.00567911 0.00542168
threshold=0.98143087147855501 0.67040357000334094 0.63327937351919183 0.28337274941351642 0.077262375494543192 0.23629185763565297
decision_type=2 2 2 2 2 2
left_child=1 2 3 5 -5 -1
right_child=-2 -3 -4 4 -6 -7
leaf_value=0.00053238794703357867 -0.00019947475583690575 0.00046354680458940032 0.00031448957024831709 -0.0011237148414639864 0 -0.00031584915170429154
leaf_weight=37 24 21 39 22 24 33
leaf_count=37 24 21 39 22 24 33
internal_value=0 3.5408e-05 0 -0.000136452 -0.000545315 6.12979e-05
internal_weight=200 176 155 116 46 70
internal_count=200 176 155 116 46 70
is_linear=0
shrinkage=0.05


Tree=437
num_leaves=7
num_cat=0
split_feature=6 1 2 1 2 9
split_gain=0.000475544 0.00533335 0.0103076 0.00347974 0.00679844 0.00779293
threshold=-0.17713117266070152 -0.50452283143810328 0.10016094044642973 -0.50452283143810328 -0.59536620044771249 -0.13725173314581349
decision_type=2 2 2 2 2 2
left_child=1 -1 -3 -2 -5 -6
right_child=3 2 -4 4 5 -7
leaf_value=-0.00076214664029078437 0.00051639521579173486 0.00076358239996469283 -0.0004728516076588135 -0.00082021215406460164 0.0009512427534773204 -0.00018499192668745005
leaf_weight=23 34 33 31 23 22 34
leaf_count=23 34 33 31 23 22 34
internal_value=0 -8.07887e-05 8.68782e-05 7.4062e-05 -5.35102e-05 0.000173159
internal_weight=200 87 64 113 79 56
internal_count=200 87 64 113 79 56
is_linear=0
shrinkage=0.05


Tree=438
num_leaves=7
num_cat=0
split_feature=7 8 7 4 1 7
split_gain=0.000485141 0.00551318 0.00964651 0.00643138 0.0143566 0.00504052
threshold=-0.89289114634625366 0.42837544121092647 0.290393031021634 -0.34860813675483643 0.37645805247457781 0.24992221560320146
decision_type=2 2 2 2 2 2
left_child=-1 3 -3 -2 5 -5
right_child=1 2 -4 4 -6 -7
leaf_value=0.00018973883521430614 0.00069629571587600397 -0.0011493139231845571 1.8452211544981787e-05 0 0.0006278586210655677 -0.0012649687828824802
leaf_weight=30 37 27 29 21 34 22
leaf_count=30 37 27 29 21 34 22
internal_value=0 -2.75629e-05 -0.000456496 0.000139535 -6.37039e-05 -0.000726718
internal_weight=200 170 56 114 77 43
internal_count=200 170 56 114 77 43
is_linear=0
shrinkage=0.05


Tree=439
num_leaves=8
num_cat=0
split_feature=4 4 3 2 3 6 2
split_gain=0.000459987 0.00443334 0.00579094 0.0131078 0.00448915 0.00363351 0.00446576
threshold=-0.17284956211234459 0.073151886678842634 0.8429562258010318 -0.4140720197851952 -0.64846967926451671 -0.6602453711371824 -0.083961719798484977
decision_type=2 2 2 2 2 2 2
left_child=5 -2 3 -3 -5 -1 -7
right_child=1 2 -4 4 -6 6 -8
leaf_value=-0.0006136174920382372 0.00072344943571362201 -0.0013271741080203207 0.00059790403130605368 0.00060780080558502114 -0.00027789937682807224 -0.00027248004983341671 0.000575208281592741
leaf_weight=25 22 22 23 25 27 28 28
leaf_count=25 22 22 23 25 27 28 28
internal_value=0 6.87993e-05 -2.87769e-05 -0.000291577 5.2298e-05 -8.50202e-05 6.25074e-05
internal_weight=200 119 97 74 52 81 56
internal_count=200 119 97 74 52 81 56
is_linear=0
shrinkage=0.05


Tree=440
num_leaves=8
num_cat=0
split_feature=0 9 0 1 0 0 6
split_gain=0.000523898 0.00483858 0.00329593 0.00483187 0.00471986 0.00396184 0.00305294
threshold=0.59012526187806846 -0.41589938438742385 0.31613239052413888 -0.77275446184313845 -0.19940232556031087 -0.91082395872963107 -0.17713117266070152
decision_type=2 2 2 2 2 2 2
left_child=2 -2 3 -1 5 -5 -6
right_child=1 -3 -4 4 6 -7 -8
leaf_value=0.00054551220884353953 -0.00078681337210437783 0.00013152250085756708 0.00059900294788398198 -0.00040607654976308749 -0.0010871198803849001 0.00042872575652455131 0
leaf_weight=26 20 31 24 22 20 34 23
leaf_count=26 20 31 24 22 20 34 23
internal_value=0 -0.000131597 5.33775e-05 -1.18097e-05 -0.000209034 1.15019e-05 -0.000611613
internal_weight=200 51 149 125 99 56 43
internal_count=200 51 149 125 99 56 43
is_linear=0
shrinkage=0.05


Tree=441
num_leaves=8
num_cat=0
split_feature=3 3 4 2 2 4 0
split_gain=0.000507203 0.00267102 0.0032828 0.0119079 0.00820107 0.0107445 0.0047915
threshold=1.1791560607766125 0.8429562258010318 0.073151886678842634 -0.4140720197851952 -0.55648625319917489 -0.59893667720263621 0.28011584133812589
decision_type=2 2 2 2 2 2 2
left_child=1 2 4 -4 -1 -6 -5
right_child=-2 -3 3 6 5 -7 -8
leaf_value=0.0009318395306345547 -0.00021377633833749725 0.00057120648564735501 -0.0012637251364362185 0.00050697937720916545 -0.0010781405896726829 0.00032898337996907924 -0.00043744715278161992
leaf_weight=26 23 21 22 32 20 36 20
leaf_count=26 23 21 22 32 20 36 20
internal_value=0 3.46255e-05 -5.89551e-06 -0.000275938 0.000176939 -8.54604e-05 4.76267e-05
internal_weight=200 177 156 74 82 56 52
internal_count=200 177 156 74 82 56 52
is_linear=0
shrinkage=0.05


Tree=442
num_leaves=8
num_cat=0
split_feature=3 2 1 6 2 9 3
split_gain=0.000505668 0.00207813 0.00700272 0.00871713 0.0139067 0.0139931 0.00654387
threshold=-1.289912086072208 -0.89084222374334454 -0.54902232878446267 0.098220931421532071 0.076313224626990861 -0.19166057603521211 0.20872177330072259
decision_type=2 2 2 2 2 2 2
left_child=-1 -2 -3 4 -4 -6 -5
right_child=1 2 3 6 5 -7 -8
leaf_value=0.00023657747818007005 0.00029584319553031303 -0.00072009029921652693 0.0014715786325867496 -0.0010018176544806456 -0.001031166843407375 0.00080314580813120335 9.2550351131540483e-06
leaf_weight=21 33 38 22 25 20 21 20
leaf_count=21 33 38 22 25 20 21 20
internal_value=0 -2.15568e-05 -0.000127674 3.49881e-05 0.000455496 0 -0.000442563
internal_weight=200 179 146 108 63 41 45
internal_count=200 179 146 108 63 41 45
is_linear=0
shrinkage=0.05


Tree=443
num_leaves=8
num_cat=0
split_feature=3 3 4 2 2 4 0
split_gain=0.000492572 0.00246393 0.0029714 0.0109012 0.00715466 0.00970649 0.00426157
threshold=1.1791560607766125 0.8429562258010318 0.073151886678842634 -0.4140720197851952 -0.55648625319917489 -0.59893667720263621 0.28011584133812589
decision_type=2 2 2 2 2 2 2
left_child=1 2 4 -4 -1 -6 -5
right_child=-2 -3 3 6 5 -7 -8
leaf_value=0.00087617339996328412 -0.00020819735830222375 0.00055029590788487146 -0.0012064224724316489 0.0004827319997626813 -0.0010167351521931552 0.00032213862228834192 -0.00040407264072318279
leaf_weight=26 23 21 22 32 20 36 20
leaf_count=26 23 21 22 32 20 36 20
internal_value=0 3.6048e-05 -1.45513e-06 -0.000260298 0.000171266 -6.7864e-05 4.55631e-05
internal_weight=200 177 156 74 82 56 52
internal_count=200 177 156 74 82 56 52
is_linear=0
shrinkage=0.05


Tree=444
num_leaves=8
num_cat=0
split_feature=4 2 1 2 1 6 2
split_gain=0.000503155 0.0034065 0.00609918 0.00628725 0.0026261 0.00683205 0.0133931
threshold=-0.085521822524017271 0.8698368253972073 -0.18965921797176757 1.0000000180025095e-35 -0.67938351361349336 0.25488469790422458 0.10016094044642973
decision_type=2 2 2 2 2 2 2
left_child=4 2 -2 -4 -1 6 -6
right_child=1 -3 3 -5 5 -7 -8
leaf_value=-0.00055566417008993171 0.00075836590609907944 -0.00042827460858090526 -0.00051724971243914707 0.00057029347089935817 0.0013655222379244292 -0.00055986578201511466 -0.00027251268721959404
leaf_weight=23 36 20 33 21 22 25 20
leaf_count=23 36 20 33 21 22 25 20
internal_value=0 7.88457e-05 0.000247383 -1.62243e-06 -7.97773e-05 9.65582e-06 0.000467946
internal_weight=200 110 90 54 90 67 42
internal_count=200 110 90 54 90 67 42
is_linear=0
shrinkage=0.05


Tree=445
num_leaves=7
num_cat=0
split_feature=5 4 4 2 8 6
split_gain=0.000501158 0.00392997 0.0062746 0.00995469 0.00491453 0.00252393
threshold=0.44120769376490404 1.0300775799107975 -0.10129883819559048 -0.083961719798484977 0.076043037132721564 0.065635368160167365
decision_type=2 2 2 2 2 2
left_child=1 2 4 -4 -1 -2
right_child=5 -3 3 -5 -6 -7
leaf_value=-0.00077422876254658866 -1.1196213892367323e-05 -0.0005826334769859961 0.0013214607981267557 0 2.9804958034449083e-05 0.00056010496911483923
leaf_weight=27 37 29 21 33 30 23
leaf_count=27 37 29 21 33 30 23
internal_value=0 -4.713e-05 4.81703e-05 0.00047017 -0.000264176 0.000125175
internal_weight=200 140 111 54 57 60
internal_count=200 140 111 54 57 60
is_linear=0
shrinkage=0.05


Tree=446
num_leaves=8
num_cat=0
split_feature=3 6 0 6 5 5 5
split_gain=0.000494545 0.00142647 0.00330931 0.00496675 0.00699459 0.00668094 0.00277482
threshold=-1.289912086072208 -0.82892638494837001 0.7220267109355033 0.098220931421532071 -0.70876392157612755 0.066656607217131736 0.27959134229497307
decision_type=2 2 2 2 2 2 2
left_child=-1 -2 3 5 -5 -3 -6
right_child=1 2 -4 4 6 -7 -8
leaf_value=0.0002324589093379076 -0.00030802789534102354 0.00085842416735929785 0.00053947437331217909 -0.0011564980539034552 0.00033313478362510807 -0.00020436113363140308 -0.0004391715826036838
leaf_weight=21 38 26 27 20 24 22 22
leaf_count=21 38 26 27 20 24 22 22
internal_value=0 -2.31735e-05 1.83238e-05 -6.165e-05 -0.000377046 0.000267952 0
internal_weight=200 179 141 114 66 48 46
internal_count=200 179 141 114 66 48 46
is_linear=0
shrinkage=0.05


Tree=447
num_leaves=7
num_cat=0
split_feature=5 4 4 2 8 5
split_gain=0.000469249 0.00356549 0.00548971 0.00893768 0.00444113 0.00168815
threshold=0.44120769376490404 1.0300775799107975 -0.10129883819559048 -0.083961719798484977 0.076043037132721564 1.031484971337769
decision_type=2 2 2 2 2 2
left_child=1 2 4 -4 -1 -2
right_child=5 -3 3 -5 -6 -7
leaf_value=-0.00073294861455245209 0.00041121266066000808 -0.00055671980959776134 0.0012466146743092775 0 2.5759804359578406e-05 -4.851349948153534e-06
leaf_weight=27 30 29 21 33 30 30
leaf_count=27 30 29 21 33 30 30
internal_value=0 -4.65054e-05 4.21704e-05 0.000439421 -0.000246717 0.000120324
internal_weight=200 140 111 54 57 60
internal_count=200 140 111 54 57 60
is_linear=0
shrinkage=0.05


Tree=448
num_leaves=8
num_cat=0
split_feature=5 9 2 9 8 5 7
split_gain=0.000523067 0.00381405 0.00894446 0.00410786 0.0102198 0.00597795 0.0055893
threshold=-1.2223919583666392 -0.30229839111583084 0.10016094044642973 0.40601699904274541 0.23879331278097329 -0.15279347726455431 0.16415145938868345
decision_type=2 2 2 2 2 2 2
left_child=-1 2 -2 4 -3 -5 -7
right_child=1 3 -4 5 -6 6 -8
leaf_value=0.00020691365702936901 3.759758967639315e-05 0.0012296589984098659 -0.001085147089628196 -0.00072420069294842503 -0.00010581620576045523 -0.00025103733995327009 0.00077216538061538557
leaf_weight=27 32 24 26 26 21 20 24
leaf_count=27 32 24 26 26 21 20 24
internal_value=0 -2.91837e-05 -0.000380645 0.000104811 0.00049672 -7.61527e-05 0.00019418
internal_weight=200 173 58 115 45 70 44
internal_count=200 173 58 115 45 70 44
is_linear=0
shrinkage=0.05


Tree=449
num_leaves=7
num_cat=0
split_feature=5 0 4 7 1 2
split_gain=0.000472244 0.00339964 0.00749061 0.00529226 0.0059104 0.00843189
threshold=-1.2223919583666392 -0.65715888174342585 1.0728613804977081 -0.71341139243060037 -0.18965921797176757 0.076313224626990861
decision_type=2 2 2 2 2 2
left_child=-1 -2 3 -3 -5 -6
right_child=1 2 -4 4 5 -7
leaf_value=0.00019660612415329886 0.0003877182631806845 -0.00066438738635404967 -0.001006380953231818 0.00065742384373207994 0.00036290348785932475 -0.00083701732096288248
leaf_weight=27 33 24 22 39 30 25
leaf_count=27 33 24 22 39 30 25
internal_value=0 -2.77282e-05 -0.00016155 0 0.000165989 -9.23002e-05
internal_weight=200 173 140 118 94 55
internal_count=200 173 140 118 94 55
is_linear=0
shrinkage=0.05


Tree=450
num_leaves=8
num_cat=0
split_feature=4 3 4 4 4 3 5
split_gain=0.000559541 0.0024089 0.00534121 0.00308056 0.00632091 0.00603461 0.00246363
threshold=1.3006673947196312 -0.30214173921178206 0.17011313108200996 0.34496602550163707 -0.7611959090481073 0.46356336607458076 0.10867640870088148
decision_type=2 2 2 2 2 2 2
left_child=1 2 6 4 -3 -6 -1
right_child=-2 3 -4 -5 5 -7 -8
leaf_value=-0.0003223052593550427 0.00022429289997544181 0.00060391050352194867 -0.00086462282616481853 0.00053778245238606469 1.6525765963421086e-05 -0.00086438189182535706 0.00043925169038242038
leaf_weight=20 25 23 25 29 27 30 21
leaf_count=20 25 23 25 29 27 30 21
internal_value=0 -2.78835e-05 -0.000286114 8.27659e-05 -2.02211e-05 -0.000360246 0
internal_weight=200 175 66 109 80 57 41
internal_count=200 175 66 109 80 57 41
is_linear=0
shrinkage=0.05


Tree=451
num_leaves=7
num_cat=0
split_feature=2 9 6 5 4 1
split_gain=0.000573448 0.00548314 0.00842213 0.00749834 0.00479101 0.00562493
threshold=1.0000000180025095e-35 0.074696310398215768 0.27649602086819425 0.39876812111814403 -0.46853740374328245 0.05191326338887798
decision_type=2 2 2 2 2 2
left_child=1 2 -1 -3 -2 -6
right_child=4 3 -4 -5 5 -7
leaf_value=0.00081921425436088128 -0.00042829585837458157 -0.0010432449139628121 -0.00039776810246268152 9.7181670085231141e-06 0 0.00075443129572074126
leaf_weight=30 25 28 21 21 36 39
leaf_count=30 25 28 21 21 36 39
internal_value=0 -7.83685e-05 0.000220459 -0.000491041 9.04448e-05 0.000330276
internal_weight=200 100 51 49 100 75
internal_count=200 100 51 49 100 75
is_linear=0
shrinkage=0.05


Tree=452
num_leaves=7
num_cat=0
split_feature=7 8 7 4 5 6
split_gain=0.000496729 0.00453161 0.00871043 0.00625123 0.0118185 0.0127486
threshold=-0.89289114634625366 0.42837544121092647 0.290393031021634 -0.34860813675483643 -0.24514684708746035 0.098220931421532071
decision_type=2 2 2 2 2 2
left_child=-1 3 -3 -2 -5 -6
right_child=1 2 -4 4 5 -7
leaf_value=0.00019146917415689986 0.00067185095152560363 -0.0010797100657136678 2.6421881986132261e-05 0.00055401860729276326 0 -0.0016048821687828102
leaf_weight=30 37 27 29 33 24 20
leaf_count=30 37 27 29 33 24 20
internal_value=0 -2.85184e-05 -0.000418739 0.000119547 -8.15226e-05 -0.000671733
internal_weight=200 170 56 114 77 44
internal_count=200 170 56 114 77 44
is_linear=0
shrinkage=0.05


Tree=453
num_leaves=7
num_cat=0
split_feature=6 6 4 1 2 1
split_gain=0.000514225 0.0045193 0.00557406 0.00269092 0.00627844 0.00634404
threshold=-0.17713117266070152 -0.68227132361849663 -0.24590277610794642 -0.50452283143810328 0.51305485367989789 0.67634740584875586
decision_type=2 2 2 2 2 2
left_child=1 2 -1 -2 5 -5
right_child=3 -3 -4 4 -6 -7
leaf_value=-0.00039285399900471194 0.00046432408346890817 -0.00061127339506002014 0.00056443374087911981 -0.00084345460548614277 0.0005713540830029198 9.3990848589334543e-05
leaf_weight=22 34 30 35 33 24 22
leaf_count=22 34 30 35 33 24 22
internal_value=0 -8.34647e-05 0.000107348 7.74707e-05 -2.61886e-05 -0.000378242
internal_weight=200 87 57 113 79 55
internal_count=200 87 57 113 79 55
is_linear=0
shrinkage=0.05


Tree=454
num_leaves=7
num_cat=0
split_feature=6 1 2 2 1 3
split_gain=0.000479255 0.00422976 0.00719503 0.00248772 0.00972817 0.0074948
threshold=-0.17713117266070152 -0.50452283143810328 0.10016094044642973 0.052601104911993962 -0.18965921797176757 0.19467182497800881
decision_type=2 2 2 2 2 2
left_child=1 -1 -3 4 -2 -5
right_child=3 2 -4 5 -6 -7
leaf_value=-0.00068627932840692148 0.00051677163919844934 0.00063788669804263069 -0.00039130183351540582 0.00095934259535133081 -0.00070955109170739081 -0.00011404582237220017
leaf_weight=23 28 33 31 27 34 24
leaf_count=23 28 33 31 27 34 24
internal_value=0 -7.93168e-05 6.15376e-05 7.58203e-05 -7.52723e-05 0.000357137
internal_weight=200 87 64 113 62 51
internal_count=200 87 64 113 62 51
is_linear=0
shrinkage=0.05


Tree=455
num_leaves=7
num_cat=0
split_feature=7 8 7 4 1 7
split_gain=0.000444122 0.00396781 0.00815542 0.00577208 0.0130879 0.00426354
threshold=-0.89289114634625366 0.42837544121092647 0.290393031021634 -0.34860813675483643 0.37645805247457781 0.24992221560320146
decision_type=2 2 2 2 2 2
left_child=-1 3 -3 -2 5 -5
right_child=1 2 -4 4 -6 -7
leaf_value=0.00018298988976203325 0.00064381656222512341 -0.0010334099945354506 3.6167207427436468e-05 0 0.00057547849437762655 -0.0012139656964470359
leaf_weight=30 37 27 29 21 34 22
leaf_count=30 37 27 29 21 34 22
internal_value=0 -2.45355e-05 -0.000391318 0.000112002 -7.91976e-05 -0.000712992
internal_weight=200 170 56 114 77 43
internal_count=200 170 56 114 77 43
is_linear=0
shrinkage=0.05


Tree=456
num_leaves=7
num_cat=0
split_feature=6 6 4 1 2 1
split_gain=0.000454248 0.00400981 0.0050268 0.00228269 0.00529294 0.00571537
threshold=-0.17713117266070152 -0.68227132361849663 -0.24590277610794642 -0.50452283143810328 0.51305485367989789 0.67634740584875586
decision_type=2 2 2 2 2 2
left_child=1 2 -1 -2 5 -5
right_child=3 -3 -4 4 -6 -7
leaf_value=-0.0003712176385849748 0.00042970577825702009 -0.00057637374281521226 0.00053562866820704375 -0.00078993079511398094 0.00052669404307742614 9.5985563497198105e-05
leaf_weight=22 34 30 35 33 24 22
leaf_count=22 34 30 35 33 24 22
internal_value=0 -7.75223e-05 9.8015e-05 7.35709e-05 -1.68407e-05 -0.000345289
internal_weight=200 87 57 113 79 55
internal_count=200 87 57 113 79 55
is_linear=0
shrinkage=0.05


Tree=457
num_leaves=7
num_cat=0
split_feature=6 6 4 8 5 0
split_gain=0.000424355 0.00360187 0.00455643 0.00231612 0.00800281 0.00541384
threshold=-0.17713117266070152 -0.68227132361849663 -0.24590277610794642 0.58021105546225671 -0.11031858078721309 0.10122652774700015
decision_type=2 2 2 2 2 2
left_child=1 2 -1 4 5 -2
right_child=3 -3 -4 -5 -6 -7
leaf_value=-0.00035274073837653677 0 -0.00054765078214970276 0.00050892351223242097 0.00044520964100376657 -0.00059756141943060205 0.00092938483964341383
leaf_weight=22 20 30 35 32 38 23
leaf_count=22 20 30 35 32 38 23
internal_value=0 -7.36698e-05 8.87503e-05 7.21144e-05 -1.39963e-05 0.000385893
internal_weight=200 87 57 113 81 43
internal_count=200 87 57 113 81 43
is_linear=0
shrinkage=0.05


Tree=458
num_leaves=8
num_cat=0
split_feature=8 5 1 3 2 9 2
split_gain=0.000429228 0.00815908 0.0036598 0.00558481 0.00777983 0.00447661 0.0042317
threshold=-0.54599136229516632 -0.15279347726455431 -0.96695660910772874 -0.59908959107811621 -0.02855393123849061 0.074696310398215768 -0.68987511478553809
decision_type=2 2 2 2 2 2 2
left_child=1 -1 -2 -4 6 -6 -5
right_child=2 -3 3 4 5 -7 -8
leaf_value=-0.00076336303924283292 -0.0005044074515013192 0.00045239658128204088 -0.00025108990667686062 0.00013355731652934825 -0.0005817424836190619 0.00038837031363285566 0.0015022713543884271
leaf_weight=28 21 23 38 21 20 29 20
leaf_count=28 21 23 38 21 20 29 20
internal_value=0 -0.00011742 4.97166e-05 0.000179982 0.000417561 0 0.000924908
internal_weight=200 51 149 128 90 49 41
internal_count=200 51 149 128 90 49 41
is_linear=0
shrinkage=0.05


Tree=459
num_leaves=7
num_cat=0
split_feature=3 6 0 6 3 8
split_gain=0.000428748 0.00161178 0.00309285 0.0064699 0.0069646 0.00238453
threshold=-1.289912086072208 -0.82892638494837001 -0.41282134652725405 0.25488469790422458 0.48793810252706005 -0.086510780692153996
decision_type=2 2 2 2 2 2
left_child=-1 -2 -3 4 -4 -5
right_child=1 2 3 5 -6 -7
leaf_value=0.00021899328037425521 -0.00032297726359256244 -0.00033818487340141949 0.0010211994590740546 0.00012727671752299242 0 -0.00045224088780883688
leaf_weight=21 38 34 35 20 20 32
leaf_count=21 38 34 35 20 20 32
internal_value=0 -1.82965e-05 2.85509e-05 0.000191976 0.000590187 -0.000133564
internal_weight=200 179 141 107 55 52
internal_count=200 179 141 107 55 52
is_linear=0
shrinkage=0.05


Tree=460
num_leaves=8
num_cat=0
split_feature=6 8 5 5 7 5 7
split_gain=0.000458024 0.00412068 0.00781978 0.00432613 0.00729484 0.00638538 0.00434254
threshold=1.0027405419071362 -0.54599136229516632 -0.058179031203032937 -0.11031858078721309 0.42156575475024444 0.64109972808093529 0.37918512997364934
decision_type=2 2 2 2 2 2 2
left_child=1 2 -1 6 5 -5 -3
right_child=-2 3 -4 4 -6 -7 -8
leaf_value=-0.001121413571537307 0.00017815246406327527 0.00073807348301151859 3.2198878551893547e-05 -0.0012063969323914763 0.0004449047469456692 0 0
leaf_weight=23 32 39 20 21 24 21 20
leaf_count=23 32 39 20 21 24 21 20
internal_value=0 -2.74063e-05 -0.000470011 8.51355e-05 -0.000139081 -0.000591816 0.000420367
internal_weight=200 168 43 125 66 42 59
internal_count=200 168 43 125 66 42 59
is_linear=0
shrinkage=0.05


Tree=461
num_leaves=8
num_cat=0
split_feature=2 8 8 9 2 1 3
split_gain=0.000422952 0.00498927 0.0114183 0.00387332 0.002861 0.00221731 0.00254127
threshold=1.0000000180025095e-35 -0.54599136229516632 0.23879331278097329 -0.67465762942262575 -0.59536620044771249 -0.50452283143810328 0.48793810252706005
decision_type=2 2 2 2 2 2 2
left_child=1 -1 -3 -2 -4 -5 -7
right_child=3 2 4 5 -6 6 -8
leaf_value=-0.00070308564217813109 -0.00042305924535657348 0.00095176194619208678 0 0 -0.00074286865185222361 0.00071106560672104481 0
leaf_weight=25 22 27 27 21 21 36 21
leaf_count=25 22 27 27 21 21 36 21
internal_value=0 -6.54668e-05 8.11482e-05 7.92296e-05 -0.000305583 0.000285282 0.000456506
internal_weight=200 100 75 100 48 78 57
internal_count=200 100 75 100 48 78 57
is_linear=0
shrinkage=0.05


Tree=462
num_leaves=7
num_cat=0
split_feature=6 4 2 7 3 4
split_gain=0.000414461 0.00365846 0.00535071 0.00177363 0.00400057 0.00220297
threshold=1.0027405419071362 -0.7611959090481073 -0.62576790114282188 -0.7829995439310653 -0.10777907911498323 0.18648266153919926
decision_type=2 2 2 2 2 2
left_child=1 -1 -3 -4 -5 -6
right_child=-2 2 3 4 5 -7
leaf_value=0.00045232193145132047 0.00016896274953361057 -0.00068408018152211428 -0.00035992323429005226 0.00055345772908113058 -0.00053662147259441622 6.4499536343660952e-05
leaf_weight=28 32 36 23 36 20 25
leaf_count=28 32 36 23 36 20 25
internal_value=0 -2.66901e-05 -0.000158436 0 0.000133325 -9.23981e-05
internal_weight=200 168 140 104 81 45
internal_count=200 168 140 104 81 45
is_linear=0
shrinkage=0.05


Tree=463
num_leaves=7
num_cat=0
split_feature=7 8 7 3 3 5
split_gain=0.000433109 0.00348835 0.00707638 0.00481104 0.00781528 0.00622669
threshold=-0.89289114634625366 0.42837544121092647 0.290393031021634 0.036535821987787924 0.86407433327644023 -0.30228676680383432
decision_type=2 2 2 2 2 2
left_child=-1 3 -3 5 -5 -2
right_child=1 2 -4 4 -6 -7
leaf_value=0.00017998934827089013 0.0011128257765704386 -0.00096734040141847964 1.5962313215769948e-05 -0.00062783451047023322 0.00052335123619555825 0
leaf_weight=30 22 27 29 39 20 33
leaf_count=30 22 27 29 39 20 33
internal_value=0 -2.51566e-05 -0.000369883 0.000100537 -0.000152774 0.000462799
internal_weight=200 170 56 114 59 55
internal_count=200 170 56 114 59 55
is_linear=0
shrinkage=0.05


Tree=464
num_leaves=8
num_cat=0
split_feature=4 6 8 8 0 8 0
split_gain=0.000389098 0.0027125 0.0101335 0.00714852 0.00308195 0.0123817 0.00946598
threshold=-1.0038186956973085 0.48327776272721706 -0.086510780692153996 -0.80023394423616423 -0.013778311009955089 0.42837544121092647 -0.65715888174342585
decision_type=2 2 2 2 2 2 2
left_child=-1 3 -3 -2 6 -6 -5
right_child=1 2 -4 4 5 -7 -8
leaf_value=-0.00019356376189138226 -0.00089863916549292222 0.0011659534740789885 -0.00012141919256383201 0.00050448335842039787 0.0010611377976134037 -0.00036311568258918852 -0.00081066890512481067
leaf_weight=21 22 23 29 22 31 23 29
leaf_count=21 22 23 29 22 31 23 29
internal_value=0 3.18946e-05 0.000353171 -6.0487e-05 6.82401e-05 0.00036254 -0.000145624
internal_weight=200 179 52 127 105 54 51
internal_count=200 179 52 127 105 54 51
is_linear=0
shrinkage=0.05


Tree=465
num_leaves=8
num_cat=0
split_feature=7 0 8 7 4 5 6
split_gain=0.000438125 0.00335909 0.00637905 0.0141953 0.00899055 0.0072649 0.00541214
threshold=-0.89289114634625366 -1.059524997333773 0.5327708601056651 0.290393031021634 -0.28174016309892996 -0.24514684708746035 1.0000000180025095e-35
decision_type=2 2 2 2 2 2 2
left_child=-1 -2 4 -4 -3 -6 -7
right_child=1 2 3 -5 5 6 -8
leaf_value=0.0001806310372600375 -0.00063123033730692782 0.00093716808831690646 -0.0014204595800736365 0.00025989442038649009 0.00053727215958876764 0 -0.0010202449276554505
leaf_weight=30 21 34 21 22 30 20 22
leaf_count=30 21 34 21 22 30 20 22
internal_value=0 -2.57998e-05 2.63609e-05 -0.000446126 0.000265395 0 -0.000474368
internal_weight=200 170 149 43 106 72 42
internal_count=200 170 149 43 106 72 42
is_linear=0
shrinkage=0.05


Tree=466
num_leaves=8
num_cat=0
split_feature=8 0 7 3 5 3 6
split_gain=0.000587349 0.00781084 0.00320681 0.00472299 0.00612705 0.00512619 0.000441004
threshold=0.58021105546225671 -0.13638236272716078 -0.7829995439310653 0.036535821987787924 -0.30228676680383432 0.89588184640498669 -0.026037665120252667
decision_type=2 2 2 2 2 2 2
left_child=2 -2 -1 4 -4 6 -5
right_child=1 -3 3 5 -6 -7 -8
leaf_value=-0.00061252979452119157 0.00095403436880329203 -0.00020880121399738613 0.0010080286878205481 -7.8014617864579977e-05 0 0.00022254781333974042 -0.00088116088551049845
leaf_weight=22 21 34 23 20 37 22 21
leaf_count=22 21 34 23 20 37 22 21
internal_value=0 0.000145372 -4.5768e-05 1.54019e-05 0.000368357 -0.000241558 -0.00061218
internal_weight=200 55 145 123 60 63 41
internal_count=200 55 145 123 60 63 41
is_linear=0
shrinkage=0.05


Tree=467
num_leaves=8
num_cat=0
split_feature=5 0 3 0 3 2 9
split_gain=0.000522282 0.00517417 0.00784419 0.00511378 0.0058511 0.00609305 0.00504125
threshold=-0.476704862485478 -0.41282134652725405 0.077262375494543192 -0.48111764476436464 -0.055152242020751127 0.10016094044642973 -0.41589938438742385
decision_type=2 2 2 2 2 2 2
left_child=1 -1 -3 -2 5 -5 -6
right_child=3 2 -4 4 6 -7 -8
leaf_value=-0.00075445449991691938 0.00066709198246476381 0.00081577819030098165 -0.0004326152307617718 0 -0.00025442695174525133 -0.0011442100694314774 0.00061069193231494162
leaf_weight=23 29 24 22 23 21 21 37
leaf_count=23 29 24 22 23 21 21 37
internal_value=0 -0.000106056 0.000110617 6.34914e-05 -5.96343e-05 -0.000530089 0.000211502
internal_weight=200 69 46 131 102 44 58
internal_count=200 69 46 131 102 44 58
is_linear=0
shrinkage=0.05


Tree=468
num_leaves=7
num_cat=0
split_feature=8 6 0 1 5 6
split_gain=0.000468443 0.00758537 0.0029941 0.00610015 0.00462456 0.00836702
threshold=0.58021105546225671 0.065635368160167365 -0.13638236272716078 -0.35807060396644247 -0.30228676680383432 -0.24450826217084101
decision_type=2 2 2 2 2 2
left_child=2 -2 3 -1 -4 -6
right_child=1 -3 4 -5 5 -7
leaf_value=-0.0010526643116119787 -0.00029233054786246036 0.00082993476978128413 0.00055222170511536766 0 0.00043675072797423386 -0.00075822475264189255
leaf_weight=20 30 25 37 34 24 30
leaf_count=20 30 25 37 34 24 30
internal_value=0 0.000127626 -4.34243e-05 -0.000360285 8.99073e-05 -0.000134877
internal_weight=200 55 145 54 91 54
internal_count=200 55 145 54 91 54
is_linear=0
shrinkage=0.05


Tree=469
num_leaves=8
num_cat=0
split_feature=0 7 8 7 0 7 6
split_gain=0.000443309 0.00185329 0.00362341 0.00660785 0.00460983 0.00979063 0.00498657
threshold=0.98143087147855501 -0.89289114634625366 -0.85257574912480916 -0.34067680349636748 0.10122652774700015 0.24992221560320146 -0.089520240767445816
decision_type=2 2 2 2 2 2 2
left_child=1 -1 -3 -4 5 -5 -6
right_child=-2 2 3 4 6 -7 -8
leaf_value=0.00042091323057622595 -0.00019696995507755712 0.00056004740421382174 -0.00086924701621125193 0.00041395449943469652 0.00099945238444476905 -0.00084940150948214057 0
leaf_weight=27 24 21 25 22 20 34 27
leaf_count=27 24 21 25 22 20 34 27
internal_value=0 3.13668e-05 -5.9226e-06 -0.000138174 0 -0.000264103 0.000402001
internal_weight=200 176 149 128 103 56 47
internal_count=200 176 149 128 103 56 47
is_linear=0
shrinkage=0.05


Tree=470
num_leaves=8
num_cat=0
split_feature=5 0 1 7 0 0 5
split_gain=0.00053768 0.00499611 0.00635944 0.00764507 0.00715196 0.00419809 0.00403415
threshold=-0.476704862485478 -0.48111764476436464 -0.20929739023285057 0.19582966782595287 0.31613239052413888 -0.41282134652725405 -1.0948773304761479
decision_type=2 2 2 2 2 2 2
left_child=5 -2 3 -3 -4 -1 -7
right_child=1 2 4 -5 -6 6 -8
leaf_value=-0.00069118092598562889 0.00066051860611975402 -0.00013929385106117205 -0.0010186842162977388 0.001034139392358078 0 0.00056673390309101553 -0.00031293617220901288
leaf_weight=23 29 22 28 22 30 26 20
leaf_count=23 29 22 28 22 30 26 20
internal_value=0 6.40509e-05 -5.70423e-05 0.000335059 -0.000440621 -0.000108025 7.59596e-05
internal_weight=200 131 102 44 58 69 46
internal_count=200 131 102 44 58 69 46
is_linear=0
shrinkage=0.05


Tree=471
num_leaves=8
num_cat=0
split_feature=5 4 9 7 9 8 9
split_gain=0.000480787 0.00456638 0.00453887 0.00513683 0.0041575 0.00450096 0.0112306
threshold=-0.476704862485478 -0.7482175872823621 -0.25562923791518238 0.34101924767434805 -0.30229839111583084 0.58021105546225671 0.19547561438371558
decision_type=2 2 2 2 2 2 2
left_child=2 -2 -1 -4 -3 6 -6
right_child=1 4 3 -5 5 -7 -8
leaf_value=0.00037913900985470989 0.0007672280757685091 -0.00049035416676278785 0 -0.0010400114216105039 0.00081364843039889246 0.00077803508771398056 -0.00066824367402115801
leaf_weight=22 20 37 27 20 20 21 33
leaf_count=22 20 37 27 20 20 21 33
internal_value=0 6.01156e-05 -0.000102656 -0.00043466 -2.28635e-05 0.000143752 -1.4398e-05
internal_weight=200 131 69 47 111 74 53
internal_count=200 131 69 47 111 74 53
is_linear=0
shrinkage=0.05


Tree=472
num_leaves=7
num_cat=0
split_feature=4 3 7 2 6 4
split_gain=0.000479571 0.00357288 0.00688772 0.00239761 0.00477696 0.00538219
threshold=-0.085521822524017271 -0.41325862778101113 -0.14323352037145445 0.8698368253972073 0.22311312672206482 0.80623386216812409
decision_type=2 2 2 2 2 2
left_child=1 -1 -3 4 5 -2
right_child=3 2 -4 -5 -6 -7
leaf_value=-0.00054237252330389539 0.00032726746368747081 0.0007485058762568453 -0.00029905853466640067 -0.0003315632509540266 0.00067289010892490609 -0.00067325900709130112
leaf_weight=31 32 26 33 20 36 22
leaf_count=31 32 26 33 20 36 22
internal_value=0 -8.0251e-05 7.8463e-05 7.49607e-05 0.000221061 0
internal_weight=200 90 59 110 90 54
internal_count=200 90 59 110 90 54
is_linear=0
shrinkage=0.05


Tree=473
num_leaves=8
num_cat=0
split_feature=4 5 9 9 1 5 2
split_gain=0.000433541 0.00185925 0.011453 0.00792552 0.00645844 0.00555663 0.00439003
threshold=-1.0038186956973085 -0.30228676680383432 -0.36106390806370725 -0.54947988218227117 -0.20929739023285057 -0.89483010360316217 1.0000000180025095e-35
decision_type=2 2 2 2 2 2 2
left_child=-1 2 -2 -3 -5 -4 -6
right_child=1 3 5 4 6 -7 -8
leaf_value=-0.00021050977959271113 0.0012762120525255357 -0.00081965299936349499 -0.00061255841933562029 0.0006541780873912204 -0.00076570983234598743 0.0003916739429714102 0.00011741059573632727
leaf_weight=21 20 28 28 37 21 23 22
leaf_count=21 20 28 28 37 21 23 22
internal_value=0 2.88258e-05 0.000245944 -6.77516e-05 0.000133687 -6.19418e-05 -0.000198647
internal_weight=200 179 71 108 80 51 43
internal_count=200 179 71 108 80 51 43
is_linear=0
shrinkage=0.05


Tree=474
num_leaves=7
num_cat=0
split_feature=4 3 3 2 1 2
split_gain=0.000458951 0.00311365 0.00346051 0.00228139 0.00503585 0.0045804
threshold=-0.085521822524017271 -0.41325862778101113 0.46356336607458076 0.8698368253972073 -0.18965921797176757 1.0000000180025095e-35
decision_type=2 2 2 2 2 2
left_child=1 -1 -3 4 -2 -6
right_child=3 2 -4 -5 5 -7
leaf_value=-0.00051141558121440645 0.00068147956352381661 0.00053678652475892168 -0.00018274079209681007 -0.00032285502926441862 -0.00045490020117933475 0.00046702876589945142
leaf_weight=31 36 27 32 20 33 21
leaf_count=31 36 27 32 20 33 21
internal_value=0 -8.01786e-05 6.22832e-05 7.18359e-05 0.0002153 -3.75027e-06
internal_weight=200 90 59 110 90 54
internal_count=200 90 59 110 90 54
is_linear=0
shrinkage=0.05


Tree=475
num_leaves=7
num_cat=0
split_feature=4 3 7 3 3 6
split_gain=0.000400927 0.00279968 0.00613427 0.00223218 0.00477672 0.00636037
threshold=-0.085521822524017271 -0.41325862778101113 -0.14323352037145445 -0.41325862778101113 0.8429562258010318 0.14556564613220493
decision_type=2 2 2 2 2 2
left_child=1 -1 -3 -2 5 -5
right_child=3 2 -4 4 -6 -7
leaf_value=-0.00048592703077617223 0.00039523730452937562 0.00069406890761735231 -0.0002980827593759513 0 0.000448705382351435 -0.00097900566024728959
leaf_weight=31 38 26 33 24 24 24
leaf_count=31 38 26 33 24 24 24
internal_value=0 -7.61784e-05 5.49689e-05 6.59903e-05 -3.8738e-05 -0.000386836
internal_weight=200 90 59 110 72 48
internal_count=200 90 59 110 72 48
is_linear=0
shrinkage=0.05


Tree=476
num_leaves=7
num_cat=0
split_feature=3 3 1 0 8 6
split_gain=0.000464652 0.00248246 0.00289086 0.00435848 0.00477282 0.00784371
threshold=1.1791560607766125 0.8429562258010318 1.1421014948046573 0.59012526187806846 -0.45706740793120976 0.22311312672206482
decision_type=2 2 2 2 2 2
left_child=1 2 3 4 -1 -6
right_child=-2 -3 -4 -5 5 -7
leaf_value=0.00080825165378192254 -0.00020758685115644166 0.0005491779832736593 -0.00047251975033865424 -0.00035136238024424112 0.00043184129336997277 -0.00075239476729051973
leaf_weight=29 23 21 30 35 41 21
leaf_count=29 23 21 30 35 41 21
internal_value=0 3.06339e-05 -7.44647e-06 6.39211e-05 0.000278741 0
internal_weight=200 177 156 126 91 62
internal_count=200 177 156 126 91 62
is_linear=0
shrinkage=0.05


Tree=477
num_leaves=8
num_cat=0
split_feature=5 0 9 1 5 0 3
split_gain=0.000435072 0.00409321 0.00477474 0.00858409 0.00553113 0.00377362 0.00750311
threshold=-0.476704862485478 -0.48111764476436464 -0.21078200449219345 -0.15407353588631165 0.23629185763565297 -0.41282134652725405 0.077262375494543192
decision_type=2 2 2 2 2 2 2
left_child=5 -2 4 -4 -3 -1 -7
right_child=1 2 3 -5 -6 6 -8
leaf_value=-0.00065451939973286747 0.0005970983807624821 0 0.00088914948261284519 -0.0002606917322541054 -0.001018116379850161 0.00076773921839305486 -0.00046499400990656931
leaf_weight=23 29 21 27 31 23 24 22
leaf_count=23 29 21 27 31 23 24 22
internal_value=0 5.52386e-05 -5.02819e-05 0.00018913 -0.000478962 -9.97576e-05 6.99815e-05
internal_weight=200 131 102 58 44 69 46
internal_count=200 131 102 58 44 69 46
is_linear=0
shrinkage=0.05


Tree=478
num_leaves=8
num_cat=0
split_feature=9 7 5 7 4 4 5
split_gain=0.000518692 0.00473658 0.00458111 0.00365335 0.00711866 0.00443323 0.00241842
threshold=0.40601699904274541 -0.37968817588971138 -0.15279347726455431 -0.14323352037145445 -0.023653675461537578 -0.10129883819559048 0.043514119680015603
decision_type=2 2 2 2 2 2 2
left_child=3 -2 -3 4 -1 -5 -7
right_child=1 2 -4 5 -6 6 -8
leaf_value=0.001025828315071257 -0.0007479998224090398 -0.00029405057407481418 0.00054551897022641651 -0.00067000904824572236 0 0.0005577942289282285 -0.00010380896053911737
leaf_weight=25 22 28 31 26 28 20 20
leaf_count=25 22 28 31 26 28 20 20
internal_value=0 -9.65225e-05 6.26534e-05 6.7407e-05 0.000402831 -0.000126507 0.00010287
internal_weight=200 81 59 119 53 66 40
internal_count=200 81 59 119 53 66 40
is_linear=0
shrinkage=0.05


Tree=479
num_leaves=8
num_cat=0
split_feature=9 5 6 7 1 1 3
split_gain=0.000445262 0.00437411 0.0045837 0.0032555 0.00807222 0.00636662 0.00127434
threshold=0.40601699904274541 -0.70876392157612755 0.48327776272721706 -0.14323352037145445 0.095938981053092703 0.37645805247457781 0.30345304967218062
decision_type=2 2 2 2 2 2 2
left_child=3 -2 6 4 -1 -5 -3
right_child=1 2 -4 5 -6 -7 -8
leaf_value=0.0010512184012176626 -0.00075616764865551545 -0.00046868091188510179 0.00070052635886317998 -0.00060774516783381068 -4.546489380962907e-05 0.0003299738867752433 0
leaf_weight=25 20 20 21 37 28 29 20
leaf_count=25 20 20 21 37 28 29 20
internal_value=0 -9.1727e-05 4.51703e-05 6.0142e-05 0.000378682 -0.000120198 -0.000175092
internal_weight=200 81 61 119 53 66 40
internal_count=200 81 61 119 53 66 40
is_linear=0
shrinkage=0.05


Tree=480
num_leaves=8
num_cat=0
split_feature=4 9 7 2 2 6 4
split_gain=0.000407644 0.00293389 0.0102169 0.00240835 0.00202678 0.00414884 0.00488416
threshold=-0.085521822524017271 0.71802526418035806 -0.45565340474154908 -0.15907034707281489 0.84915158609537189 0.22311312672206482 0.80623386216812409
decision_type=2 2 2 2 2 2 2
left_child=1 2 -1 -4 5 6 -2
right_child=4 -3 3 -5 -6 -7 -8
leaf_value=0.0010278025141625261 0.00032310653570730028 -0.00057212010183603707 0 -0.00064258927922784934 -0.00028262124365254626 0.0006250712216942677 -0.00064056065708938234
leaf_weight=20 30 24 21 25 22 36 22
leaf_count=20 30 24 21 25 22 36 22
internal_value=0 -8.07949e-05 2.28211e-05 -0.000306949 6.25636e-05 0.000205836 0
internal_weight=200 90 66 46 110 88 52
internal_count=200 90 66 46 110 88 52
is_linear=0
shrinkage=0.05


Tree=481
num_leaves=8
num_cat=0
split_feature=7 0 0 0 5 3 1
split_gain=0.000465759 0.00318282 0.0101085 0.00372863 0.00361994 0.00877974 0.00174187
threshold=-0.71341139243060037 0.7220267109355033 0.38632202673513577 -0.026270931897890083 0.50276834205272114 0.4077554097752199 -0.057555013486127564
decision_type=2 2 2 2 2 2 2
left_child=6 2 3 4 5 -2 -1
right_child=1 -3 -4 -5 -6 -7 -8
leaf_value=-0.00048998813481992997 -0.00099623417749401485 0.00050647416817611293 -0.0010133884928302107 0.00053735689429341375 0.00043255411718615247 0.00026351908582091253 0
leaf_weight=22 26 31 23 38 20 20 20
leaf_count=22 26 31 23 38 20 20 20
internal_value=0 3.67156e-05 -3.89191e-05 0.000129324 -3.04182e-05 -0.000340672 -0.000150318
internal_weight=200 158 127 104 66 46 42
internal_count=200 158 127 104 66 46 42
is_linear=0
shrinkage=0.05


Tree=482
num_leaves=8
num_cat=0
split_feature=3 3 1 6 9 2 8
split_gain=0.000378801 0.00208228 0.00270083 0.00283499 0.0051595 0.00408675 0.00231346
threshold=1.1791560607766125 0.8429562258010318 1.1421014948046573 0.22311312672206482 0.40601699904274541 -0.23271607285812082 0.19081536654438752
decision_type=2 2 2 2 2 2 2
left_child=1 2 3 4 6 -5 -1
right_child=-2 -3 -4 5 -6 -7 -8
leaf_value=8.2215468821930264e-05 -0.00019056576695212552 0.00050139762039110947 -0.00045772956814183743 -0.00069547500925069036 -9.4407064636616378e-05 0.00013047741401622787 0.0010653404345718253
leaf_weight=27 23 21 30 24 33 21 21
leaf_count=27 23 21 30 24 33 21 21
internal_value=0 2.47081e-05 -7.71099e-06 6.00632e-05 0.000266114 -0.000199731 0.000617603
internal_weight=200 177 156 126 81 45 48
internal_count=200 177 156 126 81 45 48
is_linear=0
shrinkage=0.05


Tree=483
num_leaves=8
num_cat=0
split_feature=1 2 6 2 5 1 7
split_gain=0.000380803 0.00517992 0.00884879 0.00459681 0.00658444 0.00538511 0.00360455
threshold=-0.35807060396644247 0.35356261238506298 0.065635368160167365 0.46743379891399978 0.19129554466377813 0.49055315082708467 0.1856452192321508
decision_type=2 2 2 2 2 2 2
left_child=1 2 -1 4 6 -5 -2
right_child=3 -3 -4 5 -6 -7 -8
leaf_value=-0.00039074989988214587 0 -0.00068014322082439915 0.00094220098824455186 0.0010988080664422011 0.00034098309893267195 0 -0.00096449872818910737
leaf_weight=23 28 27 22 20 35 21 24
leaf_count=23 28 27 22 20 35 21 24
internal_value=0 -9.20328e-05 0.000150694 5.16184e-05 -0.000108629 0.000512746 -0.000507295
internal_weight=200 72 45 128 87 41 52
internal_count=200 72 45 128 87 41 52
is_linear=0
shrinkage=0.05


Tree=484
num_leaves=8
num_cat=0
split_feature=7 0 0 9 5 0 7
split_gain=0.000391149 0.00293713 0.00917917 0.00359383 0.00152989 0.000832608 0.000729648
threshold=-0.71341139243060037 0.7220267109355033 0.38632202673513577 -0.25562923791518238 -0.67112178850734805 -0.53729058320574297 -1.044328942796515
decision_type=2 2 2 2 2 2 2
left_child=6 2 3 -2 -5 -6 -1
right_child=1 -3 -4 4 5 -7 -8
leaf_value=0 0.00057268971765872295 0.00048672801596367094 -0.00096622413990402284 -0.00042724755474780939 -1.3758248451473473e-05 0.00027276360338160838 -0.00035165925532296935
leaf_weight=21 32 31 23 20 22 30 21
leaf_count=21 32 31 23 20 22 30 21
internal_value=0 3.49099e-05 -3.63335e-05 0.000122015 -9.45282e-06 5.57798e-05 -0.000136568
internal_weight=200 158 127 104 72 52 42
internal_count=200 158 127 104 72 52 42
is_linear=0
shrinkage=0.05


Tree=485
num_leaves=8
num_cat=0
split_feature=4 9 7 6 5 9 6
split_gain=0.000376548 0.00436906 0.00479242 0.00354943 0.00490986 0.00370134 0.00178641
threshold=-0.17284956211234459 0.71802526418035806 -0.2421686211457568 -0.68227132361849663 -0.21514663834254452 -0.061347942397027622 0.29743659271513118
decision_type=2 2 2 2 2 2 2
left_child=1 2 -1 -2 6 -6 -5
right_child=3 -3 -4 4 5 -7 -8
leaf_value=0.00068313466884937645 0.00051743184051721209 -0.00073178510885890929 -0.00019496682365511615 0 -0.00095362705090281806 0 0.00059736272822880174
leaf_weight=23 33 21 37 21 21 24 20
leaf_count=23 33 21 37 21 21 24 20
internal_value=0 -8.50003e-05 5.90207e-05 5.46279e-05 -6.52823e-05 -0.000469351 0.000256616
internal_weight=200 81 60 119 86 45 41
internal_count=200 81 60 119 86 45 41
is_linear=0
shrinkage=0.05


Tree=486
num_leaves=7
num_cat=0
split_feature=7 0 0 0 1 8
split_gain=0.000375756 0.00266342 0.00822797 0.00332154 0.00149723 0.00147996
threshold=-0.71341139243060037 0.7220267109355033 0.38632202673513577 -0.026270931897890083 -0.057555013486127564 0.056966815367347261
decision_type=2 2 2 2 2 2
left_child=4 2 3 5 -1 -2
right_child=1 -3 -4 -5 -6 -7
leaf_value=-0.00045183218514643675 0.00011016883234735694 0.00046375459426912179 -0.00091517492554259389 0.00050179471608295342 0 -0.00031501428740333953
leaf_weight=22 32 31 23 38 20 34
leaf_count=22 32 31 23 38 20 34
internal_value=0 3.28592e-05 -3.3263e-05 0.000114436 -0.000135124 -3.33671e-05
internal_weight=200 158 127 104 42 66
internal_count=200 158 127 104 42 66
is_linear=0
shrinkage=0.05


Tree=487
num_leaves=8
num_cat=0
split_feature=0 7 8 7 0 7 5
split_gain=0.000408745 0.00144792 0.00289842 0.00678145 0.00431014 0.00798902 0.00417958
threshold=0.98143087147855501 -0.89289114634625366 -0.85257574912480916 -0.34067680349636748 0.10122652774700015 0.24992221560320146 -0.11031858078721309
decision_type=2 2 2 2 2 2 2
left_child=1 -1 -3 -4 5 -5 -6
right_child=-2 2 3 4 6 -7 -8
leaf_value=0.0003709208000837086 -0.00019437717983916523 0.00049739615477635893 -0.00086952085565938887 0.00036159911734469201 0.000884973874189125 -0.00077005081565619134 0
leaf_weight=27 24 21 25 22 23 34 24
leaf_count=27 24 21 25 22 23 34 24
internal_value=0 2.51407e-05 -4.18959e-06 -0.000125837 6.84041e-06 -0.000236495 0.000402816
internal_weight=200 176 149 128 103 56 47
internal_count=200 176 149 128 103 56 47
is_linear=0
shrinkage=0.05


Tree=488
num_leaves=8
num_cat=0
split_feature=0 0 9 1 3 0 4
split_gain=0.000372526 0.00119756 0.00508718 0.00289651 0.004563 0.00170243 0.00292035
threshold=0.98143087147855501 0.31613239052413888 -0.053470711242552503 -0.77275446184313845 -0.41325862778101113 1.0000000180025095e-35 0.18648266153919926
decision_type=2 2 2 2 2 2 2
left_child=1 3 -3 -1 -5 6 -6
right_child=-2 2 -4 4 5 -7 -8
leaf_value=0.00038970003162789018 -0.00018469864208854082 -8.8539957067745422e-05 0.00078689012789182305 -0.00063073151535291804 0 -0.00027576996272995103 0.00068942021702138182
leaf_weight=26 24 26 25 37 21 20 21
leaf_count=26 24 26 25 37 21 20 21
internal_value=0 2.48994e-05 0.000243445 -2.44226e-05 -0.00018392 2.79718e-06 0.000254553
internal_weight=200 176 51 125 99 62 42
internal_count=200 176 51 125 99 62 42
is_linear=0
shrinkage=0.05


Tree=489
num_leaves=7
num_cat=0
split_feature=3 1 8 6 0 5
split_gain=0.000373462 0.00173124 0.00240158 0.00814211 0.00671591 0.00663577
threshold=1.1791560607766125 1.1421014948046573 -0.85257574912480916 0.22311312672206482 0.17879757604336619 0.043514119680015603
decision_type=2 2 2 2 2 2
left_child=1 2 -1 5 -5 -4
right_child=-2 -3 3 4 -6 -7
leaf_value=0.00059282359056319906 -0.00019146472657123554 -0.00026771502012265064 0.00083949600368037806 -0.0010699231234568469 0 0
leaf_weight=23 23 32 37 24 24 37
leaf_count=23 23 32 37 24 24 37
internal_value=0 2.21436e-05 0.000120712 0 -0.000473812 0.000359129
internal_weight=200 177 145 122 48 74
internal_count=200 177 145 122 48 74
is_linear=0
shrinkage=0.05


Tree=490
num_leaves=7
num_cat=0
split_feature=5 6 6 0 6 6
split_gain=0.000389818 0.0023519 0.00311022 0.00495466 0.00275545 0.00190684
threshold=0.44120769376490404 1.1411117967430409 -0.24450826217084101 -0.13638236272716078 -0.96002301996472861 0.065635368160167365
decision_type=2 2 2 2 2 2
left_child=1 2 4 -4 -1 -2
right_child=5 -3 3 -5 -6 -7
leaf_value=0 -3.9809879236866417e-07 -0.00053072542845528591 -0.00014750645053467599 0.00065699650705351362 -0.00056746429410088964 0.00048333651495057264
leaf_weight=27 37 22 22 39 30 23
leaf_count=27 37 22 22 39 30 23
internal_value=0 -4.96351e-05 0 0.000285248 -0.000221603 0.000102335
internal_weight=200 140 118 61 57 60
internal_count=200 140 118 61 57 60
is_linear=0
shrinkage=0.05


Tree=491
num_leaves=8
num_cat=0
split_feature=1 5 5 5 8 8 8
split_gain=0.000357667 0.00385707 0.00636713 0.00362547 0.00730208 0.00525665 0.00437834
threshold=-0.35807060396644247 0.23629185763565297 -0.39486946248736099 0.19129554466377813 -0.44166336894424701 -0.054862181474245167 0.26355740789669246
decision_type=2 2 2 2 2 2 2
left_child=1 2 -1 4 -2 -5 -6
right_child=3 -3 -4 5 6 -7 -8
leaf_value=-0.00031482577965215097 -0.00087675059820946583 -0.00055428140757791098 0.00085086103109411205 0.00103080162074213 0.00067885099017521162 0 -0.00014723740028474972
leaf_weight=21 24 31 20 20 24 29 31
leaf_count=21 24 31 20 20 24 29 31
internal_value=0 -9.40176e-05 0.000132834 4.47783e-05 -0.000118185 0.000409054 0.000123071
internal_weight=200 72 41 128 79 49 55
internal_count=200 72 41 128 79 49 55
is_linear=0
shrinkage=0.05


Tree=492
num_leaves=7
num_cat=0
split_feature=0 0 2 4 0 4
split_gain=0.000358205 0.00103361 0.00192909 0.00394247 0.00556437 0.00246442
threshold=0.98143087147855501 0.67040357000334094 0.46743379891399978 -0.44584297730777572 -0.17992183429944475 0.073151886678842634
decision_type=2 2 2 2 2 2
left_child=1 2 3 -1 -5 -4
right_child=-2 -3 5 4 -6 -7
leaf_value=0.00022991461671601835 -0.00018631444569615284 0.00035391900692823653 0 0 -0.00079652938452944065 0.00064684038725791951
leaf_weight=33 24 21 25 38 38 21
leaf_count=33 24 21 25 38 38 21
internal_value=0 1.82927e-05 0 -0.00014056 -0.000367217 0.000240536
internal_weight=200 176 155 109 76 46
internal_count=200 176 155 109 76 46
is_linear=0
shrinkage=0.05


Tree=493
num_leaves=7
num_cat=0
split_feature=5 6 6 0 6 6
split_gain=0.000355445 0.00214972 0.00278398 0.00467573 0.00249633 0.00179971
threshold=0.44120769376490404 1.1411117967430409 -0.24450826217084101 -0.13638236272716078 -0.96002301996472861 0.065635368160167365
decision_type=2 2 2 2 2 2
left_child=1 2 4 -4 -1 -2
right_child=5 -3 3 -5 -6 -7
leaf_value=0 -9.2900336802881917e-08 -0.00050792406329977838 -0.00014788608089915363 0.00063247698245455736 -0.00053964762505997858 0.00046805615831182627
leaf_weight=27 37 22 22 39 30 23
leaf_count=27 37 22 22 39 30 23
internal_value=0 -4.83273e-05 0 0.00026942 -0.000210282 9.66498e-05
internal_weight=200 140 118 61 57 60
internal_count=200 140 118 61 57 60
is_linear=0
shrinkage=0.05


Tree=494
num_leaves=9
num_cat=0
split_feature=7 5 1 8 2 5 7 8
split_gain=0.000349559 0.00164676 0.00408223 0.00742044 0.00758719 0.00230483 0.00177911 0.00142514
threshold=-0.71341139243060037 0.50276834205272114 -0.5993838341988974 -0.47960144745000971 -0.02855393123849061 -0.24514684708746035 0.24992221560320146 -0.086510780692153996
decision_type=2 2 2 2 2 2 2 2
left_child=7 2 -2 -4 -5 -6 -3 -1
right_child=1 6 3 4 5 -7 -8 -9
leaf_value=-0.00045212980611382213 0.00051690721420815625 0.00062223847468733393 -0.0009974676137991668 0.00065489157832698114 0 -0.00076193750198153671 0 0
leaf_weight=21 22 22 23 29 20 21 21 21
leaf_count=21 22 22 23 29 20 21 21 21
internal_value=0 2.79456e-05 -3.37923e-05 -0.000218186 0 -0.000397299 0.000308763 -0.00013351
internal_weight=200 158 115 93 70 41 43 42
internal_count=200 158 115 93 70 41 43 42
is_linear=0
shrinkage=0.05


Tree=495
num_leaves=8
num_cat=0
split_feature=4 9 0 6 2 3 3
split_gain=0.000363738 0.00392294 0.0044182 0.00302925 0.00198229 0.00812691 0.00357391
threshold=-0.17284956211234459 0.71802526418035806 0.38632202673513577 -0.68227132361849663 -0.02855393123849061 0.33740704005179617 -0.15377055813104787
decision_type=2 2 2 2 2 2 2
left_child=1 2 -1 -2 5 -5 -6
right_child=3 -3 -4 4 6 -7 -8
leaf_value=0.00048810730063864462 0.00047932862208486512 -0.00069828346844484504 -0.00034157427244594897 -0.00042341909670519612 0 0.0008928676624120306 -0.00077002937327193515
leaf_weight=34 33 21 26 22 20 21 23
leaf_count=34 33 21 26 22 20 21 23
internal_value=0 -8.63676e-05 4.54138e-05 5.05546e-05 -5.62686e-05 0.000103989 -0.000332405
internal_weight=200 81 60 119 86 43 43
internal_count=200 81 60 119 86 43 43
is_linear=0
shrinkage=0.05


Tree=496
num_leaves=8
num_cat=0
split_feature=3 4 8 2 0 8 6
split_gain=0.000360533 0.00161545 0.00344837 0.00301952 0.0032128 0.00253614 0.00456622
threshold=1.1791560607766125 0.62169092603662379 0.094718437542167022 -0.89084222374334454 -0.53729058320574297 -0.22609407689722497 0.023307545217260705
decision_type=2 2 2 2 2 2 2
left_child=1 3 -3 -1 -5 -6 -7
right_child=-2 2 -4 4 5 6 -8
leaf_value=0.0004072441629341877 -0.00019031717538736854 0 0.00067804719173655305 -0.00077314097550118446 0.00028350511194073314 -0.00071697897646620971 0.00010135122588659102
leaf_weight=23 23 25 27 20 32 29 21
leaf_count=23 23 25 27 20 32 29 21
internal_value=0 1.9104e-05 0.000271424 -4.6026e-05 -0.000197504 0 -0.000273964
internal_weight=200 177 52 125 102 82 50
internal_count=200 177 52 125 102 82 50
is_linear=0
shrinkage=0.05


Tree=497
num_leaves=8
num_cat=0
split_feature=1 2 6 2 5 8 1
split_gain=0.000334392 0.00419155 0.00585031 0.00413847 0.00573297 0.00825327 0.00502596
threshold=-0.35807060396644247 0.54010936032557877 0.065635368160167365 0.46743379891399978 0.19129554466377813 -0.22609407689722497 0.49055315082708467
decision_type=2 2 2 2 2 2 2
left_child=1 2 -1 4 5 -2 -5
right_child=3 -3 -4 6 -6 -7 -8
leaf_value=-0.0003548203790221786 -0.0012745836286328326 -0.0007160594671141462 0.00067001291465057045 0.0010502360655899527 0.00030651778305092685 0 0
leaf_weight=25 20 21 26 20 35 32 21
leaf_count=25 20 21 26 20 35 32 21
internal_value=0 -9.05341e-05 7.0085e-05 4.37346e-05 -0.000106391 -0.000480334 0.000483431
internal_weight=200 72 51 128 87 52 41
internal_count=200 72 51 128 87 52 41
is_linear=0
shrinkage=0.05


Tree=498
num_leaves=7
num_cat=0
split_feature=0 7 8 7 6 5
split_gain=0.00031126 0.00125787 0.00300842 0.00596665 0.00356849 0.00402716
threshold=0.98143087147855501 -0.89289114634625366 -0.85257574912480916 -0.34067680349636748 -0.68227132361849663 -0.21514663834254452
decision_type=2 2 2 2 2 2
left_child=1 -1 -3 -4 -5 -6
right_child=-2 2 3 4 5 -7
leaf_value=0.00034347032450001628 -0.00017263555336024812 0.00050374184451943207 -0.00082517575502276906 0.00051539780147824424 0.0001505044659405968 -0.00051727555204470865
leaf_weight=27 24 21 25 28 35 40
leaf_count=27 24 21 25 28 35 40
internal_value=0 1.84425e-05 -7.11149e-06 -0.000130283 0 -0.000139282
internal_weight=200 176 149 128 103 75
internal_count=200 176 149 128 103 75
is_linear=0
shrinkage=0.05


Tree=499
num_leaves=7
num_cat=0
split_feature=3 2 1 5 6 2
split_gain=0.000401916 0.00150732 0.0053451 0.00491747 0.00465582 0.00630987
threshold=-1.289912086072208 -0.89084222374334454 -0.35807060396644247 0.10867640870088148 0.098220931421532071 0.10016094044642973
decision_type=2 2 2 2 2 2
left_child=-1 -2 3 -3 5 -4
right_child=1 2 4 -5 -6 -7
leaf_value=0.00020312306811035523 0.00023221592781108623 0 0.0010758956964900142 -0.0010445310480510482 -0.00030592968776903354 0
leaf_weight=21 33 29 21 25 36 35
leaf_count=21 33 29 21 25 36 35
internal_value=0 -2.73761e-05 -0.000120393 -0.000528164 6.49755e-05 0.000392661
internal_weight=200 179 146 54 92 56
internal_count=200 179 146 54 92 56
is_linear=0
shrinkage=0.05


end of trees

feature_importances:
feat_0=387
feat_1=366
feat_4=358
feat_3=357
feat_7=323
feat_5=322
feat_2=315
feat_8=299
feat_6=294
feat_9=259

parameters:
[boosting: gbdt]
[objective: regression]
[metric: rmse]
[tree_learner: serial]
[device_type: cpu]
[data_sample_strategy: bagging]
[data: ]
[valid: ]
[num_iterations: 500]
[learning_rate: 0.05]
[num_leaves: 31]
[num_threads: 0]
[seed: 42]
[deterministic: 0]
[force_col_wise: 0]
[force_row_wise: 0]
[histogram_pool_size: -1]
[max_depth: 6]
[min_data_in_leaf: 20]
[min_sum_hessian_in_leaf: 0.001]
[bagging_fraction: 0.8]
[pos_bagging_fraction: 1]
[neg_bagging_fraction: 1]
[bagging_freq: 0]
[bagging_seed: 400]
[bagging_by_query: 0]
[feature_fraction: 0.8]
[feature_fraction_bynode: 1]
[feature_fraction_seed: 30056]
[extra_trees: 0]
[extra_seed: 12879]
[early_stopping_round: 0]
[early_stopping_min_delta: 0]
[first_metric_only: 0]
[max_delta_step: 0]
[lambda_l1: 0.1]
[lambda_l2: 0.1]
[linear_lambda: 0]
[min_gain_to_split: 0]
[drop_rate: 0.1]
[max_drop: 50]
[skip_drop: 0.5]
[xgboost_dart_mode: 0]
[uniform_drop: 0]
[drop_seed: 17869]
[top_rate: 0.2]
[other_rate: 0.1]
[min_data_per_group: 100]
[max_cat_threshold: 32]
[cat_l2: 10]
[cat_smooth: 10]
[max_cat_to_onehot: 4]
[top_k: 20]
[monotone_constraints: ]
[monotone_constraints_method: basic]
[monotone_penalty: 0]
[feature_contri: ]
[forcedsplits_filename: ]
[refit_decay_rate: 0.9]
[cegb_tradeoff: 1]
[cegb_penalty_split: 0]
[cegb_penalty_feature_lazy: ]
[cegb_penalty_feature_coupled: ]
[path_smooth: 0]
[interaction_constraints: ]
[verbosity: -1]
[saved_feature_importance_type: 0]
[use_quantized_grad: 0]
[num_grad_quant_bins: 4]
[quant_train_renew_leaf: 0]
[stochastic_rounding: 1]
[linear_tree: 0]
[max_bin: 255]
[max_bin_by_feature: ]
[min_data_in_bin: 3]
[bin_construct_sample_cnt: 200000]
[data_random_seed: 175]
[is_enable_sparse: 1]
[enable_bundle: 1]
[use_missing: 1]
[zero_as_missing: 0]
[feature_pre_filter: 1]
[pre_partition: 0]
[two_round: 0]
[header: 0]
[label_column: ]
[weight_column: ]
[group_column: ]
[ignore_column: ]
[categorical_feature: ]
[forcedbins_filename: ]
[precise_float_parser: 0]
[parser_config_file: ]
[objective_seed: 16083]
[num_class: 1]
[is_unbalance: 0]
[scale_pos_weight: 1]
[sigmoid: 1]
[boost_from_average: 1]
[reg_sqrt: 0]
[alpha: 0.9]
[fair_c: 1]
[poisson_max_delta_step: 0.7]
[tweedie_variance_power: 1.5]
[lambdarank_truncation_level: 30]
[lambdarank_norm: 1]
[label_gain: ]
[lambdarank_position_bias_regularization: 0]
[eval_at: ]
[multi_error_top_k: 1]
[auc_mu_weights: ]
[num_machines: 1]
[local_listen_port: 12400]
[time_out: 120]
[machine_list_filename: ]
[machines: ]
[gpu_platform_id: -1]
[gpu_device_id: -1]
[gpu_device_id_list: ]
[gpu_use_dp: 0]
[num_gpu: 1]

end of parameters

pandas_categorical:null
