trade_id,ticker,side,signal_timestamp,execution_timestamp,signal_price,execution_price,quantity,gross_value,slippage,commission,other_cost,cash_before,cash_after,equity_before,equity_after,fold_id,reason,exit_reason
0,KONYA,BUY,2015-12-28,2015-12-28,290.1069030761719,290.3383606488147,18,5226.090491678665,0.07978354537191723,3.110804234719267,0.0,100000,94770.79870408661,100000.0,99992.72295945771,0,SIGNAL,
0,ODAS,BUY,2015-12-28,2015-12-28,0.9026489853858948,0.9031222062816104,5978,5398.864549151467,0.05242579378886708,3.213647128559665,0.0,94770.79870408661,89368.72050780659,99992.72295945771,99986.68039781456,0,SIGNAL,
0,OTKAR,BUY,2015-12-28,2015-12-28,14.147449493408203,14.155153040841675,381,5393.113308560678,0.05445184615828013,3.210223731354201,0.0,89368.72050780659,83972.39697551455,99986.68039781456,99980.53512251105,0,SIGNAL,
0,VESTL,BUY,2015-12-28,2015-12-28,4.252310276031494,4.254530881889024,1268,5394.745158235282,0.05222116245953299,3.2111950817137607,0.0,83972.39697551455,78574.44062219755,99980.53512251105,99974.50819920198,0,SIGNAL,
0,ZOREN,BUY,2015-12-28,2015-12-28,0.8158730268478394,0.8162861809123106,6613,5398.10051437311,0.050639505275424504,3.2131923406780216,0.0,78574.44062219755,73173.12691548376,99974.50819920198,99968.56281903296,0,SIGNAL,
0,AEFES,BUY,2015-12-28,2015-12-28,1.3599449396133423,1.36070194924987,2204,2998.9870961467136,0.05566472689276595,1.7851320740458505,0.0,73173.12691548376,70172.35468726301,99968.56281903296,99965.10923772001,0,SIGNAL,
0,AGHOL,BUY,2015-12-28,2015-12-28,1.1726332902908325,1.173258410588776,2556,2998.8484974649114,0.053309103802478365,1.7850495738735013,0.0,70172.35468726301,67171.72114022422,99965.10923772001,99961.7263806646,0,SIGNAL,
0,AKBNK,BUY,2015-12-28,2015-12-28,4.347881317138672,4.350112347429371,689,2997.2274073788367,0.05131304485945572,1.7840846281052158,0.0,67171.72114022422,64172.709648217286,99961.7263806646,99958.40511616619,0,SIGNAL,
0,AKFGY,BUY,2015-12-28,2015-12-28,0.2500070035457611,0.2501465269746045,11987,2998.506418844584,0.05580780812719458,1.7848459532851446,0.0,64172.709648217286,61172.41838341942,99958.40511616619,99954.94780287138,0,SIGNAL,
0,ALARK,BUY,2015-12-28,2015-12-28,1.1763653755187988,1.17701214155843,2547,2997.8499245493213,0.05498003027724188,1.784455178338361,0.0,61172.41838341942,58172.78400369176,99954.94780287138,99951.5160345901,0,SIGNAL,
1,KONYA,SELL,2016-03-23,2016-03-23,289.9267272949219,289.64945865153453,18,5213.690255727622,0.09563404035713857,3.1034230562705885,0.0,58172.78400369176,63383.370836363116,100745.14325787315,100737.0489992359,0,SIGNAL,EXIT
2,ODAS,SELL,2016-03-23,2016-03-23,0.7981879711151123,0.7977656570861279,5978,4769.043098060873,0.052909094632734424,2.838749058905244,0.0,63383.370836363116,68149.57518536509,100737.0489992359,100731.68565691174,0,SIGNAL,EXIT
3,OTKAR,SELL,2016-03-23,2016-03-23,15.627559661865234,15.619048752269572,381,5950.857574614707,0.054460899716987414,3.542218217001531,0.0,68149.57518536509,74096.8905417628,100731.68565691174,100724.9007821388,0,SIGNAL,EXIT
4,VESTL,SELL,2016-03-23,2016-03-23,4.291684150695801,4.289425381763051,1268,5438.991384075549,0.05263129469542796,3.2375324264140497,0.0,74096.8905417628,79532.64439341193,100724.9007821388,100718.79913070565,0,SIGNAL,EXIT
5,ZOREN,SELL,2016-03-23,2016-03-23,0.7962139844894409,0.7958091986664855,6613,5262.686230781468,0.0508388235877256,3.132587665441515,0.0,79532.64439341193,84792.19803652796,100718.79913070565,100712.989694393,0,SIGNAL,EXIT
6,AEFES,SELL,2016-03-23,2016-03-23,1.46282160282135,1.4620440654570248,2204,3222.3451202672827,0.05315325962001034,1.9180848211134987,0.0,84792.19803652796,88012.62507197412,100712.989694393,100709.35791722091,0,SIGNAL,EXIT
7,AGHOL,SELL,2016-03-23,2016-03-23,1.1221199035644531,1.1215255137824605,2556,2866.619213227969,0.052970255683426,1.7063407535778825,0.0,88012.62507197412,90877.53794444852,100709.35791722091,100706.13231618456,0,SIGNAL,EXIT
8,AKBNK,SELL,2016-03-23,2016-03-23,4.812633991241455,4.810186366456718,689,3314.2184064886787,0.05085831977231589,1.9727719353703537,0.0,90877.53794444852,94189.78357900183,100706.13231618456,100702.47313077252,0,SIGNAL,EXIT
9,AKFGY,SELL,2016-03-23,2016-03-23,0.2777850031852722,0.2776414468425334,11987,3328.0880233014477,0.0516789391409632,1.9810277554300701,0.0,94189.78357900183,97515.89057454784,100702.47313077252,100698.77129313667,0,SIGNAL,EXIT
10,ALARK,SELL,2016-03-23,2016-03-23,1.2496587038040161,1.2489939230893086,2547,3181.187522108469,0.05319698191865274,1.8935859665974557,0.0,97515.89057454784,100695.18451068971,100698.77129313667,100695.18451068971,0,SIGNAL,EXIT
10,KONYA,BUY,2016-03-24,2016-03-24,292.0883483886719,292.3649923260116,18,5262.569861868209,0.09471241796047325,3.132518397427742,0.0,100695.18451068971,95429.48213042408,100695.18451068971,100687.07240142017,0,SIGNAL,
10,PETKM,BUY,2016-03-24,2016-03-24,1.7371244430541992,1.7380010995605113,3128,5436.46743942528,0.05046595883313644,3.236030060980701,0.0,95429.48213042408,89989.77866093781,100687.07240142017,100681.09418980744,0,SIGNAL,
10,CCOLA,BUY,2016-03-24,2016-03-24,34.88393020629883,34.903551819421445,86,3001.7054564702444,0.05624828683745225,1.7867501644366308,0.0,89989.77866093781,86986.28645430313,100681.09418980744,100677.61998091446,0,SIGNAL,
10,EKGYO,BUY,2016-03-24,2016-03-24,2.0389153957366943,2.0399513826714175,1480,3019.1280463536978,0.050810687725898855,1.7971208739518068,0.0,86986.28645430313,83965.36128707549,100677.61998091446,100674.28959937712,0,SIGNAL,
10,ODAS,BUY,2016-03-24,2016-03-24,0.7968490123748779,0.7972711293172229,3788,3020.0630378536403,0.05297326542288716,1.79767742296719,0.0,83965.36128707549,80943.50057179888,100674.28959937712,100670.89294297656,0,SIGNAL,
10,AGHOL,BUY,2016-03-24,2016-03-24,1.1356501579284668,1.136263104371987,2657,3019.0510683163698,0.05397317468244416,1.7970750531599777,0.0,80943.50057179888,77922.65242842936,100670.89294297656,100667.46726922297,0,SIGNAL,
10,AKFGY,BUY,2016-03-24,2016-03-24,0.27963700890541077,0.2797819984370948,10794,3019.966891130001,0.05184919272722186,1.7976201921106774,0.0,77922.65242842936,74900.88791710725,100667.46726922297,100664.10463202586,0,SIGNAL,
10,ALARK,BUY,2016-03-24,2016-03-24,1.2496587038040161,1.25033049239612,2415,3019.5481391366297,0.05375776522494115,1.7973709320803832,0.0,74900.88791710725,71879.54240703853,100664.10463202586,100660.68489164385,0,SIGNAL,
10,ANELE,BUY,2016-03-24,2016-03-24,0.46294546127319336,0.4631970654774445,6519,3019.5816698474605,0.05434856269228723,1.7973908910683518,0.0,71879.54240703853,68858.1633463,100660.68489164385,100657.24729294526,0,SIGNAL,
10,ECILC,BUY,2016-03-24,2016-03-24,1.3449044227600098,1.3456261445155961,2244,3019.5850682929977,0.05366342346508138,1.7973929139760654,0.0,68858.1633463,65836.78088509303,100657.24729294526,100653.83035641175,0,SIGNAL,
11,KONYA,SELL,2016-06-20,2016-06-20,262.67364501953125,262.3768656126433,18,4722.783581027579,0.11298408215483764,2.8112133126887615,0.0,65836.78088509303,70556.75325280792,103039.09907769423,103030.94583505756,0,SIGNAL,EXIT
12,PETKM,SELL,2016-06-20,2016-06-20,1.9608086347579956,1.9597952599718569,3128,6130.239573191969,0.05168147305021756,3.6489944547446536,0.0,70556.75325280792,76683.34383154513,103030.94583505756,103024.12700427177,0,SIGNAL,EXIT
13,CCOLA,SELL,2016-06-20,2016-06-20,34.732364654541016,34.711779878954665,86,2985.2130695901014,0.059266841722666996,1.77693315360816,0.0,76683.34383154513,79666.77996798162,103024.12700427177,103020.57978041773,0,SIGNAL,EXIT
14,EKGYO,SELL,2016-06-20,2016-06-20,2.1990272998809814,2.1979068806488145,1480,3252.9021833602455,0.05095067406519606,1.9362737601342692,0.0,79666.77996798162,82917.74587758174,103020.57978041773,103016.98528619399,0,SIGNAL,EXIT
15,ODAS,SELL,2016-06-20,2016-06-20,1.2736190557479858,1.2729597734382134,3788,4821.971621783952,0.05176448222856209,2.870254498008789,0.0,82917.74587758174,87736.84724486768,103016.98528619399,103011.61767030656,0,SIGNAL,EXIT
16,AGHOL,SELL,2016-06-20,2016-06-20,1.0704069137573242,1.069802259561184,2657,2842.4646036540657,0.05648825585567999,1.6919628430020643,0.0,87736.84724486768,90577.61988567874,103011.61767030656,103008.31914126441,0,SIGNAL,EXIT
17,AKFGY,SELL,2016-06-20,2016-06-20,0.26852598786354065,0.2683829298463645,10794,2896.925344761659,0.053275296858356413,1.7243803268426534,0.0,90577.61988567874,93472.82085011355,103008.31914126441,103005.05059270016,0,SIGNAL,EXIT
18,ALARK,SELL,2016-06-20,2016-06-20,1.285628080368042,1.2849348302697878,2415,3103.1176151015375,0.05392306755276002,1.8471152448011146,0.0,93472.82085011355,96574.09134997029,103005.05059270016,103001.52927846808,0,SIGNAL,EXIT
19,ANELE,SELL,2016-06-20,2016-06-20,0.47534531354904175,0.47508339203917693,6519,3097.0686327033945,0.05510131317152814,1.8435146182735322,0.0,96574.09134997029,99669.3164680554,103001.52927846808,102997.97829752699,0,SIGNAL,EXIT
20,ECILC,SELL,2016-06-20,2016-06-20,1.4833608865737915,1.4825726822014855,2244,3326.8930988601337,0.053136386393910356,1.9803164826310007,0.0,99669.3164680554,102994.22925043291,102997.97829752699,102994.22925043291,0,SIGNAL,EXIT
20,SISE,BUY,2016-06-21,2016-06-21,2.4059031009674072,2.407161876778506,2310,5560.543935358349,0.052320303780840474,3.3098859748023806,0.0,102994.22925043291,97430.37542909976,102994.22925043291,102988.01159233447,0,SIGNAL,
20,EGEEN,BUY,2016-06-21,2016-06-21,173.2207794189453,173.39056911441125,17,2947.6396749449914,0.09801924228461584,1.7545677783126314,0.0,97430.37542909976,94480.98118637646,102988.01159233447,102983.37059973324,0,SIGNAL,
20,MGROS,BUY,2016-06-21,2016-06-21,15.537698745727539,15.546621914026503,198,3078.2311389772476,0.05742914986953773,1.8323016943205117,0.0,94480.98118637646,91400.9177457049,102983.37059973324,102979.77151071573,0,SIGNAL,
20,OTKAR,BUY,2016-06-21,2016-06-21,15.390235900878906,15.399089496549681,200,3079.8178993099364,0.057527355186727774,1.8332462054747432,0.0,91400.9177457049,88319.26660018948,102979.77151071573,102976.1675453761,0,SIGNAL,
20,AKSEN,BUY,2016-06-21,2016-06-21,1.09653639793396,1.0971031901660921,2815,3088.3454803175496,0.051689322233181484,1.8383222054316197,0.0,88319.26660018948,85229.0827976665,102976.1675453761,102972.73370303721,0,SIGNAL,
20,AKSA,BUY,2016-06-21,2016-06-21,0.205063596367836,0.20517037596922974,15056,3089.0451805927228,0.05207145650668754,1.8387386985219154,0.0,85229.0827976665,82138.19887837526,102972.73370303721,102969.28729066011,0,SIGNAL,
20,AKFGY,BUY,2016-06-21,2016-06-21,0.26852598786354065,0.26866570710036014,11497,3088.8496345328404,0.05203192358815755,1.8386223007075004,0.0,82138.19887837526,79047.51062154172,102969.28729066011,102965.8423162937,0,SIGNAL,
20,ANELE,BUY,2016-06-21,2016-06-21,0.47534531354904175,0.47561105520395275,6494,3088.618192494469,0.05590496999475067,1.8384845359913702,0.0,79047.51062154172,75957.05394451125,102965.8423162937,102962.2781054507,0,SIGNAL,
20,ASELS,BUY,2016-06-21,2016-06-21,2.274369478225708,2.275563359602193,1357,3087.939478980176,0.05249285078412183,1.838080535165555,0.0,75957.05394451125,72867.27638499592,102962.2781054507,102958.81992788766,0,SIGNAL,
20,BTCIM,BUY,2016-06-21,2016-06-21,0.08673799782991409,0.08678285648828506,35591,3088.6886452745534,0.051717424304534604,1.8385264726564516,0.0,72867.27638499592,69776.74921324871,102958.81992788766,102955.38483690492,0,SIGNAL,
20,SASA,BUY,2016-09-16,2016-09-16,0.01574133336544037,0.015749234783162414,359195,5657.046387938023,0.05019535218911835,3.3673285771881685,0.0,69776.74921324871,64116.335496733496,104760.29202044032,104754.08654212445,0,SIGNAL,
20,AEFES,BUY,2016-09-16,2016-09-16,1.3399415016174316,1.3406392050742695,2344,3142.4582966940875,0.052069695281160816,1.870532588815672,0.0,64116.335496733496,60972.006667450594,104754.08654212445,104750.58059263282,0,SIGNAL,
20,AKBNK,BUY,2016-09-16,2016-09-16,5.00515079498291,5.0077050826308325,627,3139.831086809532,0.05103318066826776,1.8689687552679402,0.0,60972.006667450594,57830.3066118858,104750.58059263282,104747.1100855223,0,SIGNAL,
20,ALARK,BUY,2016-09-16,2016-09-16,1.3288757801055908,1.3295822523154155,2363,3141.802862221327,0.05316314891136639,1.8701424447229338,0.0,57830.3066118858,54686.633607219745,104747.1100855223,104743.57054924576,0,SIGNAL,
20,ECILC,BUY,2016-09-16,2016-09-16,1.7389401197433472,1.7398919556809016,1806,3142.2448719597082,0.05473655629354756,1.8704055488096565,0.0,54686.633607219745,51542.51832971122,104743.57054924576,104739.98112799373,0,SIGNAL,
20,ECZYT,BUY,2016-09-16,2016-09-16,4.673097610473633,4.6763100209621635,671,3137.804024065612,0.06874263617628222,1.867762156304935,0.0,51542.51832971122,48402.84654348931,104739.98112799373,104735.95783839963,0,SIGNAL,
20,GARAN,BUY,2016-09-16,2016-09-16,5.918137073516846,5.921131355660313,530,3138.1996184999657,0.05059501167801908,1.867997631914012,0.0,48402.84654348931,45262.77892735743,104735.95783839963,104732.50287123167,0,SIGNAL,
20,GOLTS,BUY,2016-09-16,2016-09-16,24.10262680053711,24.117839598841407,130,3135.3191478493827,0.06311676494927862,1.8662830461616058,0.0,45262.77892735743,42125.59349646189,104732.50287123167,104728.65892440596,0,SIGNAL,
20,HALKB,BUY,2016-09-16,2016-09-16,8.178084373474121,8.18226438828107,383,3133.8072607116496,0.05111239522677652,1.865383102902306,0.0,42125.59349646189,38989.92085264734,104728.65892440596,104725.19259563199,0,SIGNAL,
21,SASA,SELL,2016-12-13,2016-12-13,0.016954995691776276,0.016946490835903025,359195,6087.0947758021875,0.05016135673437594,3.623312729822373,0.0,38989.92085264734,45073.392315719706,107088.55908204726,107081.88086761205,0,SIGNAL,EXIT
22,AEFES,SELL,2016-12-13,2016-12-13,1.3185250759124756,1.3178316507957253,2344,3088.9973894651803,0.052590969213869555,1.8387102510922015,0.0,45073.392315719706,48160.550994933794,107081.88086761205,107078.41676888728,0,SIGNAL,EXIT
23,AKSEN,SELL,2016-12-13,2016-12-13,1.2723524570465088,1.271697345062632,2815,3579.8280263513093,0.05148824763520021,2.1308747335454847,0.0,48160.550994933794,51738.24814655156,107078.41676888728,107074.44175391913,0,SIGNAL,EXIT
24,AKBNK,SELL,2016-12-13,2016-12-13,4.86802339553833,4.8655465316826545,627,3050.697675365024,0.050880278388666524,1.815912537772654,0.0,51738.24814655156,54787.12990937881,107074.44175391913,107071.07284774385,0,SIGNAL,EXIT
25,ALARK,SELL,2016-12-13,2016-12-13,1.68271803855896,1.6818436079154808,2363,3974.196445504281,0.05196536932759432,2.365620563204196,0.0,54787.12990937881,58758.96073431989,107071.07284774385,107066.64094757011,0,SIGNAL,EXIT
26,ECILC,SELL,2016-12-13,2016-12-13,1.9418998956680298,1.9408816166844882,1806,3505.2321997321856,0.05243725414543891,2.086471940729585,0.0,58758.96073431989,62262.10646211135,107066.64094757011,107062.7154637851,0,SIGNAL,EXIT
27,ECZYT,SELL,2016-12-13,2016-12-13,5.279759407043457,5.276082604658369,671,3540.251427725766,0.06963958206471355,2.1073169610966236,0.0,62262.10646211135,65800.25057287602,107062.7154637851,107058.14101242361,0,SIGNAL,EXIT
28,GARAN,SELL,2016-12-13,2016-12-13,5.6027960777282715,5.599967674389103,530,2967.982867426225,0.050481996844601834,1.7666769619211231,0.0,65800.25057287602,68766.46676334032,107058.14101242361,107054.87528169193,0,SIGNAL,EXIT
29,GOLTS,SELL,2016-12-13,2016-12-13,24.634300231933594,24.619290800528923,130,3200.50780406876,0.06092899438326227,1.905086267832909,0.0,68766.46676334032,71965.06948114124,107054.87528169193,107051.01896934149,0,SIGNAL,EXIT
30,HALKB,SELL,2016-12-13,2016-12-13,8.27629280090332,8.27207447216441,383,3168.2045228389693,0.0509688194990944,1.8858579011972822,0.0,71965.06948114124,75131.38814607901,107051.01896934149,107047.51749153329,0,SIGNAL,EXIT
30,ODAS,BUY,2016-12-14,2016-12-14,1.063357949256897,1.0639075673275311,5422,5768.506830049873,0.051687023266082925,3.433674848053037,0.0,75131.38814607901,69359.44764118109,106830.23295600606,106823.81925197903,0,SIGNAL,
30,AEFES,BUY,2016-12-14,2016-12-14,1.2935396432876587,1.2942160316330018,2476,3204.4788943233125,0.05228972678595049,1.9074500394514802,0.0,69359.44764118109,66153.06129681833,106823.81925197903,106820.23706439651,0,SIGNAL,
30,ALARK,BUY,2016-12-14,2016-12-14,1.6669921875,1.6678660365379199,1921,3203.970656189344,0.052420703856480205,1.9071475132434264,0.0,66153.06129681833,62947.18349311574,106820.23706439651,106816.65125288142,0,SIGNAL,
30,CCOLA,BUY,2016-12-14,2016-12-14,30.542491912841797,30.559992687447643,104,3178.239239494555,0.05729976013674265,1.8918310161129361,0.0,62947.18349311574,59767.05242260508,106816.65125288142,106812.93934130631,0,SIGNAL,
30,ECILC,BUY,2016-12-14,2016-12-14,1.9293712377548218,1.930371200338801,1659,3202.485821362071,0.05182841769439089,1.906263672736666,0.0,59767.05242260508,56562.66033757027,106812.93934130631,106809.37413970675,0,SIGNAL,
30,EKGYO,BUY,2016-12-14,2016-12-14,2.354435443878174,2.3556420422173217,1360,3203.6731774155573,0.05124788374577055,1.9069704404907237,0.0,56562.66033757027,53357.08018971422,106809.37413970675,106805.82619552502,0,SIGNAL,
30,FROTO,BUY,2016-12-14,2016-12-14,1.6239266395568848,1.6247726346444697,1972,3204.0516355188943,0.052095646870831874,1.9071957157844441,0.0,53357.08018971422,50151.12135847955,106805.82619552502,106802.25069749652,0,SIGNAL,
30,INDES,BUY,2016-12-14,2016-12-14,0.36644506454467773,0.36663854108617583,8739,3204.0542105520904,0.05279823914084299,1.9071972485600792,0.0,50151.12135847955,46945.1599506789,106802.25069749652,106798.65270875182,0,SIGNAL,
30,TAVHL,BUY,2016-12-14,2016-12-14,10.66197395324707,10.667679659946113,300,3200.303897983834,0.053514543592609536,1.9049648937553874,0.0,46945.1599506789,43742.95108780131,106798.65270875182,106795.03603184834,0,SIGNAL,
31,ODAS,SELL,2017-03-10,2017-03-10,1.233441948890686,1.2327970464179778,5422,6684.225585678276,0.052284785132229485,3.978751858747066,0.0,43742.95108780131,50423.19792162084,117464.47842781857,117457.0030147528,0,SIGNAL,EXIT
32,AEFES,SELL,2017-03-10,2017-03-10,1.4405975341796875,1.4398029730719768,2476,3564.9521613262145,0.055154967911507174,2.1220199492686227,0.0,50423.19792162084,53986.028062997786,117457.0030147528,117452.91366150085,0,SIGNAL,EXIT
33,ALARK,SELL,2017-03-10,2017-03-10,2.040492534637451,2.0394341284927324,1921,3917.752960834539,0.05187013070385066,2.332022861171955,0.0,53986.028062997786,57901.44900097115,117452.91366150085,117448.54844043567,0,SIGNAL,EXIT
34,CCOLA,SELL,2017-03-10,2017-03-10,33.6517219543457,33.62954071548338,104,3497.4722344102715,0.06591412734365433,2.081852860171542,0.0,57901.44900097115,61396.839382521255,117448.54844043567,117444.15973873381,0,SIGNAL,EXIT
35,ECILC,SELL,2017-03-10,2017-03-10,2.1674108505249023,2.1662618867384733,1659,3593.828470099127,0.053010890212652796,2.1392084276841548,0.0,61396.839382521255,64988.5286441927,117444.15973873381,117440.11439938445,0,SIGNAL,EXIT
36,EKGYO,SELL,2017-03-10,2017-03-10,2.4243693351745605,2.4231343490390382,1360,3295.462714693092,0.05094051131584413,1.9616077036074895,0.0,64988.5286441927,68282.02975118218,117440.11439938445,117436.47321053653,0,SIGNAL,EXIT
37,FROTO,SELL,2017-03-10,2017-03-10,2.0802090167999268,2.0791053870402685,1972,4099.995823243409,0.0530537917461701,2.4405020138065234,0.0,68282.02975118218,72379.58507241179,117436.47321053653,117431.85635063668,0,SIGNAL,EXIT
38,INDES,SELL,2017-03-10,2017-03-10,0.41739243268966675,0.41717725592779853,8739,3645.7120395530314,0.05155262650107134,2.1700918629837447,0.0,72379.58507241179,76023.12702010183,117431.85635063668,117427.80582905172,0,SIGNAL,EXIT
39,SISE,SELL,2017-03-10,2017-03-10,2.975010395050049,2.9734545002979904,2310,6868.679895688358,0.05229880052342422,4.088547364509016,0.0,76023.12702010183,82887.71836842569,117427.80582905172,117420.12316480996,0,SIGNAL,EXIT
40,TAVHL,SELL,2017-03-10,2017-03-10,11.361373901367188,11.355296604941554,300,3406.5889814824664,0.05349085839787393,2.0277550582825308,0.0,82887.71836842569,86292.27959484987,117420.12316480996,117416.27222082399,0,SIGNAL,EXIT
40,PETKM,BUY,2017-03-13,2017-03-13,2.412137031555176,2.4133576822162874,1912,4614.3398883975415,0.05060453221118588,2.746662746869195,0.0,86292.27959484987,81675.19304370545,118345.62846388303,118340.54791707211,0,SIGNAL,
40,ALARK,BUY,2017-03-13,2017-03-13,1.887160301208496,1.888125670427996,1880,3549.6762604046326,0.05115459555193023,2.1129270456245552,0.0,81675.19304370545,78123.4038562552,118340.54791707211,118336.62009589383,0,SIGNAL,
40,ENKAI,BUY,2017-03-13,2017-03-13,2.9273502826690674,2.9289174709815073,1212,3549.8479748295867,0.05353607054535861,2.1130292577774377,0.0,78123.4038562552,74571.44285216783,118336.62009589383,118332.60763440137,0,SIGNAL,
40,CCOLA,BUY,2017-03-13,2017-03-13,34.12568283081055,34.146887663252215,103,3517.129429314978,0.06213745977421126,2.0935537071525943,0.0,74571.44285216783,71052.2198691457,118332.60763440137,118328.32998295272,0,SIGNAL,
40,BRYAT,BUY,2017-03-13,2017-03-13,29.573307037353516,29.601469391026587,119,3522.574857532164,0.09522896319136315,2.096795071071733,0.0,71052.2198691457,67527.54821654246,118328.32998295272,118322.88186779455,0,SIGNAL,
40,DOHOL,BUY,2017-03-13,2017-03-13,0.5235187411308289,0.5237889781465044,6776,3549.1941159207136,0.0516193584764083,2.112640051531225,0.0,67527.54821654246,63976.241460570214,118322.88186779455,118318.93810172481,0,SIGNAL,
40,GLYHO,BUY,2017-03-13,2017-03-13,0.6594144105911255,0.6597549247690997,5380,3549.4814952577563,0.051638874204920006,2.112811112644703,0.0,63976.241460570214,60424.64715419981,118318.93810172481,118314.99332433465,0,SIGNAL,
40,KARSN,BUY,2017-03-13,2017-03-13,1.1124989986419678,1.1130792206941116,3188,3548.4965555728277,0.05215483814835225,2.1122248322219477,0.0,60424.64715419981,56874.03837379476,118314.99332433465,118311.03135160019,0,SIGNAL,
40,KRDMD,BUY,2017-03-13,2017-03-13,0.9263346195220947,0.9268099071042658,3829,3548.7551343022337,0.051308411901558285,2.1123787499177333,0.0,56874.03837379476,53323.17086074261,118311.03135160019,118307.09909669815,0,SIGNAL,
41,PETKM,SELL,2017-06-07,2017-06-07,3.233484983444214,3.2318495451928415,1912,6179.296330408713,0.05057819225219856,3.6781952441941344,0.0,53323.17086074261,59498.78899590713,127148.07163645087,127141.26648327005,0,SIGNAL,EXIT
42,ALARK,SELL,2017-06-07,2017-06-07,2.361102342605591,2.3598559983751226,1880,4436.529276945231,0.052786539913083755,2.6408218694552636,0.0,59498.78899590713,63932.67745098291,127141.26648327005,127136.28253424732,0,SIGNAL,EXIT
43,ENKAI,SELL,2017-06-07,2017-06-07,2.8744049072265625,2.8728942407024625,1212,3481.9478197313847,0.052555801039097884,2.0726120299560082,0.0,63932.67745098291,67412.55265868435,127136.28253424732,127132.37899439016,0,SIGNAL,EXIT
44,CCOLA,SELL,2017-06-07,2017-06-07,35.26151657104492,35.24084710158857,103,3629.807251463623,0.05861764174182968,2.160624617397464,0.0,67412.55265868435,71040.19928553057,127132.37899439016,127128.08941441876,0,SIGNAL,EXIT
45,BRYAT,SELL,2017-06-07,2017-06-07,29.719438552856445,29.69277797009381,119,3533.4405784411633,0.08970755862436225,2.1032628371142104,0.0,71040.19928553057,74571.53660113462,127128.08941441876,127122.81354223289,0,SIGNAL,EXIT
46,DOHOL,SELL,2017-06-07,2017-06-07,0.5869755744934082,0.5866788011586739,6776,3975.335556651174,0.050559741772965364,2.3662986134188286,0.0,74571.53660113462,78544.50585917238,127122.81354223289,127118.43630750332,0,SIGNAL,EXIT
47,GLYHO,SELL,2017-06-07,2017-06-07,0.7037039995193481,0.703338434187811,5380,3783.960775930423,0.05194873580183337,2.252383732068705,0.0,78544.50585917238,82326.21425137074,127118.43630750332,127114.21718228758,0,SIGNAL,EXIT
48,KARSN,SELL,2017-06-07,2017-06-07,1.1217700242996216,1.121195705177965,3188,3574.3719081073527,0.05119758143074529,2.1276270064413607,0.0,82326.21425137074,85898.45853247165,127114.21718228758,127110.2586259213,0,SIGNAL,EXIT
49,KRDMD,SELL,2017-06-07,2017-06-07,1.3316059112548828,1.3309334399957982,3829,5096.144141743911,0.05050077154216476,3.0334543196523542,0.0,85898.45853247165,90991.5692198959,127110.2586259213,127104.6502791506,0,SIGNAL,EXIT
49,ECZYT,BUY,2017-06-08,2017-06-08,6.470486164093018,6.4744107201066825,1062,6875.824184753297,0.06065318608428947,4.092799966853477,0.0,90991.5692198959,84111.65223517574,127412.44523996234,127404.18456150897,0,SIGNAL,
49,ECILC,BUY,2017-06-08,2017-06-08,3.12695574760437,3.128554622205957,1588,4968.1447400630595,0.051131986847327074,2.9572633157988357,0.0,84111.65223517574,79140.5502317969,127404.18456150897,127398.68828532586,0,SIGNAL,
49,ZOREN,BUY,2017-06-08,2017-06-08,0.7075889706611633,0.7079497853942097,5398,3821.512941557944,0.050992136396550806,2.2747364708976585,0.0,79140.5502317969,75316.76255376806,127398.68828532586,127394.46587092598,0,SIGNAL,
49,ARCLK,BUY,2017-06-08,2017-06-08,22.29222869873047,22.304640011081087,171,3814.093441894866,0.0556755114903536,2.2703200508207093,0.0,75316.76255376806,71500.39879182237,127394.46587092598,127390.0732164632,0,SIGNAL,
49,BRYAT,BUY,2017-06-08,2017-06-08,29.763317108154297,29.801670129662103,128,3814.613776596749,0.128860037234564,2.2706297774503317,0.0,71500.39879182237,67683.51438544817,127390.0732164632,127382.89339993276,0,SIGNAL,
49,KCHOL,BUY,2017-06-08,2017-06-08,12.803557395935059,12.810158000494084,298,3817.427084147237,0.05155289545639368,2.272304384703222,0.0,67683.51438544817,63863.81499691623,127382.89339993276,127378.65411538947,0,SIGNAL,
49,KRDMD,BUY,2017-06-08,2017-06-08,1.3812309503555298,1.381929142481846,2765,3821.034078962304,0.050548543394328065,2.2744514303319168,0.0,63863.81499691623,60040.5064665236,127378.65411538947,127374.44916272987,0,SIGNAL,
49,YKBNK,BUY,2017-09-05,2017-09-05,2.501981735229492,2.5032504493892977,2132,5336.929958097983,0.05070837016678486,3.176780872908034,0.0,60040.5064665236,54700.39972755271,136858.60925534446,136852.72757588286,0,SIGNAL,
49,GOODY,BUY,2017-09-05,2017-09-05,0.7701844573020935,0.7705758777426592,5327,4104.857700735146,0.05082164887316168,2.443396022074092,0.0,54700.39972755271,50593.09863079549,136852.72757588286,136848.19908317388,0,SIGNAL,
49,INDES,BUY,2017-09-05,2017-09-05,0.5101056098937988,0.5103751350919958,8043,4104.9472115449225,0.05283713665745853,2.443449302936058,0.0,50593.09863079549,46485.70796994763,136848.19908317388,136843.58784270185,0,SIGNAL,
49,ODAS,BUY,2017-09-05,2017-09-05,2.058634042739868,2.0597191382504025,1993,4105.020242533053,0.05270949027396596,2.4434927742665873,0.0,46485.70796994763,42378.24423464031,136843.58784270185,136838.9817545751,0,SIGNAL,
49,SASA,BUY,2017-09-05,2017-09-05,0.07457555830478668,0.07461305506214085,55019,4105.135676463927,0.05028022344923708,2.4435614857367702,0.0,42378.24423464031,38270.66499669065,136838.9817545751,136834.47515899647,0,SIGNAL,
49,SKBNK,BUY,2017-09-05,2017-09-05,1.2219517230987549,1.2225724922165881,3357,4104.175856371086,0.05080144379674543,2.4429901576256077,0.0,38270.66499669065,34164.046150161936,136834.47515899647,136829.9482469103,0,SIGNAL,
49,TSKB,BUY,2017-09-05,2017-09-05,1.173448920249939,1.1740515227601587,3496,4104.484123569515,0.05135310960883441,2.443173652134136,0.0,34164.046150161936,30057.118852940286,136829.9482469103,136825.3983748824,0,SIGNAL,
49,TTKOM,BUY,2017-09-05,2017-09-05,5.706669330596924,5.709683333638808,718,4099.552633552665,0.05281544921000726,2.4402382073590556,0.0,30057.118852940286,25955.125981180263,136825.3983748824,136820.794082491,0,SIGNAL,
49,AKSEN,BUY,2017-09-05,2017-09-05,1.725772738456726,1.7266919318506688,2377,4104.34672200904,0.053262713766407316,2.4430918645422706,0.0,25955.125981180263,21848.336167306683,136820.794082491,136816.16606792907,0,SIGNAL,
49,BERA,BUY,2017-09-05,2017-09-05,0.6681913733482361,0.66854020993603,6139,4104.168348797289,0.05220608970840133,2.442985688779842,0.0,21848.336167306683,17741.724832820615,136816.16606792907,136811.5815744278,0,SIGNAL,
50,YKBNK,SELL,2017-11-30,2017-11-30,2.2329514026641846,2.2318176784455335,2132,4758.235290445878,0.05077245377119867,2.832315765461457,0.0,17741.724832820615,22497.12780750103,136538.59126571837,136533.34184991874,0,SIGNAL,EXIT
51,GOODY,SELL,2017-11-30,2017-11-30,0.6407546997070312,0.6404277167224489,5327,3411.5584469804853,0.05103091475284935,2.030713107772899,0.0,22497.12780750103,25906.655541373744,136533.34184991874,136529.5692984521,0,SIGNAL,EXIT
52,INDES,SELL,2017-11-30,2017-11-30,0.5278140902519226,0.5275223120180833,8043,4242.861955561444,0.055280493497259386,2.525542364738172,0.0,25906.655541373744,30146.99195457045,136529.5692984521,136524.6969837526,0,SIGNAL,EXIT
53,ODAS,SELL,2017-11-30,2017-11-30,1.8867629766464233,1.885762599893038,1993,3758.3248615868247,0.053020796240307234,2.2371240822352494,0.0,30146.99195457045,33903.07969207504,136524.6969837526,136520.46610880084,0,SIGNAL,EXIT
54,SASA,SELL,2017-11-30,2017-11-30,0.0678216889500618,0.06778772998420991,55019,3729.613116001245,0.050070952784559614,2.220033559234161,0.0,33903.07969207504,37630.47277451705,136520.46610880084,136516.37768689942,0,SIGNAL,EXIT
55,SKBNK,SELL,2017-11-30,2017-11-30,1.0702065229415894,1.0696575929721817,3357,3590.8405396076137,0.05129196632989896,2.1374298769987337,0.0,37630.47277451705,41219.17588424767,136516.37768689942,136512.39749911512,0,SIGNAL,EXIT
56,TSKB,SELL,2017-11-30,2017-11-30,1.0561044216156006,1.0555506344452228,3496,3690.2050180204988,0.052436781727567175,2.1965760859516115,0.0,41219.17588424767,44907.184326182214,136512.39749911512,136508.26488308152,0,SIGNAL,EXIT
57,TTKOM,SELL,2017-11-30,2017-11-30,4.5669403076171875,4.564580249825457,718,3277.368619374678,0.05167700107212317,1.9508372838396804,0.0,44907.184326182214,48182.60210827305,136508.26488308152,136504.6195243032,0,SIGNAL,EXIT
58,AKSEN,SELL,2017-11-30,2017-11-30,1.623984456062317,1.6231230336636495,2377,3858.163451018495,0.05304375885198175,2.296552503401504,0.0,48182.60210827305,52038.469006788146,136504.6195243032,136500.2753707582,0,SIGNAL,EXIT
59,BERA,SELL,2017-11-30,2017-11-30,1.3363827466964722,1.3356784545236782,6139,8199.73003232086,0.05270138173626067,4.880848303088829,0.0,52038.469006788146,60233.31819080592,136500.2753707582,136491.0708728063,0,SIGNAL,EXIT
59,AEFES,BUY,2017-12-01,2017-12-01,1.6900328397750854,1.6909334620174268,4350,7355.560559775807,0.053290221417307104,4.37836064540375,0.0,60233.31819080592,52873.37927038471,136220.6039519015,136212.3078845019,0,SIGNAL,
59,SASA,BUY,2017-12-01,2017-12-01,0.06725092232227325,0.06728465405723973,109318,7355.423812229333,0.050158025796009954,4.3782792471104495,0.0,52873.37927038471,45513.577178908265,136212.3078845019,136204.24211945175,0,SIGNAL,
59,EREGL,BUY,2017-12-01,2017-12-01,2.4030964374542236,2.4043234643754587,1699,4084.945565973904,0.05106024469557857,2.4315434234181366,0.0,45513.577178908265,41426.200069510945,136204.24211945175,136199.72585728916,0,SIGNAL,
59,PGSUS,BUY,2017-12-01,2017-12-01,5.3809638023376465,5.38374180851134,758,4080.876290851596,0.05162655382456195,2.4291212077479583,0.0,41426.200069510945,37342.8946574516,136199.72585728916,136195.19100740174,0,SIGNAL,
59,THYAO,BUY,2017-12-01,2017-12-01,12.211051940917969,12.217233659904204,334,4080.5560424080045,0.05062396766589649,2.4289305814631525,0.0,37342.8946574516,33259.90968446213,136195.19100740174,136190.69738267886,0,SIGNAL,
59,TKFEN,BUY,2017-12-01,2017-12-01,10.882843017578125,10.888694839347046,375,4083.2605647551422,0.053771075806834136,2.4305404348676745,0.0,33259.90968446213,29174.21857927212,136190.69738267886,136186.07240908066,0,SIGNAL,
59,TUPRS,BUY,2017-12-01,2017-12-01,8.582036972045898,8.586480996714174,475,4078.5784734392328,0.051782865568532656,2.4277534434223362,0.0,29174.21857927212,25093.212352389466,136186.07240908066,136181.5337439198,0,SIGNAL,
59,AGHOL,BUY,2017-12-01,2017-12-01,1.9298663139343262,1.9309415694843521,2115,4083.9414194594046,0.05571658214159042,2.4309457102261134,0.0,25093.212352389466,21006.839987219835,136181.5337439198,136176.82863272127,0,SIGNAL,
59,AKBNK,BUY,2017-12-01,2017-12-01,5.642151355743408,5.64503167767236,723,4081.3579029571165,0.05105006490158196,2.4294078849457086,0.0,21006.839987219835,16923.052676377774,136176.82863272127,136172.31675208168,0,SIGNAL,
60,AEFES,SELL,2018-02-27,2018-02-27,1.877814531326294,1.8768432576257168,4350,8164.268170671868,0.05172362256090849,4.859739807251576,0.0,16923.052676377774,25082.46110724239,158115.08676846133,158106.00198805658,0,SIGNAL,EXIT
61,SASA,SELL,2018-02-27,2018-02-27,0.10063913464546204,0.10058863957505346,109318,10996.148901065693,0.05017438850847777,6.5454026526148485,0.0,25082.46110724239,36072.06460565547,158106.00198805658,158093.93656529704,0,SIGNAL,EXIT
62,EREGL,SELL,2018-02-27,2018-02-27,3.112581968307495,3.110993824166865,1699,5285.578507259504,0.05102336763499268,3.146214178553683,0.0,36072.06460565547,41354.49689873642,158093.93656529704,158088.09209422357,0,SIGNAL,EXIT
63,PGSUS,SELL,2018-02-27,2018-02-27,7.2591872215271,7.255359992854111,758,5499.5628745834165,0.05272255083377251,3.273587303281406,0.0,41354.49689873642,46850.78618601656,158088.09209422357,158081.91746758617,0,SIGNAL,EXIT
64,THYAO,SELL,2018-02-27,2018-02-27,18.209121704101562,18.199866196695506,334,6078.755309696299,0.050828961201183555,3.6183487043201734,0.0,46850.78618601656,52925.923147008536,158081.91746758617,158075.2077794082,0,SIGNAL,EXIT
65,TKFEN,SELL,2018-02-27,2018-02-27,13.99648666381836,13.989191537378526,375,5245.946826516947,0.05212112593006646,3.12262361875008,0.0,52925.923147008536,58168.747349906735,158075.2077794082,158069.34948337454,0,SIGNAL,EXIT
66,TUPRS,SELL,2018-02-27,2018-02-27,8.465668678283691,8.461312155917584,475,4019.1232740608525,0.05146105442660617,2.392363033268352,0.0,58168.747349906735,62185.47826093432,158069.34948337454,158064.88777221736,0,SIGNAL,EXIT
67,AGHOL,SELL,2018-02-27,2018-02-27,2.657062530517578,2.655593049258797,2115,5616.5792991823555,0.055304730013061514,3.3432407449418013,0.0,62185.47826093432,67798.71431937173,158064.88777221736,158058.4365786101,0,SIGNAL,EXIT
68,AKSA,SELL,2018-02-27,2018-02-27,0.4140653610229492,0.4138492436511247,15056,6230.914212411333,0.052194023496816504,3.7089205303667843,0.0,67798.71431937173,74025.9196112527,158058.4365786101,158051.47379492954,0,SIGNAL,EXIT
69,AKBNK,SELL,2018-02-27,2018-02-27,6.889565944671631,6.886038219737637,723,4978.605632870312,0.051203877897744866,2.9634901099378888,0.0,74025.9196112527,79001.56175401308,158051.47379492954,158045.9597596923,0,SIGNAL,EXIT
69,EREGL,BUY,2018-02-28,2018-02-28,3.269927978515625,3.2715874046176574,1452,4750.344911504839,0.050748093319956826,2.827619056848698,0.0,79001.56175401308,74248.38922345139,158370.8811797971,158365.64407404012,0,SIGNAL,
69,HEKTS,BUY,2018-02-28,2018-02-28,0.19015079736709595,0.1902481009433897,24972,4750.875576758328,0.051171795039017046,2.827934932687511,0.0,74248.38922345139,69494.68571176038,158365.64407404012,158360.38627420022,0,SIGNAL,
69,INDES,BUY,2018-02-28,2018-02-28,0.8509958386421204,0.8514387538665447,5579,4750.176807821453,0.05204669685941032,2.827518993971681,0.0,69494.68571176038,64741.68138494495,158360.38627420022,158355.0877311692,0,SIGNAL,
69,TAVHL,BUY,2018-02-28,2018-02-28,18.848270416259766,18.858184851619068,251,4733.404397756386,0.052601300492528605,2.8175353007425,0.0,64741.68138494495,60005.45945188782,158355.0877311692,158349.78167259326,0,SIGNAL,
69,TKFEN,BUY,2018-02-28,2018-02-28,13.497407913208008,13.504554806272466,351,4740.0987370016355,0.052950115388202205,2.8215200727065386,0.0,60005.45945188782,55262.53919481348,158349.78167259326,158344.45159305492,0,SIGNAL,
69,ALARK,BUY,2018-02-28,2018-02-28,2.83498477935791,2.836505228825165,1674,4748.309753053326,0.05363166244578095,2.826407638956227,0.0,55262.53919481348,50511.4030341212,158344.45159305492,158339.0799530078,0,SIGNAL,
69,BERA,BUY,2018-02-28,2018-02-28,1.3363827466964722,1.337059006005282,3552,4749.233589330762,0.050603714428483854,2.8269575478811895,0.0,50511.4030341212,45759.34248724255,158339.0799530078,158333.850922395,0,SIGNAL,
69,BRSAN,BUY,2018-02-28,2018-02-28,10.212834358215332,10.218225135414455,464,4741.256462832307,0.052784339880980385,2.8222092032186166,0.0,45759.34248724255,41015.26381520703,158333.850922395,158328.5273925714,0,SIGNAL,
70,EREGL,SELL,2018-05-25,2018-05-25,3.4101080894470215,3.4083699277115564,1452,4948.95313503718,0.05097086924733697,2.9458396088652066,0.0,41015.26381520703,45961.271110635345,140153.43877232596,140147.9691218772,0,SIGNAL,EXIT
71,HEKTS,SELL,2018-05-25,2018-05-25,0.19734151661396027,0.19723967207498955,24972,4925.469091056639,0.05160826810201316,2.931860849106009,0.0,45961.271110635345,50883.80834084288,140147.9691218772,140142.49399920093,0,SIGNAL,EXIT
72,INDES,SELL,2018-05-25,2018-05-25,0.41664329171180725,0.4164263906347388,5579,2323.2428333512075,0.052059179010731295,1.3828986803381396,0.0,50883.80834084288,53205.66827551375,140142.49399920093,140139.9010094116,0,SIGNAL,EXIT
73,TAVHL,SELL,2018-05-25,2018-05-25,18.46379280090332,18.45372195729941,251,4631.884211282152,0.0545437425154399,2.7571059173446444,0.0,53205.66827551375,57834.79538087856,140139.9010094116,140134.61612174968,0,SIGNAL,EXIT
74,TKFEN,SELL,2018-05-25,2018-05-25,11.923127174377441,11.916626496029895,351,4182.735900106493,0.05452158861070833,2.4897526308588893,0.0,57834.79538087856,62015.041528354195,140134.61612174968,140129.84463101884,0,SIGNAL,EXIT
75,ALARK,SELL,2018-05-25,2018-05-25,1.9661991596221924,1.9651543968794352,1674,3289.6684603761746,0.05313616057887254,1.958158702696616,0.0,62015.041528354195,65302.75183002767,140129.84463101884,140126.13753948477,0,SIGNAL,EXIT
76,ANELE,SELL,2018-05-25,2018-05-25,1.0761581659317017,1.0755742980908745,6494,6984.779491802139,0.05425483533097734,4.157655068597764,0.0,65302.75183002767,72283.37366676121,140126.13753948477,140118.18824665784,0,SIGNAL,EXIT
77,BERA,SELL,2018-05-25,2018-05-25,1.0146609544754028,1.0141274539458358,3552,3602.180716415609,0.052579191819087635,2.144180060542809,0.0,72283.37366676121,75883.41020311628,140118.18824665784,140114.14907271627,0,SIGNAL,EXIT
78,BTCIM,SELL,2018-05-25,2018-05-25,0.09146899729967117,0.09142188135042993,35591,3253.7961791431517,0.05151029379592486,1.9368059066540653,0.0,75883.41020311628,79135.26957635277,140114.14907271627,140110.5353630602,0,SIGNAL,EXIT
79,BRSAN,SELL,2018-05-25,2018-05-25,7.548528671264648,7.543942028657686,464,3500.3891012971667,0.06076207439500946,2.083589110601632,0.0,79135.26957635277,82633.57508853934,140110.5353630602,140106.32357177994,0,SIGNAL,EXIT
79,BERA,BUY,2018-05-28,2018-05-28,1.0295096635818481,1.0300524698607587,4133,4257.206857934516,0.05272473859274035,2.534081096151231,0.0,82633.57508853934,78373.83414950866,141911.24016530177,141906.4626658549,0,SIGNAL,
79,DOHOL,BUY,2018-05-28,2018-05-28,0.769413948059082,0.7698070228072098,5530,4257.03283612387,0.051087551651392706,2.533977510538553,0.0,78373.83414950866,74114.26733587426,141906.4626658549,141901.7549849872,0,SIGNAL,
79,EREGL,BUY,2018-05-28,2018-05-28,3.535984992980957,3.537788061556472,1203,4255.959038052436,0.050991974770648464,2.533338337605522,0.0,74114.26733587426,69855.77495948422,141901.7549849872,141897.05255515326,0,SIGNAL,
79,FROTO,BUY,2018-05-28,2018-05-28,3.9765801429748535,3.978673407393813,1069,4253.201872503986,0.05263981470756057,2.5316971485986346,0.0,69855.77495948422,65600.04138983163,141897.05255515326,141892.28315834078,0,SIGNAL,
79,GUBRF,BUY,2018-05-28,2018-05-28,3.4000000953674316,3.401874834569768,1251,4255.745418046779,0.05513938675738866,2.533211181365255,0.0,65600.04138983163,61341.76276060349,141892.28315834078,141887.4046484173,0,SIGNAL,
79,ISCTR,BUY,2018-05-28,2018-05-28,0.9401842355728149,0.940657991441048,4525,4256.477411270742,0.050389684309527796,2.5336468966718533,0.0,61341.76276060349,57082.75170243607,141887.4046484173,141882.72725621687,0,SIGNAL,
79,ISMEN,BUY,2018-05-28,2018-05-28,0.2845148742198944,0.2846709031287891,14952,4256.399343581655,0.054840334559843065,2.5336004272702617,0.0,57082.75170243607,52823.81875842714,141882.72725621687,141877.8607115438,0,SIGNAL,
80,KCHOL,SELL,2018-11-19,2018-11-19,11.817853927612305,11.811541579337707,298,3519.8393906426368,0.05341365964803856,2.095166798083077,0.0,52823.81875842714,56341.562982271695,129579.1084697535,129575.13222316958,0,SIGNAL,EXIT
80,BIMAS,BUY,2018-11-20,2018-11-20,16.008363723754883,16.016846684230686,429,6871.227227534964,0.05299080294643761,4.09006365105405,0.0,56341.562982271695,49466.24569108568,127431.76290134646,127424.03364765129,0,SIGNAL,
80,GOLTS,BUY,2018-11-20,2018-11-20,13.181416511535645,13.189300298771354,521,6871.625455659875,0.059809863597051274,4.090300694354262,0.0,49466.24569108568,42590.52993473145,127424.03364765129,127415.83589380715,0,SIGNAL,
80,GSDHO,BUY,2018-11-20,2018-11-20,0.2873774766921997,0.2875233097376872,17282,4968.97783888671,0.05074616395344044,2.9577592137081195,0.0,42590.52993473145,37618.59433663103,127415.83589380715,127410.35784790132,0,SIGNAL,
80,AGHOL,BUY,2018-11-20,2018-11-20,1.1136157512664795,1.1142111108882533,3430,3821.744110346709,0.05346185352503056,2.2748740729633266,0.0,37618.59433663103,33794.57535221136,127410.35784790132,127406.04089032568,0,SIGNAL,
80,KARSN,BUY,2018-11-20,2018-11-20,1.2052069902420044,1.2058243178035097,3169,3821.2572631193225,0.05122170436311338,2.2745842795854614,0.0,33794.57535221136,29971.043504812453,127406.04089032568,127401.80999500367,0,SIGNAL,
80,SOKM,BUY,2018-11-20,2018-11-20,9.402671813964844,9.407881291061438,406,3819.5998041709436,0.055404221264588965,2.2735976854337334,0.0,29971.043504812453,26149.170102956075,127401.80999500367,127397.42134961703,0,SIGNAL,
80,TTKOM,BUY,2018-11-20,2018-11-20,2.961688756942749,2.963192845856192,1289,3819.5555783086315,0.05078484057168308,2.2735713602103216,0.0,26149.170102956075,22327.340953287232,127397.42134961703,127393.20900764738,0,SIGNAL,
80,ULKER,BUY,2018-11-20,2018-11-20,12.348594665527344,12.355283380657204,309,3817.782564623076,0.054165800328140584,2.2725159826790624,0.0,22327.340953287232,18507.285872681477,127393.20900764738,127388.86967868957,0,SIGNAL,
80,AKBNK,BUY,2018-11-20,2018-11-20,4.836871147155762,4.839323602412299,789,3818.2263223033037,0.05070334069122026,2.27278012721943,0.0,18507.285872681477,14686.786770250954,127388.86967868957,127384.66191136495,0,SIGNAL,
80,ALARK,BUY,2018-11-20,2018-11-20,1.651624083518982,1.6524999167456607,2312,3820.5798075159673,0.05302860592906439,2.2741810275248415,0.0,14686.786770250954,10863.932781707463,127384.66191136495,127380.36280391735,0,SIGNAL,
81,BIMAS,SELL,2019-02-14,2019-02-14,17.950836181640625,17.941336347798888,429,7696.833293205723,0.05292140012649023,4.58150153361424,0.0,10863.932781707463,18556.18457337957,139090.1571860723,139081.50025582057,0,SIGNAL,EXIT
82,GOLTS,SELL,2019-02-14,2019-02-14,10.241338729858398,10.235022682791218,521,5332.446817734224,0.06167208441964751,3.174112306022209,0.0,18556.18457337957,23885.45727880777,139081.50025582057,139075.03548299253,0,SIGNAL,EXIT
83,GSDHO,SELL,2019-02-14,2019-02-14,0.3632132112979889,0.36302765685502164,17282,6273.843965768484,0.0510869200776528,3.7344742514038614,0.0,23885.45727880777,30155.56677032485,139075.03548299253,139068.0942568578,0,SIGNAL,EXIT
84,AGHOL,SELL,2019-02-14,2019-02-14,1.1670018434524536,1.166381912409582,3430,4000.689959564866,0.05312168496989464,2.3813906949811887,0.0,30155.56677032485,34153.87533919474,139068.0942568578,139063.58650268574,0,SIGNAL,EXIT
85,KARSN,SELL,2019-02-14,2019-02-14,1.2793740034103394,1.2787065308623984,3169,4052.2209963029404,0.05217180794370777,2.412064286944344,0.0,34153.87533919474,38203.68427121073,139063.58650268574,139059.0592178944,0,SIGNAL,EXIT
86,SOKM,SELL,2019-02-14,2019-02-14,9.861567497253418,9.85639498544522,406,4001.6963640907593,0.05245121335566919,2.3819897522432036,0.0,38203.68427121073,42202.99864554925,139059.0592178944,139054.577188348,0,SIGNAL,EXIT
87,TTKOM,SELL,2019-02-14,2019-02-14,4.358258247375488,4.35604549342092,1289,5614.942641019566,0.05077151992774433,3.3422665323536913,0.0,42202.99864554925,47814.59902003646,139054.577188348,139048.3826819682,0,SIGNAL,EXIT
88,ULKER,SELL,2019-02-14,2019-02-14,15.81938648223877,15.810570539647646,309,4885.466296751122,0.05572872627532949,2.9080493858096217,0.0,47814.59902003646,52697.15726740177,139048.3826819682,139042.75050632175,0,SIGNAL,EXIT
89,AKBNK,SELL,2019-02-14,2019-02-14,5.220866680145264,5.218217177403243,789,4117.173352971159,0.05074833172999163,2.4507268524893178,0.0,52697.15726740177,56811.87989352044,139042.75050632175,139038.2093218058,0,SIGNAL,EXIT
90,ALARK,SELL,2019-02-14,2019-02-14,2.1677565574645996,2.166606395465477,2312,5009.193986316183,0.05305771052389871,2.981697674384777,0.0,56811.87989352044,61818.09218216224,139038.2093218058,139032.56844958945,0,SIGNAL,EXIT
90,SOKM,BUY,2019-02-15,2019-02-15,9.8428373336792,9.848203240258941,765,7533.875478798091,0.05451585145454856,4.484501709377169,0.0,61818.09218216224,54279.73220165477,139682.48814574166,139673.89872549876,0,SIGNAL,
90,ALBRK,BUY,2019-02-15,2019-02-15,1.2486768960952759,1.2493125929582325,4360,5447.002905297893,0.05090963602710189,3.242301244364045,0.0,54279.73220165477,48829.486995112515,139673.89872549876,139667.8847859319,0,SIGNAL,
90,ODAS,BUY,2019-02-15,2019-02-15,0.9569290280342102,0.9574140425521228,4376,4189.643850208089,0.0506844816808443,2.4938645536171142,0.0,48829.486995112515,44637.34928035081,139667.8847859319,139663.26849784792,0,SIGNAL,
90,SKBNK,BUY,2019-02-15,2019-02-15,0.9743666052818298,0.9748673634918331,4297,4189.005060924407,0.05139320326546866,2.493484317489949,0.0,44637.34928035081,40445.850735108914,139663.26849784792,139658.62325550205,0,SIGNAL,
90,AKSEN,BUY,2019-02-15,2019-02-15,1.2769792079925537,1.2776678554831171,3279,4189.472898129141,0.05392785460039672,2.4937627952468806,0.0,40445.850735108914,36253.88407418453,139658.62325550205,139653.87141758524,0,SIGNAL,
90,AKBNK,BUY,2019-02-15,2019-02-15,5.228647232055664,5.231307125655786,800,4185.045700524629,0.05087154443724981,2.4911275280087826,0.0,36253.88407418453,32066.34724613189,139653.87141758524,139649.25237517714,0,SIGNAL,
90,ALARK,BUY,2019-02-15,2019-02-15,2.2451765537261963,2.2463613052537323,1865,4189.463834298211,0.0527687466524597,2.4937574000468388,0.0,32066.34724613189,27874.38965443363,139649.25237517714,139644.54905617825,0,SIGNAL,
90,BRSAN,BUY,2019-02-15,2019-02-15,6.691105365753174,6.695136426381103,625,4184.4602664881895,0.060245062774852545,2.4907790513257626,0.0,27874.38965443363,23687.438608894117,139644.54905617825,139639.53886423446,0,SIGNAL,
90,CIMSA,BUY,2019-02-15,2019-02-15,0.9916306138038635,0.9921819725802684,4222,4188.992288233893,0.055601225771942445,2.493476714609784,0.0,23687.438608894117,19495.952843945615,139639.53886423446,139634.71755076587,0,SIGNAL,
91,SOKM,SELL,2019-05-14,2019-05-14,7.613917350769043,7.609726238455736,765,5821.440572418638,0.05504541381557773,3.4651833935293324,0.0,19495.952843945615,25313.928232970724,125693.13981432855,125686.46843001533,0,SIGNAL,EXIT
92,ALBRK,SELL,2019-05-14,2019-05-14,0.8976973295211792,0.8972344943020789,4360,3911.942395157064,0.0515580478942802,2.3285641510052666,0.0,25313.928232970724,29223.542063976784,125686.46843001533,125682.12190430905,0,SIGNAL,EXIT
93,ODAS,SELL,2019-05-14,2019-05-14,0.6864920258522034,0.6861404519998509,4376,3002.5506179513472,0.05121310067892592,1.7872532425824494,0.0,29223.542063976784,32224.305428685548,125682.12190430905,125678.79616388858,0,SIGNAL,EXIT
94,SKBNK,SELL,2019-05-14,2019-05-14,0.7108079195022583,0.7104438553387044,4297,3052.7772463904125,0.05121836062390761,1.8171503920276613,0.0,32224.305428685548,35275.265524683935,125678.79616388858,125675.41462978575,0,SIGNAL,EXIT
95,AKSEN,SELL,2019-05-14,2019-05-14,1.0548958778381348,1.0543518226194026,3279,3457.219626369021,0.0515743051197647,2.057892696498028,0.0,35275.265524683935,38730.42725835646,125675.41462978575,125671.57278002704,0,SIGNAL,EXIT
96,AKBNK,SELL,2019-05-14,2019-05-14,4.435013294219971,4.432768944379342,800,3546.215155503474,0.050605256213181196,2.1108668402376654,0.0,38730.42725835646,42274.531547019695,125671.57278002704,125667.6664333143,0,SIGNAL,EXIT
97,ALARK,SELL,2019-05-14,2019-05-14,2.5371503829956055,2.5358551363801065,1865,4729.369829348899,0.05105123544035627,2.8151337440707853,0.0,42274.531547019695,47001.08624262452,125667.6664333143,125662.43566463233,0,SIGNAL,EXIT
98,ASELS,SELL,2019-05-14,2019-05-14,4.3982343673706055,4.396003616863105,1357,5965.3769080832335,0.050719227789446424,3.5508607776520043,0.0,47001.08624262452,52962.9122899301,125662.43566463233,125655.85767541599,0,SIGNAL,EXIT
99,BRSAN,SELL,2019-05-14,2019-05-14,6.458719730377197,6.454435649120927,625,4034.0222807005794,0.06633019290373128,2.4012315924756162,0.0,52962.9122899301,56994.5333390382,125655.85767541599,125650.77889303834,0,SIGNAL,EXIT
100,CIMSA,SELL,2019-05-14,2019-05-14,0.7505921125411987,0.7501876584693979,4222,3167.2922940577982,0.05388466852276191,1.885314901576434,0.0,56994.5333390382,60159.94031819442,125650.77889303834,125647.18597304562,0,SIGNAL,EXIT
100,TUKAS,BUY,2019-05-15,2019-05-15,0.6814810037612915,0.6818417691259493,9904,6752.960881423402,0.052938433010845734,4.019666199862873,0.0,60159.94031819442,53402.95977057116,125060.64832207302,125053.05563570157,0,SIGNAL,
100,AEFES,BUY,2019-05-15,2019-05-15,1.3009544610977173,1.3016342987388991,2882,3751.310048965507,0.05225683615460547,2.2329485500964736,0.0,53402.95977057116,49649.41677305556,125053.05563570157,125048.86339506961,0,SIGNAL,
100,AKSEN,BUY,2019-05-15,2019-05-15,1.0502691268920898,1.0508180130291864,3570,3751.4203065141955,0.05226147499172749,2.2330141803510424,0.0,49649.41677305556,45895.76345236101,125048.86339506961,125044.67085737982,0,SIGNAL,
100,AKBNK,BUY,2019-05-15,2019-05-15,4.489478588104248,4.491755249265728,835,3750.6156331368825,0.05071103730200868,2.232535202546564,0.0,45895.76345236101,42142.91528402158,125044.67085737982,125040.53731010744,0,SIGNAL,
100,ANELE,BUY,2019-05-15,2019-05-15,0.7252926230430603,0.7257247167281197,5168,3750.5453360509223,0.059575083398262396,2.2324933585576314,0.0,42142.91528402158,38390.1374546121,125040.53731010744,125036.07175658448,0,SIGNAL,
100,BIMAS,BUY,2019-05-15,2019-05-15,14.417287826538086,14.424860083816903,260,3750.463621792395,0.052522064967568595,2.2324447185538143,0.0,38390.1374546121,34637.44138810115,125036.07175658448,125031.87052497343,0,SIGNAL,
100,BRSAN,BUY,2019-05-15,2019-05-15,6.466732501983643,6.470788940874253,579,3746.5867967661925,0.06272779783865716,2.230137057841093,0.0,34637.44138810115,30888.624454277116,125031.87052497343,125027.29170979794,0,SIGNAL,
101,TUKAS,SELL,2019-08-09,2019-08-09,0.8407400250434875,0.8403031373577683,9904,8322.362272391338,0.051964658836926504,4.953844530829582,0.0,30888.624454277116,39206.032882137624,143225.5702711218,143216.28949095163,0,SIGNAL,EXIT
102,AKFGY,SELL,2019-08-09,2019-08-09,0.37223199009895325,0.37204125616200834,11497,4277.35832209461,0.05124060855011897,2.5460761544352066,0.0,39206.032882137624,43480.845128077795,143216.28949095163,143211.55054672412,0,SIGNAL,EXIT
103,AEFES,SELL,2019-08-09,2019-08-09,1.7907214164733887,1.7897839313804644,2882,5158.157290238499,0.05235236951432405,3.0703673362280153,0.0,43480.845128077795,48635.93205098007,143211.55054672412,143205.7783473501,0,SIGNAL,EXIT
104,AKSEN,SELL,2019-08-09,2019-08-09,1.1613107919692993,1.1607215590298618,3570,4143.775965736607,0.050738608778296314,2.4665619247248864,0.0,48635.93205098007,52777.24145479195,143205.7783473501,143201.20822383158,0,SIGNAL,EXIT
105,AKBNK,SELL,2019-08-09,2019-08-09,5.921131610870361,5.918126925482485,835,4941.635982777875,0.05074512078671113,2.941484110568616,0.0,52777.24145479195,57715.93595345925,143201.20822383158,143195.75782742212,0,SIGNAL,EXIT
106,ANELE,SELL,2019-08-09,2019-08-09,0.8043304085731506,0.8038901766753023,5168,4154.504433057962,0.05473271843960234,2.472947991255587,0.0,57715.93595345925,61867.96743852596,143195.75782742212,143191.0097609828,0,SIGNAL,EXIT
107,ARCLK,SELL,2019-08-09,2019-08-09,14.883735656738281,14.875776748741496,171,2543.7578240347957,0.053473860194390294,1.514159125967592,0.0,61867.96743852596,64410.21110343478,143191.0097609828,143188.13462858938,0,SIGNAL,EXIT
108,BERA,SELL,2019-08-09,2019-08-09,0.8859722018241882,0.8854956499087515,4133,3659.75352107287,0.0537885855171874,2.178449984651021,0.0,64410.21110343478,68067.786174523,143188.13462858938,143183.98658953822,0,SIGNAL,EXIT
109,BIMAS,SELL,2019-08-09,2019-08-09,19.03849983215332,19.028404515589777,260,4947.385174053342,0.05302579852691022,2.9449062879293817,0.0,68067.786174523,73012.22644228842,143183.98658953822,143178.4169009438,0,SIGNAL,EXIT
110,BRSAN,SELL,2019-08-09,2019-08-09,8.180000305175781,8.17406404370765,579,4732.783081306729,0.07257043088830945,2.817165465232424,0.0,73012.22644228842,77742.19235812992,143178.4169009438,143172.1626400885,0,SIGNAL,EXIT
110,BERA,BUY,2019-11-08,2019-11-08,1.846187949180603,1.8471393044858988,3251,6005.049878883657,0.05153079380232653,3.5744759151561025,0.0,77742.19235812992,71733.56800333111,154005.35445421308,153998.6871222004,0,SIGNAL,
110,HEKTS,BUY,2019-11-08,2019-11-08,0.3171471059322357,0.31730683585125263,18927,6005.666482156658,0.05036461504114701,3.5748429451713406,0.0,71733.56800333111,65724.32667822928,153998.6871222004,153992.089071078,0,SIGNAL,
110,SASA,BUY,2019-11-08,2019-11-08,0.12289199978113174,0.12295375796549392,48845,6005.67630782455,0.05025403156605818,3.5748487938510243,0.0,65724.32667822928,59715.075521610874,153992.089071078,153985.497643769,0,SIGNAL,
110,AKSEN,BUY,2019-11-08,2019-11-08,1.2630990743637085,1.2637501006919012,3655,4619.006618028899,0.05154198442594071,2.7494405943486124,0.0,59715.075521610874,55093.31946298762,153985.497643769,153980.3687019451,0,SIGNAL,
110,AKSA,BUY,2019-11-08,2019-11-08,0.36156073212623596,0.3617464399983544,12769,4619.140292338987,0.05136284325631986,2.7495201633133197,0.0,55093.31946298762,50471.42965048533,153980.3687019451,153975.2478779627,0,SIGNAL,
110,CIMSA,BUY,2019-11-08,2019-11-08,0.9554129838943481,0.9559130145795854,4832,4618.971686448557,0.05233660141388077,2.7494198015000717,0.0,50471.42965048533,45849.70854423527,153975.2478779627,153970.08230989013,0,SIGNAL,
110,ENKAI,BUY,2019-11-08,2019-11-08,3.6287262439727783,3.6307420561918207,1272,4618.303895475996,0.0555515099104192,2.749022302262609,0.0,45849.70854423527,41228.65562645701,153970.08230989013,153964.76917444525,0,SIGNAL,
110,GOLTS,BUY,2019-11-08,2019-11-08,12.696050643920898,12.70358956566601,363,4611.403012336761,0.0593800541329739,2.7449145860783957,0.0,41228.65562645701,36614.50769953417,153964.76917444525,153959.2876312657,0,SIGNAL,
111,BERA,SELL,2020-02-05,2020-02-05,2.2570018768310547,2.2558579552759355,3251,7333.794212602066,0.05068323455385964,4.365404336080317,0.0,36614.50769953417,43943.93650780016,199855.84309230733,199847.75879899555,0,SIGNAL,EXIT
112,HEKTS,SELL,2020-02-05,2020-02-05,0.5624129772186279,0.5621275833887547,18927,10639.38877079896,0.0507445314090492,6.333042968874226,0.0,43943.93650780016,54576.99223563024,199847.75879899555,199836.02410700865,0,SIGNAL,EXIT
113,SASA,SELL,2020-02-05,2020-02-05,0.18811699748039246,0.18802281333188992,48845,9183.974317196164,0.050066793412632885,5.466714792439431,0.0,54576.99223563024,63755.49983803397,199836.02410700865,199825.95696748263,0,SIGNAL,EXIT
114,AKSEN,SELL,2020-02-05,2020-02-05,1.98024320602417,1.9792293904142833,3655,7234.083421964206,0.051196520043723916,4.306051986507084,0.0,63755.49983803397,70985.27720801167,199825.95696748263,199817.94541944197,0,SIGNAL,EXIT
115,AKSA,SELL,2020-02-05,2020-02-05,0.45961126685142517,0.4593740976393713,12769,5865.747852757132,0.05160213187953636,3.4915570806144194,0.0,70985.27720801167,76847.53350368819,199817.94541944197,199811.42544869264,0,SIGNAL,EXIT
116,CIMSA,SELL,2020-02-05,2020-02-05,1.250154733657837,1.2495105026184699,4832,6037.634748652446,0.051532104148590996,3.5938718959616254,0.0,76847.53350368819,82881.57438044467,199811.42544869264,199804.71865241445,0,SIGNAL,EXIT
117,ENKAI,SELL,2020-02-05,2020-02-05,4.4779887199401855,4.475605022772329,1272,5692.969588966402,0.05323142412668345,3.388711682984306,0.0,82881.57438044467,88571.15525772808,199804.71865241445,199798.29787793395,0,SIGNAL,EXIT
118,FROTO,SELL,2020-02-05,2020-02-05,5.028012275695801,5.025356628328508,1069,5372.106235683174,0.05281704223614129,3.197719376259231,0.0,88571.15525772808,93940.06377403499,199798.29787793395,199792.26127152206,0,SIGNAL,EXIT
119,GOLTS,SELL,2020-02-05,2020-02-05,17.139667510986328,17.129364394612832,363,6217.959275244458,0.06011269685886496,3.701209168792887,0.0,93940.06377403499,100154.32184011066,199792.26127152206,199784.82003110967,0,SIGNAL,EXIT
120,GUBRF,SELL,2020-02-05,2020-02-05,10.680000305175781,10.674379876516376,1251,13353.649225521985,0.05262573500753644,7.948692933245835,0.0,100154.32184011066,113500.0223726994,199784.82003110967,199769.84018192353,0,SIGNAL,EXIT
120,AKFGY,BUY,2020-02-06,2020-02-06,0.761132001876831,0.7615275145307668,14170,10790.844880900966,0.051963739924286115,6.423196461131896,0.0,113500.0223726994,102702.7542953373,199834.38916394772,199822.36155318032,0,SIGNAL,
120,ENJSA,BUY,2020-02-06,2020-02-06,5.31827974319458,5.321075168720254,2027,10785.819366995955,0.05256258904490971,6.420205049107507,0.0,102702.7542953373,91910.51472329225,199822.36155318032,199810.2750205907,0,SIGNAL,
120,GUBRF,BUY,2020-02-06,2020-02-06,10.729999542236328,10.735717020372341,725,7783.394839769948,0.05328498024168345,4.6330268613988626,0.0,91910.51472329225,84122.4868566609,199810.2750205907,199801.49682208066,0,SIGNAL,
120,ALARK,BUY,2020-02-06,2020-02-06,5.658393859863281,5.661348071196696,1058,5989.706259326104,0.05220936199529213,3.5653427023325674,0.0,84122.4868566609,78129.21525463245,199801.49682208066,199794.8059237876,0,SIGNAL,
120,BERA,BUY,2020-02-06,2020-02-06,2.227304697036743,2.228443834962137,2689,5992.285472213187,0.05114423396625625,3.566877965907538,0.0,78129.21525463245,72133.36290445336,199794.8059237876,199788.17590394028,0,SIGNAL,
120,KARSN,BUY,2020-02-06,2020-02-06,1.8799999952316284,1.8809487909782587,3186,5992.702848056732,0.05046785899131964,3.56712640679153,0.0,72133.36290445336,66137.09292998984,199788.17590394028,199781.58591428475,0,SIGNAL,
120,KONYA,BUY,2020-02-06,2020-02-06,278.8999938964844,279.11306227064443,21,5861.3743076835335,0.0763959766306513,3.488953749777085,0.0,66137.09292998984,60272.22966855653,199781.58591428475,199773.6225246776,0,SIGNAL,
120,AEFES,BUY,2020-02-06,2020-02-06,1.932411551475525,1.9334345353503253,3099,5991.713625050658,0.052938199112878705,3.5665375767432788,0.0,60272.22966855653,54276.94950592913,199773.6225246776,199766.88576007285,0,SIGNAL,
120,AKBNK,BUY,2020-02-06,2020-02-06,6.722546100616455,6.725955414281634,891,5992.8262741249355,0.05071461934439068,3.567199875541497,0.0,54276.94950592913,48280.55603192865,199766.88576007285,199760.28086172164,0,SIGNAL,
121,AKFGY,SELL,2020-05-06,2020-05-06,0.5518670082092285,0.5515771000830635,14170,7815.847508177009,0.052532244517702956,4.652344150004824,0.0,48280.55603192865,56091.75119595566,185402.267132805,185393.50679050724,0,SIGNAL,EXIT
122,ENJSA,SELL,2020-05-06,2020-05-06,5.284677028656006,5.281961093938518,2027,10706.535137413377,0.05139263388775453,6.3730115078696254,0.0,56091.75119595566,66791.91332186117,185393.50679050724,185381.62857932702,0,SIGNAL,EXIT
123,GUBRF,SELL,2020-05-06,2020-05-06,15.579999923706055,15.571685696805503,725,11289.472130183989,0.053364742883607,6.720001838131369,0.0,66791.91332186117,78074.66545020703,185381.62857932702,185368.88076298597,0,SIGNAL,EXIT
124,ALARK,SELL,2020-05-06,2020-05-06,4.271174907684326,4.2689955927742345,1058,4516.59733715514,0.051023780509932774,2.6884819819549115,0.0,78074.66545020703,82588.57430538021,185368.88076298597,185363.88656582916,0,SIGNAL,EXIT
125,BERA,SELL,2020-05-06,2020-05-06,1.8016419410705566,1.8007104683575925,2689,4842.110449413566,0.05170132265075294,2.8822420344611777,0.0,82588.57430538021,87427.80251275931,185363.88656582916,185358.49959366952,0,SIGNAL,EXIT
126,ISMEN,SELL,2020-05-06,2020-05-06,0.8578707575798035,0.8574323435831781,14952,12820.32840125568,0.05110490044702631,7.631236379205436,0.0,87427.80251275931,100240.49967763579,185358.49959366952,185344.31319121277,0,SIGNAL,EXIT
127,KARSN,SELL,2020-05-06,2020-05-06,1.850000023841858,1.8490679123203886,3186,5891.130368652758,0.05038440591657864,3.506665896288711,0.0,100240.49967763579,106128.12338039225,185344.31319121277,185337.8368180091,0,SIGNAL,EXIT
128,KONYA,SELL,2020-05-06,2020-05-06,244.5,244.33748058889623,21,5131.087092366821,0.06647010679090458,3.0542539362958885,0.0,106128.12338039225,111256.15621882278,185337.8368180091,185331.3696564396,0,SIGNAL,EXIT
129,AEFES,SELL,2020-05-06,2020-05-06,1.3370120525360107,1.336332194778827,3099,4141.293471619585,0.05084903729134185,2.4650842325142,0.0,111256.15621882278,115394.98460620985,185331.3696564396,185326.79769301758,0,SIGNAL,EXIT
130,AKBNK,SELL,2020-05-06,2020-05-06,4.435013294219971,4.432762883949358,891,3949.5917295988775,0.05074190585958244,2.3509747290850838,0.0,115394.98460620985,119342.22536107965,185326.79769301758,185322.44160273738,0,SIGNAL,EXIT
130,ODAS,BUY,2020-05-07,2020-05-07,1.3642690181732178,1.364957746512033,7343,10022.884732637858,0.050483323277223206,5.966072022679022,0.0,119342.22536107965,109313.3745564191,185623.60469219155,185612.58128797694,0,SIGNAL,
130,VESBE,BUY,2020-05-07,2020-05-07,1.7841434478759766,1.7851058067820247,5614,10021.583999274286,0.05393954769689971,5.965297767648022,0.0,109313.3745564191,99285.82525937718,185612.58128797694,185601.21330731077,0,SIGNAL,
130,TUKAS,BUY,2020-05-07,2020-05-07,2.8148140907287598,2.8163359766274416,2570,7237.983459932525,0.05406701294038241,4.308373464607536,0.0,99285.82525937718,92043.53342598004,185601.21330731077,185592.99368708653,0,SIGNAL,
130,VESTL,BUY,2020-05-07,2020-05-07,10.481158256530762,10.486630941651372,690,7235.775349739447,0.05221450708657491,4.307059098055657,0.0,92043.53342598004,84803.45101714254,185592.99368708653,185584.91047525525,0,SIGNAL,
130,AGHOL,BUY,2020-05-07,2020-05-07,1.5340365171432495,1.5348312090960172,3627,5566.832795391255,0.05180397884187681,3.313629387292668,0.0,84803.45101714254,79233.30459236399,185584.91047525525,185578.71449815528,0,SIGNAL,
130,AKSEN,BUY,2020-05-07,2020-05-07,1.8877084255218506,1.888669767208853,2947,5565.90980396449,0.050926386406126546,3.313079981260843,0.0,79233.30459236399,73664.08170841823,185578.71449815528,185572.5683442224,0,SIGNAL,
130,AKFGY,BUY,2020-05-07,2020-05-07,0.5481629967689514,0.5484492324005663,10150,5566.7597088657485,0.05221724802697263,3.3135858829037925,0.0,73664.08170841823,68094.00841366958,185572.5683442224,185566.34946667863,0,SIGNAL,
130,ALARK,BUY,2020-05-07,2020-05-07,4.298554420471191,4.30075556152915,1294,5565.17769661872,0.05120654161026748,3.31264419802381,0.0,68094.00841366958,62525.518072852836,185566.34946667863,185560.1885459516,0,SIGNAL,
130,ALBRK,BUY,2020-05-07,2020-05-07,0.9601918458938599,0.9606789420033582,5794,5566.173789967457,0.05072904040805416,3.3132371176091793,0.0,62525.518072852836,56956.03104576777,185560.1885459516,185554.05307397555,0,SIGNAL,
130,ARCLK,BUY,2020-05-07,2020-05-07,14.060794830322266,14.068160352226531,395,5556.92333912948,0.05238339648040585,3.3077308330001274,0.0,56956.03104576777,51395.79997580529,185554.05307397555,185547.83596199035,0,SIGNAL,
131,ODAS,SELL,2020-08-11,2020-08-11,1.7690529823303223,1.7681621884837255,7343,12983.614950035997,0.05035427742945434,7.728431880934178,0.0,51395.79997580529,64371.686493960355,218308.62551712274,218294.35598602626,0,SIGNAL,EXIT
132,VESBE,SELL,2020-08-11,2020-08-11,2.6450822353363037,2.6436789905477402,5614,14841.613852935014,0.053051083622918466,8.834396437890303,0.0,64371.686493960355,79204.46595045748,218294.35598602626,218277.6437733454,0,SIGNAL,EXIT
133,TUKAS,SELL,2020-08-11,2020-08-11,1.6166659593582153,1.615834714142269,2570,4152.695215345631,0.0514172523479308,2.4718710634584102,0.0,79204.46595045748,83354.68929473966,218277.6437733454,218273.03560207694,0,SIGNAL,EXIT
134,VESTL,SELL,2020-08-11,2020-08-11,13.134915351867676,13.127968352942426,690,9058.298163530275,0.052889559918336174,5.391906690350578,0.0,83354.68929473966,92407.59555157958,218273.03560207694,218262.85026612817,0,SIGNAL,EXIT
135,AGHOL,SELL,2020-08-11,2020-08-11,1.7251996994018555,1.7243037665510532,3627,6254.04976128067,0.051932124212214464,3.722691850153513,0.0,92407.59555157958,98657.92262101009,218262.85026612817,218255.87802582816,0,SIGNAL,EXIT
136,AKSEN,SELL,2020-08-11,2020-08-11,2.206953287124634,2.205824040327695,2947,6500.563446845717,0.05116768005588368,3.869427888917679,0.0,98657.92262101009,105154.61663996689,218255.87802582816,218248.68070762866,0,SIGNAL,EXIT
137,AKFGY,SELL,2020-08-11,2020-08-11,0.6000170111656189,0.5997099245198613,10150,6087.055733876592,0.05117965658357313,3.623289490311372,0.0,105154.61663996689,111238.04908435317,218248.68070762866,218241.9404886839,0,SIGNAL,EXIT
138,ALARK,SELL,2020-08-11,2020-08-11,4.636231899261475,4.633840429626953,1294,5996.189515937277,0.051582183257538466,3.5692018284140845,0.0,111238.04908435317,117230.66939846204,218241.9404886839,218235.27672514843,0,SIGNAL,EXIT
139,ALBRK,SELL,2020-08-11,2020-08-11,1.162732481956482,1.1621451144641115,5794,6733.468793205062,0.05051613346021877,4.008063631811347,0.0,117230.66939846204,123960.1301280353,218235.27672514843,218227.86545426582,0,SIGNAL,EXIT
140,ARCLK,SELL,2020-08-11,2020-08-11,19.67980194091797,19.669654784356098,395,7769.513639820659,0.05156127379906379,4.624764146535048,0.0,123960.1301280353,131725.01900370943,218227.86545426582,218219.23256327736,0,SIGNAL,EXIT
140,ARCLK,BUY,2020-08-12,2020-08-12,20.352313995361328,20.362791457729628,418,8511.646829330984,0.0514804477303676,5.066515216925122,0.0,131725.01900370943,123208.30565916152,218686.42617656814,218676.98008208128,0,SIGNAL,
140,FROTO,BUY,2020-08-12,2020-08-12,6.496288299560547,6.499665881740784,1312,8527.561636843908,0.05199249208914716,5.075988426523152,0.0,123208.30565916152,114675.66803389108,218676.98008208128,218667.47270583425,0,SIGNAL,
140,KONYA,BUY,2020-08-12,2020-08-12,410.70001220703125,410.95796990669413,15,6164.369548600412,0.06280927489549004,3.6693101519566524,0.0,114675.66803389108,108507.62917513872,218667.47270583425,218659.93403018737,0,SIGNAL,
140,TUKAS,BUY,2020-08-12,2020-08-12,1.7296290397644043,1.7305083334059501,3790,6558.626583608551,0.050837122951258196,3.903989680760072,0.0,108507.62917513872,101945.0986018494,218659.93403018737,218652.69751760515,0,SIGNAL,
140,AEFES,BUY,2020-08-12,2020-08-12,1.6448142528533936,1.6456545779247433,3986,6559.579147608027,0.051089359779790545,3.90455668971794,0.0,101945.0986018494,95381.61489755166,218652.69751760515,218645.44342518103,0,SIGNAL,
140,AGHOL,BUY,2020-08-12,2020-08-12,1.69680917263031,1.697688817603324,3863,6558.171902401641,0.05184112551975626,3.9037190340450647,0.0,95381.61489755166,88819.53927611597,218645.44342518103,218638.14163761624,0,SIGNAL,
140,AKSEN,BUY,2020-08-12,2020-08-12,2.183819532394409,2.1849453042998834,3001,6557.02085820395,0.051550592380677066,3.9030338807416105,0.0,88819.53927611597,82258.61538403128,218638.14163761624,218630.86016224715,0,SIGNAL,
140,AKSA,BUY,2020-08-12,2020-08-12,0.46003666520118713,0.4602716781649179,14250,6558.87141385008,0.05108570283805302,3.904135414737191,0.0,82258.61538403128,75695.83983476646,218630.86016224715,218623.60709209926,0,SIGNAL,
140,AKFGY,BUY,2020-08-12,2020-08-12,0.5926089882850647,0.5929124714394233,11061,6558.20484659146,0.051211365395724864,3.903738643909334,0.0,75695.83983476646,69133.73124953109,218623.60709209926,218616.346526285,0,SIGNAL,
140,ALARK,BUY,2020-08-12,2020-08-12,4.53584098815918,4.53818701756599,1445,6557.680240382856,0.05172203816084882,3.9034263746866933,0.0,69133.73124953109,62572.14758277355,218616.346526285,218609.05308741747,0,SIGNAL,
141,ARCLK,SELL,2020-11-09,2020-11-09,25.00680160522461,24.99386559086271,418,10447.435816980613,0.0517299835705313,6.218783932878625,0.0,62572.14758277355,73013.36461582128,271765.5078631681,271753.88182523195,0,SIGNAL,EXIT
142,FROTO,SELL,2020-11-09,2020-11-09,8.6472806930542,8.642798218524682,1312,11339.351262704382,0.05183681076894852,6.74969214236847,0.0,73013.36461582128,84345.96618638329,271753.88182523195,271741.25112650683,0,SIGNAL,EXIT
143,KONYA,SELL,2020-11-09,2020-11-09,733.4000244140625,732.5147841227054,15,10987.721761840581,0.12070360811132633,6.540386440126797,0.0,84345.96618638329,95327.14756178374,271741.25112650683,271721.43213569635,0,SIGNAL,EXIT
144,TUKAS,SELL,2020-11-09,2020-11-09,1.9944440126419067,1.993435046029573,3790,7555.118824452082,0.0505888661671265,4.49714670466098,0.0,95327.14756178374,102877.76923953116,271721.43213569635,271713.1110055309,0,SIGNAL,EXIT
145,AEFES,SELL,2020-11-09,2020-11-09,1.7559943199157715,1.7551002420140733,3986,6995.829564668096,0.05091576274238661,4.164232569220862,0.0,102877.76923953116,109869.43457163003,271713.1110055309,271705.38297844556,0,SIGNAL,EXIT
146,AGHOL,SELL,2020-11-09,2020-11-09,1.9154162406921387,1.9144298364422396,3863,7395.4424581763715,0.0514981667662309,4.402100146017194,0.0,109869.43457163003,117260.47492966038,271705.38297844556,271697.1703986822,0,SIGNAL,EXIT
147,AKSEN,SELL,2020-11-09,2020-11-09,3.2572226524353027,3.2555678876027514,3001,9769.959230695857,0.05080293885695251,5.815519382275555,0.0,117260.47492966038,127024.61864097396,271697.1703986822,271686.3889300374,0,SIGNAL,EXIT
148,AKSA,SELL,2020-11-09,2020-11-09,0.5894020795822144,0.5891041647128105,14250,8394.73434715755,0.0505452694729279,4.996923646473797,0.0,127024.61864097396,135414.35606448504,271686.3889300374,271677.14671950194,0,SIGNAL,EXIT
149,AKFGY,SELL,2020-11-09,2020-11-09,0.7500209808349609,0.74963454646546,11061,8291.707718454454,0.0515231412687657,4.935597560871422,0.0,135414.35606448504,143701.12818537862,271677.14671950194,271667.93677138,0,SIGNAL,EXIT
150,ALARK,SELL,2020-11-09,2020-11-09,6.073081970214844,6.069990120287216,1445,8771.135723815029,0.05091072280583897,5.220974683922277,0.0,143701.12818537862,152467.04293450972,271667.93677138,271658.24807355064,0,SIGNAL,EXIT
150,IZMDC,BUY,2020-11-10,2020-11-10,6.250392913818359,6.2538934946928775,2381,14890.52041086374,0.05600577312155641,8.863507821964587,0.0,152467.04293450972,137567.65901582403,275789.3805708017,275772.1821799175,0,SIGNAL,
150,FROTO,BUY,2020-11-10,2020-11-10,8.394647598266602,8.3989706217715,1280,10750.68239586752,0.05149737918470916,6.399289942728161,0.0,137567.65901582403,126810.57733001378,275772.1821799175,275760.24941988854,0,SIGNAL,
150,TSKB,BUY,2020-11-10,2020-11-10,2.031306266784668,2.032330059960812,5291,10753.058347252656,0.05040072946581037,6.400704215910407,0.0,126810.57733001378,116051.11827854521,275760.24941988854,275748.43182597763,0,SIGNAL,
150,AEFES,BUY,2020-11-10,2020-11-10,1.7625343799591064,1.7634326460499632,4691,8272.262542620378,0.050964457832469445,4.924022917182068,0.0,116051.11827854521,107773.93171300765,275748.43182597763,275739.2940368282,0,SIGNAL,
150,AGHOL,BUY,2020-11-10,2020-11-10,1.9759831428527832,1.976997725841381,4184,8271.758484920338,0.051345730972840065,4.923722879356407,0.0,107773.93171300765,99497.24950520796,275739.2940368282,275730.1252987246,0,SIGNAL,
150,AKSEN,BUY,2020-11-10,2020-11-10,3.3312501907348633,3.332943597555981,2481,8269.033065536389,0.05083397295788453,4.9221005870952075,0.0,99497.24950520796,91223.29433908447,275730.1252987246,275721.0018558143,0,SIGNAL,
150,AKBNK,BUY,2020-11-10,2020-11-10,4.396109580993652,4.398322916686641,1880,8268.847083370885,0.05034760058207169,4.921989882141103,0.0,91223.29433908447,82949.52526583144,275721.0018558143,275711.91879482934,0,SIGNAL,
150,AKFGY,BUY,2020-11-10,2020-11-10,0.7500209808349609,0.7504102970387715,11022,8271.02229396134,0.05190737509464079,4.923284665369017,0.0,82949.52526583144,74673.57968720474,275711.91879482934,275702.7044669656,0,SIGNAL,
150,ALBRK,BUY,2020-11-10,2020-11-10,1.320264220237732,1.320929328079666,6261,8270.338523106788,0.050376873942260904,4.922877654186701,0.0,74673.57968720474,66398.31828644377,275702.7044669656,275693.61734911305,0,SIGNAL,
151,IZMDC,SELL,2021-02-05,2021-02-05,3.95489501953125,3.952864931088809,2381,9411.771400922455,0.05133103236407585,5.602309867542086,0.0,66398.31828644377,75804.48737749868,369454.84728022915,369444.4113297801,0,SIGNAL,EXIT
152,FROTO,SELL,2021-02-05,2021-02-05,11.325196266174316,11.319324535463048,1280,14488.735405392701,0.05184661327950124,8.624347306382978,0.0,75804.48737749868,90284.598435585,369444.4113297801,369428.27116716333,0,SIGNAL,EXIT
153,OTKAR,SELL,2021-02-05,2021-02-05,72.2562255859375,72.21837942077404,200,14443.675884154809,0.05237772227452067,8.597525851663729,0.0,90284.598435585,104719.67679388814,369428.27116716333,369412.104408279,0,SIGNAL,EXIT
154,TSKB,SELL,2021-02-05,2021-02-05,1.731758713722229,1.730887709756085,5291,9158.126872319446,0.050295919358865175,5.451329230113789,0.0,104719.67679388814,113872.35233697746,369412.104408279,369402.044597064,0,SIGNAL,EXIT
155,AEFES,SELL,2021-02-05,2021-02-05,2.0928051471710205,2.091738994570555,4691,9812.347623530473,0.05094371073708275,5.840750861168396,0.0,113872.35233697746,123678.85920964676,369402.044597064,369391.20252435404,0,SIGNAL,EXIT
156,AGHOL,SELL,2021-02-05,2021-02-05,2.850801467895508,2.8493439590946945,4184,11921.655124852201,0.05112628210793993,7.096305604792649,0.0,123678.85920964676,135593.41802889417,369391.20252435404,369378.00800192665,0,SIGNAL,EXIT
157,AKSEN,SELL,2021-02-05,2021-02-05,5.218958377838135,5.216306461646894,2481,12941.656331345945,0.05081313164904908,7.703456222952017,0.0,135593.41802889417,148527.37090401715,369378.00800192665,369363.7251416332,0,SIGNAL,EXIT
158,AKBNK,SELL,2021-02-05,2021-02-05,5.143059253692627,5.140455575849551,1880,9664.056482597156,0.050625079639242634,5.752481300983544,0.0,148527.37090401715,158185.67490531332,369363.7251416332,369353.0777459872,0,SIGNAL,EXIT
159,AKFGY,SELL,2021-02-05,2021-02-05,0.8629869818687439,0.8625494798658027,11022,9507.020367080877,0.050696245961188505,5.659006338403056,0.0,158185.67490531332,167687.0362660558,369353.0777459872,369342.5965925724,0,SIGNAL,EXIT
160,ALBRK,SELL,2021-02-05,2021-02-05,1.6428288221359253,1.641999074383316,6261,10280.556204713941,0.05050725562085974,6.119449678074949,0.0,167687.0362660558,177961.47302109166,369342.5965925724,369331.28209221526,0,SIGNAL,EXIT
160,AKSEN,BUY,2021-02-08,2021-02-08,5.538203716278076,5.54101802771362,2028,11237.18456020322,0.05081632203728349,6.688877923538167,0.0,177961.47302109166,166717.5995829649,374683.75393730565,374671.35763579083,0,SIGNAL,
160,GOLTS,BUY,2021-02-08,2021-02-08,69.5982666015625,69.63619259784255,161,11211.427008252651,0.05449273111523753,6.673545869527349,0.0,166717.5995829649,155499.49902884272,374671.35763579083,374658.5780045202,0,SIGNAL,
160,GUBRF,BUY,2021-02-08,2021-02-08,67.0999984741211,67.13529611948357,167,11211.594451953757,0.05260453973944246,6.673645539553215,0.0,155499.49902884272,144281.23093134942,374658.5780045202,374646.00965220516,0,SIGNAL,
160,IZMDC,BUY,2021-02-08,2021-02-08,3.871925115585327,3.873923644530483,2901,11238.252492782933,0.051615898693688794,6.689513605066577,0.0,144281.23093134942,133036.2889249614,374646.00965220516,374633.52240613016,0,SIGNAL,
160,KONYA,BUY,2021-02-08,2021-02-08,1516.0,1517.1102876924933,7,10619.772013847454,0.07323797443888169,6.321366192382627,0.0,133036.2889249614,122410.19554492157,374633.52240613016,374619.4290260903,0,SIGNAL,
160,SNGYO,BUY,2021-02-08,2021-02-08,1.1067719459533691,1.1073338161113473,10149,11238.330899714063,0.050766570297734695,6.6895602764002975,0.0,122410.19554492157,111165.1750849311,374619.4290260903,374607.03704558057,0,SIGNAL,
160,AEFES,BUY,2021-02-08,2021-02-08,2.078090190887451,2.0791508058210058,5405,11237.810105462537,0.05103796448323588,6.689250276226048,0.0,111165.1750849311,99920.67572919234,374607.03704558057,374594.6151715885,0,SIGNAL,
160,AGHOL,BUY,2021-02-08,2021-02-08,2.816591739654541,2.818040072682541,3987,11235.525769785292,0.05142147538136911,6.687890536835846,0.0,99920.67572919234,88678.46206887021,374594.6151715885,374582.152777269,0,SIGNAL,
160,AKBNK,BUY,2021-02-08,2021-02-08,5.189743518829346,5.192370147552399,2164,11236.288999303391,0.05061191778599322,6.688344845390347,0.0,88678.46206887021,77435.48472472143,374582.152777269,374569.7804078669,0,SIGNAL,
161,AKSEN,SELL,2021-05-06,2021-05-06,5.709392547607422,5.706486416652138,2028,11572.754452970536,0.050900878351805325,6.888624224358447,0.0,77435.48472472143,89001.35055346761,332656.2375014038,332643.45524360216,0,SIGNAL,EXIT
162,ECILC,SELL,2021-05-06,2021-05-06,5.6437273025512695,5.640787766356539,1588,8957.570972974183,0.05208501469237259,5.3319493338080175,0.0,89001.35055346761,97953.58957710798,332643.45524360216,332633.4553107911,0,SIGNAL,EXIT
163,GOLTS,SELL,2021-05-06,2021-05-06,47.28818893432617,47.25917039079067,161,7608.726432917299,0.0613653095824805,4.529056365561857,0.0,97953.58957710798,105557.78695365971,332633.4553107911,332624.2542689163,0,SIGNAL,EXIT
164,GUBRF,SELL,2021-05-06,2021-05-06,60.0,59.967865219594195,167,10014.63349167223,0.05355796734301387,5.961160512750436,0.0,105557.78695365971,115566.4592848192,332624.2542689163,332612.9266000758,0,SIGNAL,EXIT
165,IZMDC,SELL,2021-05-06,2021-05-06,2.200000047683716,2.1988482691568083,2901,6378.858828823901,0.05235356827014557,3.7969838235632833,0.0,115566.4592848192,121941.52112981954,332612.9266000758,332605.7883067457,0,SIGNAL,EXIT
166,KONYA,SELL,2021-05-06,2021-05-06,913.0,912.221533752796,7,6385.550736269572,0.08526464920088112,3.8009671480107814,0.0,121941.52112981954,128323.27089894109,332605.7883067457,332596.5380758672,0,SIGNAL,EXIT
167,SNGYO,SELL,2021-05-06,2021-05-06,0.8295329809188843,0.8290953478861319,10149,8414.488685696353,0.05275655613686771,5.0086823177173265,0.0,128323.27089894109,136732.75090231973,332596.5380758672,332587.0878559001,0,SIGNAL,EXIT
168,AEFES,SELL,2021-05-06,2021-05-06,2.0192298889160156,2.018197534653999,5405,10908.357674804865,0.05112613812242642,6.493145364139222,0.0,136732.75090231973,147634.61543176047,332587.0878559001,332575.01483574975,0,SIGNAL,EXIT
169,AGHOL,SELL,2021-05-06,2021-05-06,2.2521328926086426,2.2509750624609435,3987,8974.637574031782,0.05141038308615001,5.342108142754548,0.0,147634.61543176047,156603.9108976495,332575.01483574975,332565.05645880813,0,SIGNAL,EXIT
170,AKBNK,SELL,2021-05-06,2021-05-06,3.9893980026245117,3.987383863982147,2164,8628.698681657366,0.05048728256843743,5.13618974676314,0.0,156603.9108976495,165227.4733895601,332565.05645880813,332555.56167303934,0,SIGNAL,EXIT
170,GOODY,BUY,2021-05-07,2021-05-07,1.3104443550109863,1.3111199201113752,13707,17971.52074496662,0.051552368309694285,10.697457865837658,0.0,165227.4733895601,147245.25518672765,332820.5261427702,332800.5687140733,0,SIGNAL,
170,HEKTS,BUY,2021-05-07,2021-05-07,2.737001895904541,2.73838654070845,6562,17969.292480128846,0.050589837222281955,10.696131502334294,0.0,147245.25518672765,129265.26657509647,332800.5687140733,332780.7865433677,0,SIGNAL,
170,AEFES,BUY,2021-05-07,2021-05-07,2.0110549926757812,2.012089286703097,4961,9981.974951334063,0.05143041990807119,5.941720679906844,0.0,129265.26657509647,119277.3499030825,332780.7865433677,332769.7136900183,0,SIGNAL,
170,AGHOL,BUY,2021-05-07,2021-05-07,2.2768397331237793,2.27800366996138,4382,9982.212081770767,0.05112071880456809,5.9418618306136395,0.0,119277.3499030825,109289.19595948112,332769.7136900183,332758.6714569653,0,SIGNAL,
170,AKSA,BUY,2021-05-07,2021-05-07,1.0596904754638672,1.0602263368883713,9415,9982.030961804016,0.05056773056960187,5.941754019859032,0.0,109289.19595948112,99301.22324365724,332758.6714569653,332747.6845676338,0,SIGNAL,
170,AKFGY,BUY,2021-05-07,2021-05-07,0.7463170289993286,0.7467161169349508,13368,9982.101051186422,0.05347431722912356,5.941795740213462,0.0,99301.22324365724,89313.1803967306,332747.6845676338,332736.40776437015,0,SIGNAL,
170,ALBRK,BUY,2021-05-07,2021-05-07,1.2152433395385742,1.2158596773948187,8209,9980.992091734066,0.050717237954861216,5.941135637644245,0.0,89313.1803967306,79326.24716935889,332736.40776437015,332725.4071112706,0,SIGNAL,
170,ARCLK,BUY,2021-05-07,2021-05-07,31.004140853881836,31.020344611329357,321,9957.530620236723,0.05226320420839348,5.927170314042808,0.0,79326.24716935889,69362.78937880813,332725.4071112706,332714.2785348159,0,SIGNAL,
170,ASELS,BUY,2021-05-07,2021-05-07,7.37721586227417,7.380951872091646,1352,9979.046931067905,0.050642544385618354,5.939977790483516,0.0,69362.78937880813,59377.80246994974,332714.2785348159,332703.2874717522,0,SIGNAL,
171,EGEEN,SELL,2021-08-13,2021-08-13,1231.7781982421875,1230.5985293567956,17,20920.174999065523,0.09576958636509081,12.452629567318757,0.0,59377.80246994974,80285.52483944794,323869.1504513431,323836.6434507241,0,SIGNAL,EXIT
172,GOODY,SELL,2021-08-13,2021-08-13,1.4086179733276367,1.407894508497034,13707,19298.010027968845,0.051359903416082986,11.487043979098315,0.0,80285.52483944794,99572.0478234377,323836.6434507241,323815.23987431196,0,SIGNAL,EXIT
173,HEKTS,SELL,2021-08-13,2021-08-13,2.2344610691070557,2.233310123200068,6562,14654.981028438846,0.05150888162253025,8.72330418227308,0.0,99572.0478234377,114218.30554769427,323815.23987431196,323798.964063088,0,SIGNAL,EXIT
174,AEFES,SELL,2021-08-13,2021-08-13,1.9675952196121216,1.9665906384620646,4961,9756.256157410302,0.05105629145891652,5.807362696417695,0.0,114218.30554769427,123968.75434240815,323798.964063088,323788.17297330615,0,SIGNAL,EXIT
175,AGHOL,SELL,2021-08-13,2021-08-13,2.2854321002960205,2.284254209629388,4382,10009.601946595978,0.051539079479980515,5.958165510701523,0.0,123968.75434240815,133972.39812349342,323788.17297330615,323777.05329089426,0,SIGNAL,EXIT
176,AKSA,SELL,2021-08-13,2021-08-13,1.199649691581726,1.199043920398143,9415,11288.998510548516,0.05049567284800002,6.719719918411451,0.0,133972.39812349342,145254.67691412353,323777.05329089426,323764.6302352824,0,SIGNAL,EXIT
177,AKFGY,SELL,2021-08-13,2021-08-13,0.7135890126228333,0.713217633022588,13368,9534.293318245956,0.052043906741245184,5.6752404262193155,0.0,145254.67691412353,154783.29499194326,323764.6302352824,323753.99039236014,0,SIGNAL,EXIT
178,ALBRK,SELL,2021-08-13,2021-08-13,1.1252257823944092,1.1246480288557612,8209,9232.235668876943,0.05134556528011424,5.495442120720656,0.0,154783.29499194326,164010.0352186995,323753.99039236014,323743.75217144063,0,SIGNAL,EXIT
179,ARCLK,SELL,2021-08-13,2021-08-13,31.287717819213867,31.271479634534042,321,10038.144962685428,0.051899549764706225,5.975155598313688,0.0,164010.0352186995,174042.2050257866,323743.75217144063,323732.5645585601,0,SIGNAL,EXIT
180,ASELS,SELL,2021-08-13,2021-08-13,7.578322887420654,7.574438616586846,1352,10240.641009625417,0.05125501897334205,6.095690357774482,0.0,174042.2050257866,184276.75034505423,323732.5645585601,323721.21733403497,0,SIGNAL,EXIT
180,SISE,BUY,2021-08-16,2021-08-16,7.961874485015869,7.965907591697636,2220,17684.314853568754,0.05065524066420779,10.526499995012532,0.0,184276.75034505423,166581.90899149046,327604.2892637282,327584.8092668997,0,SIGNAL,
180,SOKM,BUY,2021-08-16,2021-08-16,11.562987327575684,11.569169518890833,1529,17689.260194384085,0.05346534714612542,10.529443684406154,0.0,166581.90899149046,148882.11935342196,327584.8092668997,327564.8272526944,0,SIGNAL,
180,ALBRK,BUY,2021-08-16,2021-08-16,1.1327269077301025,1.1333076307328502,11272,12774.643613620688,0.051267697340348764,7.604042737789648,0.0,148882.11935342196,136099.8716970635,327564.8272526944,327550.67730026966,0,SIGNAL,
180,IZMDC,BUY,2021-08-16,2021-08-16,2.819999933242798,2.82143044558838,4527,12772.615627178595,0.050727389342061495,7.602835588999923,0.0,136099.8716970635,123319.65323429591,327550.67730026966,327536.5985352922,0,SIGNAL,
180,AKSEN,BUY,2021-08-16,2021-08-16,6.098038673400879,6.101197666013438,1610,9822.928242281636,0.051803420439743314,5.847048921576933,0.0,123319.65323429591,113490.8779430927,327536.5985352922,327525.66550826444,0,SIGNAL,
180,AKBNK,BUY,2021-08-16,2021-08-16,4.5000410079956055,4.502310636484346,2182,9824.041808808843,0.050435729023527144,5.847711766484421,0.0,113490.8779430927,103660.98842251737,327525.66550826444,327514.8654671355,0,SIGNAL,
180,ALARK,BUY,2021-08-16,2021-08-16,9.18477725982666,9.189620860512827,1069,9823.704699888212,0.05273509143604809,5.847511104084959,0.0,103660.98842251737,93831.43621152508,327514.8654671355,327503.84014689794,0,SIGNAL,
180,CIMSA,BUY,2021-08-16,2021-08-16,3.1847102642059326,3.1863535885377523,3083,9823.52811346189,0.05160043443479371,5.847405991897623,0.0,93831.43621152508,84002.0606920713,327503.84014689794,327492.92637199105,0,SIGNAL,
180,EGEEN,BUY,2021-08-16,2021-08-16,1240.179931640625,1241.3383963863819,7,8689.368774704673,0.09341102175588528,5.172303316299083,0.0,84002.0606920713,75307.51961405032,327492.92637199105,327479.64481545443,0,SIGNAL,
181,SISE,SELL,2021-11-12,2021-11-12,8.809666633605957,8.805211577561098,2220,19547.569702185636,0.05057008658948009,11.635593127377488,0.0,75307.51961405032,94843.45372310859,331145.5815888142,331124.0557712672,0,SIGNAL,EXIT
182,SOKM,SELL,2021-11-12,2021-11-12,13.08767318725586,13.080991890333532,1529,20000.83660031997,0.051050303799095066,11.905397982157462,0.0,94843.45372310859,114832.3849254464,331124.0557712672,331101.93467029085,0,SIGNAL,EXIT
183,ALBRK,SELL,2021-11-12,2021-11-12,1.515303611755371,1.5145355344846476,11272,17071.844544710948,0.05068801161462532,10.161930106016468,0.0,114832.3849254464,131894.06754005133,331101.93467029085,331083.1149731892,0,SIGNAL,EXIT
184,IZMDC,SELL,2021-11-12,2021-11-12,2.2799999713897705,2.278835657919746,4527,10316.28902340269,0.05106638090501428,6.140719459735335,0.0,131894.06754005133,142204.2158439943,331083.1149731892,331071.7034066507,0,SIGNAL,EXIT
185,AKSEN,SELL,2021-11-12,2021-11-12,6.569965839385986,6.566528877507472,1610,10572.11149278703,0.05231323818931936,6.292996505524015,0.0,142204.2158439943,152770.0343402758,331071.7034066507,331059.87690152077,0,SIGNAL,EXIT
186,AKBNK,SELL,2021-11-12,2021-11-12,5.058557510375977,5.055998542516984,2182,11032.188819772058,0.0505869084960277,6.566855234025217,0.0,152770.0343402758,163795.65630481383,331059.87690152077,331047.7263784184,0,SIGNAL,EXIT
187,ALARK,SELL,2021-11-12,2021-11-12,9.915810585021973,9.910621458566713,1069,10594.454339207816,0.05233184327963739,6.306295973141756,0.0,163795.65630481383,174383.80434804852,331047.7263784184,331035.8729062646,0,SIGNAL,EXIT
188,BRYAT,SELL,2021-11-12,2021-11-12,311.20391845703125,311.01433895014713,128,39809.83538561883,0.060918097633242296,23.696605464112682,0.0,174383.80434804852,214169.94312820325,331035.8729062646,330987.91012391937,0,SIGNAL,EXIT
189,CIMSA,SELL,2021-11-12,2021-11-12,3.596848726272583,3.5949765272059953,3083,11083.312633376083,0.05205109274995543,6.5972864284539465,0.0,214169.94312820325,225246.65847515088,330987.91012391937,330975.5408477686,0,SIGNAL,EXIT
190,EGEEN,SELL,2021-11-12,2021-11-12,1327.4639892578125,1326.5069407134984,7,9285.548584994489,0.07209600803177664,5.527176367475044,0.0,225246.65847515088,234526.6798837779,330975.5408477686,330963.3143315909,0,SIGNAL,EXIT
190,EGEEN,BUY,2021-11-15,2021-11-15,1412.4140625,1413.3277926600936,9,12719.950133940842,0.06469279684713095,7.571486717477616,0.0,234526.6798837779,221799.15826311958,334273.3448041079,334257.5497459496,0,SIGNAL,
190,KONTR,BUY,2021-11-15,2021-11-15,4.01297664642334,4.015050734476453,3246,13032.854684110567,0.051684528365301845,7.7577415864433945,0.0,221799.15826311958,208758.54583742257,334257.5497459496,334243.0595145428,0,SIGNAL,
190,PGSUS,BUY,2021-11-15,2021-11-15,20.746379852294922,20.75699968706673,628,13035.395803477908,0.051188857272530766,7.759254175041207,0.0,208758.54583742257,195715.39077976963,334243.0595145428,334228.63100413105,0,SIGNAL,
190,THYAO,BUY,2021-11-15,2021-11-15,17.202930450439453,17.211592373848866,757,13029.17542700359,0.05035144119410004,7.7555515270467525,0.0,195715.39077976963,182678.459801239,334228.63100413105,334214.31837658305,0,SIGNAL,
190,AEFES,BUY,2021-11-15,2021-11-15,2.207113027572632,2.208239243113802,4540,10025.40616373666,0.0510266364749091,5.967572891933428,0.0,182678.459801239,172647.0860646104,334214.31837658305,334203.23778513423,0,SIGNAL,
190,ALBRK,BUY,2021-11-15,2021-11-15,1.6053211688995361,1.6061326611382765,6242,10025.480070825122,0.05055014874666071,5.9676168847583,0.0,172647.0860646104,162615.63837690052,334203.23778513423,334192.20483369526,0,SIGNAL,
190,ANELE,BUY,2021-11-15,2021-11-15,2.3299999237060547,2.3312127306907753,4300,10024.214741970334,0.052051803623732545,5.9668637040841315,0.0,162615.63837690052,152585.4567712261,334192.20483369526,334181.0228999569,0,SIGNAL,
190,BIMAS,BUY,2021-11-15,2021-11-15,29.467058181762695,29.482150511907903,340,10023.931174048686,0.051217634458509055,5.966694911696609,0.0,152585.4567712261,142555.55890226574,334181.0228999569,334169.9248127958,0,SIGNAL,
190,CCOLA,BUY,2021-11-15,2021-11-15,90.36151123046875,90.41488101854385,110,9945.636912039823,0.05906252269173562,5.9200906437071446,0.0,142555.55890226574,132604.00189958222,334169.9248127958,334158.13404546387,0,SIGNAL,
190,FROTO,BUY,2021-11-15,2021-11-15,16.404165267944336,16.412526868782535,610,10011.641389957347,0.0509724250007304,5.959379479165161,0.0,132604.00189958222,122586.4011301457,334158.13404546387,334147.0740894734,0,SIGNAL,
191,EGEEN,SELL,2022-02-09,2022-02-09,1623.3895263671875,1622.0565603958541,9,14598.509043562688,0.08211005120356335,8.689689515635473,0.0,122586.4011301457,137176.22048419277,388179.7776481568,388159.0912648992,0,SIGNAL,EXIT
192,KONTR,SELL,2022-02-09,2022-02-09,7.201368808746338,7.19771481135182,3246,23363.782277648006,0.050740317452975525,13.907174581858587,0.0,137176.22048419277,160526.09558725893,388159.0912648992,388133.3232147747,0,SIGNAL,EXIT
193,PGSUS,SELL,2022-02-09,2022-02-09,22.076276779174805,22.064933421280106,628,13856.778188563907,0.05138256784949119,8.248177932851723,0.0,160526.09558725893,174374.62559788997,388133.3232147747,388117.951408084,0,SIGNAL,EXIT
194,THYAO,SELL,2022-02-09,2022-02-09,29.150224685668945,29.135533580023193,757,22055.59892007756,0.05039791563931531,13.128484979181568,0.0,174374.62559788997,196417.09603298834,388117.951408084,388093.70175613096,0,SIGNAL,EXIT
195,AEFES,SELL,2022-02-09,2022-02-09,2.6222777366638184,2.6209297011917236,4540,11899.020843410426,0.05140704408411933,7.082832661935838,0.0,196417.09603298834,208309.0340437368,388093.70175613096,388080.4988424257,0,SIGNAL,EXIT
196,ALBRK,SELL,2022-02-09,2022-02-09,1.3427685499191284,1.3420736744979231,6242,8377.223876216036,0.051749456095550456,4.9865006261982145,0.0,208309.0340437368,216681.27141932666,388080.4988424257,388071.17492942035,0,SIGNAL,EXIT
197,ANELE,SELL,2022-02-09,2022-02-09,2.2699999809265137,2.26880598106769,4300,9755.865718591067,0.05259911316546231,5.807130289662739,0.0,216681.27141932666,226431.33000762807,388071.17492942035,388060.23359973775,0,SIGNAL,EXIT
198,BIMAS,SELL,2022-02-09,2022-02-09,32.666133880615234,32.649334510168835,340,11100.773733457403,0.05142748299445926,6.607680060971852,0.0,226431.33000762807,237525.4960610245,388060.23359973775,388047.914133725,0,SIGNAL,EXIT
199,CCOLA,SELL,2022-02-09,2022-02-09,108.74092864990234,108.67753009620073,110,11954.52831058208,0.058302383921810044,7.115873204232431,0.0,237525.4960610245,249472.90849840234,388047.914133725,388033.8244196136,0,SIGNAL,EXIT
200,FROTO,SELL,2022-02-09,2022-02-09,18.852249145507812,18.84258682764902,610,11493.9779648659,0.0512528652905939,6.841732913696603,0.0,249472.90849840234,260960.04473035454,388033.8244196136,388021.08867280604,0,SIGNAL,EXIT
200,ANELE,BUY,2022-02-10,2022-02-10,2.25,2.251191965946597,9281,20893.312635950366,0.052976264293184576,12.436639879986274,0.0,260960.04473035454,240054.2954545242,386926.0015962613,386902.50232043094,0,SIGNAL,
200,BRSAN,BUY,2022-02-10,2022-02-10,26.799999237060547,26.815155413789924,779,20889.00606734235,0.05655289985389649,12.434076416555197,0.0,240054.2954545242,219152.8553107653,386902.50232043094,386878.2615823422,0,SIGNAL,
200,BRYAT,BUY,2022-02-10,2022-02-10,312.1446228027344,312.36355548425286,66,20615.99466196069,0.07013821976259133,12.271567742558789,0.0,219152.8553107653,198524.58908106206,386878.2615823422,386851.5404576194,0,SIGNAL,
200,AGHOL,BUY,2022-02-10,2022-02-10,3.498969793319702,3.5007791917313456,3315,11605.08302058941,0.051712318725876665,6.907867642590745,0.0,198524.58908106206,186912.59819283005,386851.5404576194,386838.6344342422,0,SIGNAL,
200,AKSEN,BUY,2022-02-10,2022-02-10,11.279983520507812,11.285864309778677,1028,11601.868510452481,0.052134732822719326,6.905954221504287,0.0,186912.59819283005,175303.82372815607,386838.6344342422,386825.68302865024,0,SIGNAL,
200,AKSA,BUY,2022-02-10,2022-02-10,2.048734426498413,2.04978010982433,5661,11603.805201715531,0.05104045270053699,6.907107027295161,0.0,175303.82372815607,163693.11141941324,386825.68302865024,386812.85630831495,0,SIGNAL,
200,AKBNK,BUY,2022-02-10,2022-02-10,6.414951801300049,6.418190434870899,1808,11604.088306246585,0.05048570388625913,6.907275543851749,0.0,163693.11141941324,152082.1158376228,386812.85630831495,386800.093583275,0,SIGNAL,
200,CIMSA,BUY,2022-02-10,2022-02-10,4.168848037719727,4.171029691046144,2782,11603.804600490372,0.052332282363819455,6.907106669418892,0.0,152082.1158376228,140471.40413046302,386800.093583275,386787.1171170515,0,SIGNAL,
201,ANELE,SELL,2022-05-12,2022-05-12,2.1700000762939453,2.1688653243317733,9281,20129.239075123187,0.05229271531225508,11.981828913271702,0.0,140471.40413046302,160588.66137667294,415077.1377841276,415054.6243222534,0,SIGNAL,EXIT
202,BRSAN,SELL,2022-05-12,2022-05-12,29.459999084472656,29.443621154566205,779,22936.580879407073,0.05559378959750603,13.652885085562662,0.0,160588.66137667294,183511.58937099445,415054.6243222534,415028.21302977076,0,SIGNAL,EXIT
203,BRYAT,SELL,2022-05-12,2022-05-12,333.7405700683594,333.50973475343227,66,22011.64249372653,0.06916609355579888,13.10232013617825,0.0,183511.58937099445,205510.1295445848,415028.21302977076,414999.87557884934,0,SIGNAL,EXIT
204,ECZYT,SELL,2022-05-12,2022-05-12,38.924251556396484,38.901764029503724,1062,41313.673399332954,0.057772535099814996,24.591757522585947,0.0,205510.1295445848,246799.21118639517,414999.87557884934,414951.40206776664,0,SIGNAL,EXIT
205,AGHOL,SELL,2022-05-12,2022-05-12,3.569791555404663,3.567945755301967,3315,11827.740178826021,0.05170610311689575,7.040403202745296,0.0,246799.21118639517,258619.91096201845,414951.40206776664,414938.24283722346,0,SIGNAL,EXIT
206,AKSEN,SELL,2022-05-12,2022-05-12,15.601354598999023,15.593277990075377,1028,16029.889773797488,0.05176863888578712,9.541711738404086,0.0,258619.91096201845,274640.2590240775,414938.24283722346,414920.39837151155,0,SIGNAL,EXIT
207,AKSA,SELL,2022-05-12,2022-05-12,3.2418882846832275,3.2402383053079533,5661,18342.989046348324,0.05089562718955559,10.91857251489361,0.0,274640.2590240775,292972.3294979109,414920.39837151155,414900.1392657532,0,SIGNAL,EXIT
208,AKBNK,SELL,2022-05-12,2022-05-12,6.814793109893799,6.8113594128621395,1808,12314.937818454748,0.05038593213746918,7.330405161746096,0.0,292972.3294979109,305279.9369112039,414900.1392657532,414886.6007363582,0,SIGNAL,EXIT
209,CIMSA,SELL,2022-05-12,2022-05-12,3.9200687408447266,3.918058622584112,2782,10900.039088029,0.05127762785560445,6.488193766953822,0.0,305279.9369112039,316173.48780546593,414886.6007363582,414874.5203935902,0,SIGNAL,EXIT
210,DOHOL,SELL,2022-05-12,2022-05-12,3.315548896789551,3.313879816424747,5530,18325.75538482885,0.05034099682318748,10.908314264042449,0.0,316173.48780546593,334488.33487603074,414874.5203935902,414854.3820649088,0,SIGNAL,EXIT
210,AEFES,BUY,2022-05-13,2022-05-13,2.6524391174316406,2.6537932466052734,4691,12448.944119825337,0.05105222452548863,7.410171742605433,0.0,334488.33487603074,322031.9805844628,415033.3987239302,415019.6363322341,0,SIGNAL,
210,AKFGY,BUY,2022-05-13,2022-05-13,1.4041969776153564,1.4049115006226043,8862,12450.325718517519,0.050884813073835716,7.41099413231896,0.0,322031.9805844628,309574.243871813,415019.6363322341,415005.89323521155,0,SIGNAL,
210,BERA,BUY,2022-05-13,2022-05-13,5.028758525848389,5.031347100477436,2474,12447.552726581178,0.05147542113511466,7.409343522733813,0.0,309574.243871813,297119.2818017091,415005.89323521155,414992.07975805656,0,SIGNAL,
210,CCOLA,BUY,2022-05-13,2022-05-13,117.66670989990234,117.7354800457528,105,12362.225404804043,0.058444861685133055,7.358552861082583,0.0,297119.2818017091,284749.69784404396,414992.07975805656,414977.50033988117,0,SIGNAL,
210,BRYAT,BUY,2022-05-13,2022-05-13,338.16156005859375,338.40458742772967,36,12182.565147398269,0.07186723680058446,7.2516109911630835,0.0,284749.69784404396,272559.88108565455,414977.50033988117,414961.49974360113,0,SIGNAL,
210,INDES,BUY,2022-05-13,2022-05-13,2.348358154296875,2.349567338303119,5298,12448.007758329923,0.051490612879100374,7.4096143781070944,0.0,272559.88108565455,260104.4637129465,414961.49974360113,414947.68387235794,0,SIGNAL,
210,ISGYO,BUY,2022-05-13,2022-05-13,13.752670288085938,13.75986713940124,904,12438.919894018722,0.052330574096124544,7.404204872315174,0.0,260104.4637129465,247658.1396140555,414947.68387235794,414933.77371389663,0,SIGNAL,
210,ISMEN,BUY,2022-05-13,2022-05-13,3.549180507659912,3.551027094612558,3505,12446.349966617016,0.052028544298057526,7.408627585878945,0.0,247658.1396140555,235204.3810198526,414933.77371389663,414919.8927990417,0,SIGNAL,
210,KARSN,BUY,2022-05-13,2022-05-13,5.329999923706055,5.332685457173069,2334,12446.487857041942,0.05038524400478578,7.408709664464931,0.0,235204.3810198526,222750.48445314617,414919.8927990417,414906.2160542652,0,SIGNAL,
211,AEFES,SELL,2022-08-15,2022-08-15,3.49672269821167,3.494944724857357,4691,16394.78570430586,0.05084685025844851,9.758914216559543,0.0,222750.48445314617,239135.51124323547,439764.2277099535,439746.1283227318,0,SIGNAL,EXIT
212,AKFGY,SELL,2022-08-15,2022-08-15,1.4191349744796753,1.418418896310456,8862,12570.028259103261,0.05045877820620014,7.48224647108992,0.0,239135.51124323547,251698.05725586764,439746.1283227318,439732.30019152514,0,SIGNAL,EXIT
213,BERA,SELL,2022-08-15,2022-08-15,8.507216453552246,8.50289816285273,2474,21036.170054897655,0.050760324755958264,12.521675044327555,0.0,251698.05725586764,272721.705635721,439732.30019152514,439709.0950652902,0,SIGNAL,EXIT
214,CCOLA,SELL,2022-08-15,2022-08-15,149.8821563720703,149.7933619038688,105,15728.302999906224,0.05924285475390017,9.362193719179182,0.0,272721.705635721,288440.64644190803,439709.0950652902,439690.4094524099,0,SIGNAL,EXIT
215,BRYAT,SELL,2022-08-15,2022-08-15,389.39288330078125,389.14280044505495,36,14009.140816021978,0.06422378693889862,8.338871025033,0.0,288440.64644190803,302441.44838690496,439690.4094524099,439673.0675985787,0,SIGNAL,EXIT
216,INDES,SELL,2022-08-15,2022-08-15,2.4486374855041504,2.4473856017521967,5298,12966.248918083138,0.05112572846592413,7.718094837244397,0.0,302441.44838690496,315399.97921015084,439673.0675985787,439658.7170236236,0,SIGNAL,EXIT
217,ISGYO,SELL,2022-08-15,2022-08-15,17.477142333984375,17.467877136905013,904,15790.960931762133,0.053013226660890915,9.39949053982675,0.0,315399.97921015084,331181.54065137316,439658.7170236236,439640.94179492403,0,SIGNAL,EXIT
218,ISMEN,SELL,2022-08-15,2022-08-15,4.575793266296387,4.573406346976066,3505,16029.789246151111,0.05216405509186195,9.541651899825219,0.0,331181.54065137316,347201.78824562446,439640.94179492403,439623.0339908065,0,SIGNAL,EXIT
219,KARSN,SELL,2022-08-15,2022-08-15,7.159999847412109,7.156362805811124,2334,16702.950788763163,0.050796671487359904,9.94234794225733,0.0,347201.78824562446,363894.79668644536,439623.0339908065,439604.60278776754,0,SIGNAL,EXIT
220,KRDMD,SELL,2022-08-15,2022-08-15,10.414257049560547,10.40898012464683,2765,28780.830044648483,0.050670200366722165,17.13164517992679,0.0,363894.79668644536,392658.4950859139,439604.60278776754,439572.8804452012,0,SIGNAL,EXIT
220,INDES,BUY,2022-08-16,2022-08-16,2.4593660831451416,2.460626733982211,9667,23786.878637406033,0.051259177952773884,14.159020574522755,0.0,392658.4950859139,368857.45742793335,440506.00943823555,440479.66370601906,0,SIGNAL,
220,OYAKC,BUY,2022-08-16,2022-08-16,3.478898286819458,3.4806546840112955,6833,23783.313455849184,0.050487167115277676,14.15689841802695,0.0,368857.45742793335,345059.9870736661,440479.66370601906,440453.5053455892,0,SIGNAL,
220,TCELL,BUY,2022-08-16,2022-08-16,15.605087280273438,15.61299608141545,1523,23778.59303199573,0.05068091578064785,14.1540886093303,0.0,345059.9870736661,321267.23995306104,440453.5053455892,440427.30615284055,0,SIGNAL,
220,VESBE,BUY,2022-08-16,2022-08-16,8.626873970031738,8.63130341856931,2755,23779.240918158448,0.05134476929832496,14.154474260329224,0.0,321267.23995306104,297473.84456064226,440427.30615284055,440400.9485478592,0,SIGNAL,
220,EKGYO,BUY,2022-08-16,2022-08-16,3.2407078742980957,3.24233557749465,5297,17174.651553989162,0.05022677944728898,10.223125464254279,0.0,297473.84456064226,280288.9698811888,440400.9485478592,440382.1034785628,0,SIGNAL,
220,MIATK,BUY,2022-08-16,2022-08-16,3.061537981033325,3.063115318581691,5607,17174.88759128754,0.05152108378657349,10.223265964275951,0.0,280288.9698811888,263103.859023937,440382.1034785628,440363.03608096484,0,SIGNAL,
220,AKBNK,BUY,2022-08-16,2022-08-16,8.718320846557617,8.72270635141924,1514,13206.177416048728,0.050302173306152935,7.860911076015925,0.0,263103.859023937,249889.82069681227,440363.03608096484,440348.5355155283,0,SIGNAL,
220,ARCLK,BUY,2022-08-16,2022-08-16,67.23725128173828,67.27259106151062,196,13185.427848056082,0.05255982226914982,7.8485599994161435,0.0,249889.82069681227,236696.54428875676,440348.5355155283,440333.76035869354,0,SIGNAL,
220,ASELS,BUY,2022-08-16,2022-08-16,11.90381145477295,11.909817970423862,1109,13207.988129200063,0.050458759984017734,7.861988893965692,0.0,236696.54428875676,223480.69417066273,440333.76035869354,440319.2371439427,0,SIGNAL,
220,BERA,BUY,2022-08-16,2022-08-16,8.362689018249512,8.366953629988377,1578,13203.052828121658,0.050995699224958696,7.8590511806752765,0.0,223480.69417066273,210269.7822913604,440319.2371439427,440304.6485354381,0,SIGNAL,
221,INDES,SELL,2022-11-11,2022-11-11,4.366245746612549,4.364000523383709,9667,42186.79305955031,0.05142228264594957,25.111477634732026,0.0,210269.7822913604,252431.463873276,587113.0550953823,587066.2390447943,0,SIGNAL,EXIT
222,OYAKC,SELL,2022-11-11,2022-11-11,4.283791542053223,4.281621227203038,6833,29256.31784547836,0.05066340947916925,17.414676915931764,0.0,252431.463873276,281670.3670418384,587066.2390447943,587033.994606507,0,SIGNAL,EXIT
223,TCELL,SELL,2022-11-11,2022-11-11,29.947864532470703,29.932730627840098,1523,45587.54874620047,0.05053416952049044,27.1357604534321,0.0,281670.3670418384,327230.78002758545,587033.994606507,586983.8099093012,0,SIGNAL,EXIT
224,VESBE,SELL,2022-11-11,2022-11-11,9.378277778625488,9.373501474417854,2755,25823.996562021188,0.050929438436138154,15.371604833560303,0.0,327230.78002758545,353039.4049847731,586983.8099093012,586955.2795863757,0,SIGNAL,EXIT
225,EKGYO,SELL,2022-11-11,2022-11-11,4.851907730102539,4.849472473859848,5297,25687.655694035613,0.0501917261860198,15.29044861359623,0.0,353039.4049847731,378711.7702301951,586955.2795863757,586927.0895854444,0,SIGNAL,EXIT
226,MIATK,SELL,2022-11-11,2022-11-11,8.300000190734863,8.295789330221567,5607,46514.49077455232,0.05073325803049222,27.687518061098398,0.0,378711.7702301951,425198.57348668633,586927.0895854444,586875.7917724854,0,SIGNAL,EXIT
227,AKBNK,SELL,2022-11-11,2022-11-11,12.344086647033691,12.337864204571868,1514,18679.52640572181,0.050408285681617794,11.118894695373879,0.0,425198.57348668633,443866.98099771276,586875.7917724854,586855.2520999028,0,SIGNAL,EXIT
228,ARCLK,SELL,2022-11-11,2022-11-11,77.65705871582031,77.6163457275506,196,15212.803762599917,0.05242664214042299,9.055345375668788,0.0,443866.98099771276,459070.729414937,586855.2520999028,586838.2170088263,0,SIGNAL,EXIT
229,ASELS,SELL,2022-11-11,2022-11-11,19.242183685302734,19.23250815186833,1109,21328.85154042198,0.050282928344530055,12.69589223517848,0.0,459070.729414937,480386.88506312383,586838.2170088263,586814.7909500124,0,SIGNAL,EXIT
230,BERA,SELL,2022-11-11,2022-11-11,13.984329223632812,13.977202731421066,1578,22056.02591018244,0.05096055804880777,13.128739142906548,0.0,480386.88506312383,502429.7822341634,586814.7909500124,586790.4166061593,0,SIGNAL,EXIT
230,ENKAI,BUY,2022-11-14,2022-11-14,19.157381057739258,19.16722014715592,1660,31817.585444278826,0.05135926140951145,18.939258647779752,0.0,502429.7822341634,470593.25753123674,589327.5933522893,589292.3212052098,0,SIGNAL,
230,KCHOL,BUY,2022-11-14,2022-11-14,54.818050384521484,54.845989877630046,580,31810.67412902543,0.05096768840295183,18.935144721931742,0.0,470593.25753123674,438763.6482574894,589292.3212052098,589257.1811544849,0,SIGNAL,
230,KRDMD,BUY,2022-11-14,2022-11-14,12.508637428283691,12.514942257162563,2542,31812.983217707235,0.050403802292774115,18.93651919542414,0.0,438763.6482574894,406931.72852058674,589257.1811544849,589222.2177602794,0,SIGNAL,
230,OTKAR,BUY,2022-11-14,2022-11-14,144.0,144.0781685086625,220,31697.197071905746,0.0542836865711729,18.86759807106654,0.0,406931.72852058674,375215.6638506099,589222.2177602794,589186.1530903026,0,SIGNAL,
230,GSDHO,BUY,2022-11-14,2022-11-14,2.9759998321533203,2.977506766933619,7717,22977.419720426737,0.05063625219387925,13.677194201485413,0.0,375215.6638506099,352224.5669359817,589186.1530903026,589160.8468804015,0,SIGNAL,
230,THYAO,BUY,2022-11-14,2022-11-14,107.16419219970703,107.2183666468678,214,22944.73046242971,0.050552750922440916,13.657736084108972,0.0,352224.5669359817,329266.17873746785,589160.8468804015,589135.595812625,0,SIGNAL,
230,AEFES,BUY,2022-11-14,2022-11-14,5.155303955078125,5.1579223689222236,3426,17671.042035927538,0.050790678239623833,10.518599416675688,0.0,329266.17873746785,311584.6181021236,589135.595812625,589116.1065273784,0,SIGNAL,
230,AGHOL,BUY,2022-11-14,2022-11-14,9.00169563293457,9.006305887238993,1962,17670.372150762905,0.051215398658397596,10.518200670880868,0.0,311584.6181021236,293903.72775068984,589116.1065273784,589096.5430077623,0,SIGNAL,
230,AKSEN,BUY,2022-11-14,2022-11-14,45.50764465332031,45.53096739605866,388,17666.015349670757,0.05125016448558592,10.51560730681477,0.0,293903.72775068984,276227.19679371227,589096.5430077623,589076.9781762729,0,SIGNAL,
231,EREGL,SELL,2023-02-08,2023-02-08,17.205585479736328,17.11180234605528,1203,20585.498222304504,0.5450737714883371,12.253414889335644,0.0,276227.19679371227,296800.44160112744,567774.1429854999,567649.0684607923,0,SIGNAL,EXIT
232,ENKAI,SELL,2023-02-08,2023-02-08,20.303695678710938,20.22933790760794,1660,33580.70092662918,0.366227766016838,19.988744323071383,0.0,296800.44160112744,330361.15378343355,567649.0684607923,567505.6458164384,0,SIGNAL,EXIT
233,KCHOL,SELL,2023-02-08,2023-02-08,57.246700286865234,57.18945358657837,580,33169.883080215455,0.1,19.744207054082846,0.0,330361.15378343355,363511.2926565949,567505.6458164384,567452.6985232178,0,SIGNAL,EXIT
234,KRDMD,SELL,2023-02-08,2023-02-08,14.187049865722656,14.163830527952781,2542,36004.45720205597,0.16366572324507891,21.43147312723781,0.0,363511.2926565949,399494.3183855236,567452.6985232178,567372.2434934796,0,SIGNAL,EXIT
235,OTKAR,SELL,2023-02-08,2023-02-08,165.10684204101562,162.41372022935886,220,35731.01845045895,1.6311388300841898,21.26871007754343,0.0,399494.3183855236,435204.068125905,567372.2434934796,566758.4879848375,0,SIGNAL,EXIT
236,GSDHO,SELL,2023-02-08,2023-02-08,2.515894651412964,2.510862673403886,7717,19376.32725065779,0.2000075005625469,11.533661914317795,0.0,435204.068125905,454568.8617146485,566758.4879848375,566708.1225486272,0,SIGNAL,EXIT
237,THYAO,SELL,2023-02-08,2023-02-08,112.34168243408203,112.17316991043091,214,24005.058360832216,0.15000000000000002,14.288890963993572,0.0,454568.8617146485,478559.6311845167,566708.1225486272,566657.7719776018,0,SIGNAL,EXIT
238,AEFES,SELL,2023-02-08,2023-02-08,4.243320465087891,4.232312148050665,3426,14499.90141922158,0.25942695414584777,8.63099382028455,0.0,478559.6311845167,493050.901609918,566657.7719776018,566611.426489612,0,SIGNAL,EXIT
239,AGHOL,SELL,2023-02-08,2023-02-08,6.915113925933838,6.862759129473818,1962,13464.73341202763,0.7571067811865476,8.014815239842386,0.0,493050.901609918,506507.62020670576,566611.426489612,566500.6915637176,0,SIGNAL,EXIT
240,AKSEN,SELL,2023-02-08,2023-02-08,27.844860076904297,27.262556820635762,388,10577.872046406676,2.0912414523193155,6.296425446263341,0.0,506507.62020670576,517079.19582766615,566500.6915637176,566268.4614748391,0,SIGNAL,EXIT
240,GENIL,BUY,2023-02-15,2023-02-15,3.3557801246643066,3.357479000974195,5132,17230.582232999568,0.050625376120497695,10.256417921281828,0.0,517079.19582766615,499838.3571767453,574429.8523942861,574410.8773431424,0,SIGNAL,
240,AKBNK,BUY,2023-02-15,2023-02-15,13.324690818786621,13.331438514799965,1292,17224.218561121554,0.050640544723411465,10.252629977414799,0.0,499838.3571767453,482603.88598564634,574410.8773431424,574391.9066899158,0,SIGNAL,
240,ALARK,BUY,2023-02-15,2023-02-15,64.13362121582031,64.16722005708186,268,17196.81497529794,0.05238881046257965,10.236318129971222,0.0,482603.88598564634,465396.83469221846,574391.9066899158,574372.6658823277,0,SIGNAL,
240,ALBRK,BUY,2023-02-15,2023-02-15,3.277798652648926,3.279450195045136,5254,17230.231324767145,0.050385718319678335,10.256209044911019,0.0,465396.83469221846,448156.3471584064,574372.6658823277,574353.7324695331,0,SIGNAL,
240,ARCLK,BUY,2023-02-15,2023-02-15,102.5269775390625,102.58225072381401,167,17131.23587087694,0.05391086919581696,10.197282495960144,0.0,448156.3471584064,431014.9140050335,574353.7324695331,574334.3045651836,0,SIGNAL,
240,ASELS,BUY,2023-02-15,2023-02-15,28.960735321044922,28.97536472013663,594,17211.366643761157,0.05051459822940294,10.24497993786561,0.0,431014.9140050335,413793.3023813345,574334.3045651836,574315.3697221853,0,SIGNAL,
240,BIMAS,BUY,2023-02-15,2023-02-15,61.46412658691406,61.49580270753314,280,17218.82475810928,0.051535948492301614,10.24941934314076,0.0,413793.3023813345,396564.22820388206,574315.3697221853,574296.2509890688,0,SIGNAL,
240,BTCIM,BUY,2023-02-15,2023-02-15,1.153548002243042,1.154128987870158,14928,17228.837530925717,0.050365101927817284,10.255379396095877,0.0,396564.22820388206,379325.1352935602,574296.2509890688,574277.3226562311,0,SIGNAL,
240,BRSAN,BUY,2023-02-15,2023-02-15,67.0999984741211,67.13824128125509,256,17187.389768001303,0.05699375261350027,10.230707822453935,0.0,379325.1352935602,362127.51481773646,574277.3226562311,574257.3017897824,0,SIGNAL,
240,CCOLA,BUY,2023-02-15,2023-02-15,183.43499755859375,183.5421939056496,93,17069.424033225412,0.05843832882633263,10.160489308657262,0.0,362127.51481773646,345047.9302952024,574257.3017897824,574237.1720401975,0,SIGNAL,
241,GENIL,SELL,2023-05-16,2023-05-16,2.4901530742645264,2.4888677509073833,5132,12772.86929765669,0.051616238793777726,7.602986585083657,0.0,345047.9302952024,357813.196606274,594379.0960066053,594364.8967405513,0,SIGNAL,EXIT
242,AKBNK,SELL,2023-05-16,2023-05-16,14.323769569396973,14.316570459755331,1292,18497.009034003888,0.050259881707545806,11.010252142445644,0.0,357813.196606274,376299.19538813544,594364.8967405513,594344.585238752,0,SIGNAL,EXIT
243,ALARK,SELL,2023-05-16,2023-05-16,55.15397644042969,55.125434855500906,268,14773.616541274243,0.0517489159818072,8.793921378110788,0.0,376299.19538813544,391064.0180080316,594344.585238752,594328.142172613,0,SIGNAL,EXIT
244,ALBRK,SELL,2023-05-16,2023-05-16,2.2576191425323486,2.2564746898085657,5254,11855.518020254203,0.050692904849271,7.056937823966213,0.0,391064.0180080316,402912.47909046186,594328.142172613,594315.0722801782,0,SIGNAL,EXIT
245,ARCLK,SELL,2023-05-16,2023-05-16,91.56651306152344,91.51882910771405,167,15283.644460988247,0.052075755879604585,9.097512947180949,0.0,402912.47909046186,418187.0260385029,594315.0722801782,594298.0115469449,0,SIGNAL,EXIT
246,ASELS,SELL,2023-05-16,2023-05-16,21.277679443359375,21.266930612182076,594,12632.556783636153,0.050516933511997014,7.519466262675503,0.0,418187.0260385029,430812.0633558764,594298.0115469449,594284.1072749628,0,SIGNAL,EXIT
247,BIMAS,SELL,2023-05-16,2023-05-16,70.73030853271484,70.69447315905154,280,19794.45248453443,0.05066480608766201,11.782548869156697,0.0,430812.0633558764,450594.7332915417,594284.1072749628,594262.290821468,0,SIGNAL,EXIT
248,BTCIM,SELL,2023-05-16,2023-05-16,1.1612900495529175,1.1606920374548846,14928,17326.810735126517,0.051495498326460366,10.313697456030383,0.0,450594.7332915417,467911.23032921215,594262.290821468,594243.0499994125,0,SIGNAL,EXIT
249,BRSAN,SELL,2023-05-16,2023-05-16,152.5,152.41917674993945,256,39019.3092479845,0.05299885249871553,23.226048733316535,0.0,467911.23032921215,506907.31352846336,594243.0499994125,594199.1331986637,0,SIGNAL,EXIT
250,CCOLA,SELL,2023-05-16,2023-05-16,228.33233642578125,228.2115112549115,93,21223.67054670677,0.05291636426144711,12.633283774574474,0.0,506907.31352846336,528118.3507913955,594199.1331986637,594175.2631739982,0,SIGNAL,EXIT
250,AGHOL,BUY,2023-05-17,2023-05-17,9.290830612182617,9.29567791259357,3458,32144.454221748565,0.052172950011555336,19.133825653224726,0.0,528118.3507913955,495954.7627439937,595268.732940615,595232.8371501407,0,SIGNAL,
250,AKBNK,BUY,2023-05-17,2023-05-17,14.151193618774414,14.158319443169233,2270,32139.38513599416,0.05035493532761092,19.13080830527484,0.0,495954.7627439937,463796.24679969426,595232.8371501407,595197.5307204592,0,SIGNAL,
250,BIMAS,BUY,2023-05-17,2023-05-17,68.30899810791016,68.3438747766836,470,32121.621145041296,0.05105721023511697,19.120234378480106,0.0,463796.24679969426,431655.5054202745,595197.5307204592,595162.0184517573,0,SIGNAL,
250,DOHOL,BUY,2023-05-17,2023-05-17,7.87262487411499,7.876603579002377,4080,32136.542602329697,0.050538479236685,19.12911630132374,0.0,431655.5054202745,399499.8337016435,595162.0184517573,595126.6562195154,0,SIGNAL,
250,KCHOL,BUY,2023-05-17,2023-05-17,71.92485046386719,71.9613416503093,446,32094.758376037946,0.05073515788598964,19.10424444954471,0.0,399499.8337016435,367385.97108115605,595126.6562195154,595091.2769059127,0,SIGNAL,
250,SAHOL,BUY,2023-05-17,2023-05-17,35.226749420166016,35.24467335733764,911,32107.89742853459,0.05088160976148685,19.11206540484807,0.0,367385.97108115605,335258.9615872166,595091.2769059127,595055.8361337445,0,SIGNAL,
250,TSKB,BUY,2023-05-17,2023-05-17,3.7684922218322754,3.770400649995991,8522,32131.354339265832,0.05064169039965155,19.12602801367629,0.0,335258.9615872166,303108.4812199371,595055.8361337445,595020.4464809196,0,SIGNAL,
250,YKBNK,BUY,2023-05-17,2023-05-17,8.970492362976074,8.975003112231038,3580,32130.511141787116,0.050284299595191234,19.12552610459307,0.0,303108.4812199371,270958.8445520454,595020.4464809196,594985.1724724823,0,SIGNAL,
250,AEFES,BUY,2023-05-17,2023-05-17,5.854648590087891,5.857610720041183,3961,23201.996062083126,0.05059449611215962,13.81087214597467,0.0,270958.8445520454,247743.0376178163,594985.1724724823,594959.6286035914,0,SIGNAL,
251,AGHOL,SELL,2023-08-17,2023-08-17,21.091623306274414,21.080867181626132,3458,72897.63871406317,0.05099713991707079,43.391954956352535,0.0,247743.0376178163,320597.2843769231,872225.8728567499,872145.2862227598,0,SIGNAL,EXIT
252,AKBNK,SELL,2023-08-17,2023-08-17,27.394094467163086,27.38027626122962,2270,62153.22711299124,0.05044228036092594,36.99639767287247,0.0,320597.2843769231,382713.51509224146,872145.2862227598,872076.9224976179,0,SIGNAL,EXIT
253,BIMAS,SELL,2023-08-17,2023-08-17,119.01164245605469,118.95044270149891,470,55906.70806970449,0.05142333413167725,33.27818844495125,0.0,382713.51509224146,438586.944973501,872076.9224976179,872014.8804245318,0,SIGNAL,EXIT
254,DOHOL,SELL,2023-08-17,2023-08-17,12.597467422485352,12.591101335834338,4080,51371.6934502041,0.05053465460566471,30.578743667766737,0.0,438586.944973501,489928.0596800374,872014.8804245318,871958.3280473279,0,SIGNAL,EXIT
255,ISCTR,SELL,2023-08-17,2023-08-17,6.340722560882568,6.3375383379588115,4525,28677.360979263623,0.05021861299217178,17.070055736101775,0.0,489928.0596800374,518588.3506035649,871958.3280473279,871926.8493828618,0,SIGNAL,EXIT
256,KCHOL,SELL,2023-08-17,2023-08-17,121.05723571777344,120.9952166747413,446,53963.86663693462,0.05123117396858973,32.12172179630215,0.0,518588.3506035649,572520.0955187032,871926.8493828618,871867.0671678731,0,SIGNAL,EXIT
257,SAHOL,SELL,2023-08-17,2023-08-17,56.04672622680664,56.018186329049065,911,51032.5677457637,0.050921614301030795,30.37688078782712,0.0,572520.0955187032,623522.2863836791,871867.0671678731,871810.6904402282,0,SIGNAL,EXIT
258,TSKB,SELL,2023-08-17,2023-08-17,6.563854694366455,6.560529652296684,8522,55908.83369687234,0.0506568506555308,33.27945371389478,0.0,623522.2863836791,679397.8406268376,871810.6904402282,871749.0749779957,0,SIGNAL,EXIT
259,YKBNK,SELL,2023-08-17,2023-08-17,16.01462745666504,16.006572638345805,3580,57303.530045277985,0.05029663250692651,34.109639741801494,0.0,679397.8406268376,736667.2610323738,871749.0749779957,871686.1290886711,0,SIGNAL,EXIT
260,AEFES,SELL,2023-08-17,2023-08-17,10.586397171020508,10.581012413732113,3961,41911.390170792896,0.05086487122488212,24.947545442213617,0.0,736667.2610323738,778553.7036577244,871686.1290886711,871639.8525196095,0,SIGNAL,EXIT
260,ALBRK,BUY,2023-08-18,2023-08-18,3.7312116622924805,3.7330983547158367,12550,46850.38435168375,0.050565140606283435,27.887457033417995,0.0,778553.7036577244,731675.4318490073,867606.1886716862,867554.6232247397,0,SIGNAL,
260,KCHOL,BUY,2023-08-18,2023-08-18,119.7269287109375,119.78797652356775,391,46837.09882071499,0.05098920793135312,27.879548887536494,0.0,731675.4318490073,684810.4534794048,867554.6232247397,867502.8739811138,0,SIGNAL,
260,AKBNK,BUY,2023-08-18,2023-08-18,26.03165626525879,26.044790029907176,1299,33832.18224884942,0.05045305037280913,20.138437322716374,0.0,684810.4534794048,650958.1327932327,867502.8739811138,867465.6747835128,0,SIGNAL,
260,BIMAS,BUY,2023-08-18,2023-08-18,110.76331329345703,110.81977456202607,305,33800.03124141795,0.05097470172226529,20.11929959629782,0.0,650958.1327932327,617137.9822522184,867465.6747835128,867428.334797003,0,SIGNAL,
260,ECZYT,BUY,2023-08-18,2023-08-18,200.5325164794922,200.6412161745843,168,33707.72431733016,0.054205520880309194,20.064354361269192,0.0,617137.9822522184,583410.193580527,867428.334797003,867390.0088938662,0,SIGNAL,
260,GARAN,BUY,2023-08-18,2023-08-18,44.8989143371582,44.92166455676726,753,33826.013411245745,0.05066986573044274,20.134765352976977,0.0,583410.193580527,549564.0454039283,867390.0088938662,867352.7432131476,0,SIGNAL,
260,GOLTS,BUY,2023-08-18,2023-08-18,176.39112854003906,176.48809569288736,191,33709.226277341484,0.05497280597435006,20.06524839545613,0.0,549564.0454039283,515834.75387819135,867352.7432131476,867314.1572385582,0,SIGNAL,
260,ISCTR,BUY,2023-08-18,2023-08-18,6.119662761688232,6.122736822150182,5524,33821.998205557604,0.05023251413778849,20.132375321867137,0.0,515834.75387819135,481992.6232973119,867314.1572385582,867277.0437532444,0,SIGNAL,
260,PGSUS,BUY,2023-08-18,2023-08-18,184.1190185546875,184.21395842466438,183,33711.15439171358,0.05156440150624473,20.06639609589555,0.0,481992.6232973119,448261.4025095024,867277.0437532444,867239.6033609428,0,SIGNAL,
260,SKBNK,BUY,2023-08-18,2023-08-18,3.9236574172973633,3.925628374076294,8615,33819.288442667275,0.0502326418774975,20.130762349055484,0.0,448261.4025095024,414421.9833044861,867239.6033609428,867202.4928059434,0,SIGNAL,
261,ALBRK,SELL,2023-11-15,2023-11-15,3.778442144393921,3.7765169915299075,12550,47395.28824370034,0.05095096842675875,28.211808350621407,0.0,414421.9833044861,461789.0597398358,935446.069248185,935393.696771391,0,SIGNAL,EXIT
262,KCHOL,SELL,2023-11-15,2023-11-15,123.89519500732422,123.83152659369594,391,48418.12689813511,0.051388928864037176,28.820647945480435,0.0,461789.0597398358,510178.3659900254,935393.696771391,935339.9817737169,0,SIGNAL,EXIT
263,AKBNK,SELL,2023-11-15,2023-11-15,25.97715950012207,25.964014654054612,1299,33727.25503561694,0.05060155275021161,20.075979923675803,0.0,510178.3659900254,543885.5450457187,935339.9817737169,935302.8306387515,0,SIGNAL,EXIT
264,BIMAS,SELL,2023-11-15,2023-11-15,136.80445861816406,136.7331917674227,305,41703.623489063924,0.052093953268192064,24.823873363747854,0.0,543885.5450457187,585564.3446614188,935302.8306387515,935256.2703759116,0,SIGNAL,EXIT
265,ECZYT,SELL,2023-11-15,2023-11-15,275.7205505371094,275.57178394604125,168,46296.05970293493,0.05395556870111398,27.557498057873502,0.0,585564.3446614188,631832.8468662959,935256.2703759116,935203.7200905543,0,SIGNAL,EXIT
266,GARAN,SELL,2023-11-15,2023-11-15,40.954193115234375,40.933348068824706,753,30822.811095825004,0.05089844244035028,18.347124190734352,0.0,631832.8468662959,662637.3108379302,935203.7200905543,935169.6766464171,0,SIGNAL,EXIT
267,GOLTS,SELL,2023-11-15,2023-11-15,274.9320983886719,274.768581960741,191,52480.79915450153,0.059475204564768375,31.238933292721264,0.0,662637.3108379302,715086.871059139,935169.6766464171,935107.2060753896,0,SIGNAL,EXIT
268,ISCTR,SELL,2023-11-15,2023-11-15,7.412861347198486,7.409133865214788,5524,40928.05547144649,0.050283983594368586,24.362220379101167,0.0,715086.871059139,755990.5643102064,935107.2060753896,935062.2532445326,0,SIGNAL,EXIT
269,PGSUS,SELL,2023-11-15,2023-11-15,143.21958923339844,143.1452085961425,183,26195.57317309408,0.05193468131982657,15.592783953418385,0.0,755990.5643102064,782170.5446993471,935062.2532445326,935033.0488039614,0,SIGNAL,EXIT
270,SKBNK,SELL,2023-11-15,2023-11-15,6.890801429748535,6.887322388498945,8615,59334.28237691841,0.05048819480664466,35.318434913448804,0.0,782170.5446993471,841469.5086413521,935033.0488039614,934967.7584286827,0,SIGNAL,EXIT
270,KARSN,BUY,2023-11-16,2023-11-16,9.550000190734863,9.55490703113424,5292,50564.5680087624,0.051380526715990915,30.098306284375774,0.0,841469.5086413521,790874.8423263053,936496.1979027885,936440.1325971107,0,SIGNAL,
270,NTHOL,BUY,2023-11-16,2023-11-16,19.950000762939453,19.960841631480967,2533,50560.811852541294,0.0543401911124402,30.096070451165946,0.0,790874.8423263053,740283.9344033129,936440.1325971107,936382.5766066439,0,SIGNAL,
270,TCELL,BUY,2023-11-16,2023-11-16,50.218013763427734,50.24368654324913,1006,50545.148662508625,0.05112265081280466,30.086747015614947,0.0,740283.9344033129,689708.6989937886,936382.5766066439,936326.6630431279,0,SIGNAL,
270,TTKOM,BUY,2023-11-16,2023-11-16,21.860000610351562,21.871124136006827,2311,50544.167878311775,0.050885294348974514,30.086163208725697,0.0,689708.6989937886,639134.444952268,936326.6630431279,936270.8704121298,0,SIGNAL,
270,AEFES,BUY,2023-11-16,2023-11-16,10.744086265563965,10.74957779259564,2612,28077.89719425981,0.05111208990637726,16.713227915397184,0.0,639134.444952268,611039.8345300928,936270.8704121298,936239.8133156076,0,SIGNAL,
270,AGHOL,BUY,2023-11-16,2023-11-16,20.128936767578125,20.139462923881798,1394,28074.411315891226,0.05229365279058588,16.711152963727674,0.0,611039.8345300928,582948.7120612378,936239.8133156076,936208.4287007565,0,SIGNAL,
270,ALARK,BUY,2023-11-16,2023-11-16,100.25784301757812,100.310212500332,279,27986.54928759263,0.05223479897197898,16.658853530693072,0.0,582948.7120612378,554945.5039201145,936208.4287007565,936177.1587615375,0,SIGNAL,
270,ANELE,BUY,2023-11-16,2023-11-16,9.699999809265137,9.705297375659248,2893,28077.425307782203,0.05461408761110488,16.712947027330816,0.0,554945.5039201145,526851.3656653049,936177.1587615375,936145.119954932,0,SIGNAL,
270,ARCLK,BUY,2023-11-16,2023-11-16,138.6999969482422,138.77360106832936,202,28032.26741580253,0.05306713893773102,16.686067017919378,0.0,526851.3656653049,498802.4121824845,936145.119954932,936113.5658556565,0,SIGNAL,
270,ASELS,BUY,2023-11-16,2023-11-16,41.540245056152344,41.561355338338316,675,28053.914853378363,0.05081886772078495,16.698952546899203,0.0,498802.4121824845,470731.7983765593,936113.5658556565,936082.6174626341,0,SIGNAL,
271,KARSN,SELL,2024-02-13,2024-02-13,9.979999542236328,9.974901962216173,5292,52787.181184047986,0.05107795845663578,31.421305663898647,0.0,470731.7983765593,523487.55825494335,1059135.9745059004,1059077.5768067697,0,SIGNAL,EXIT
272,NTHOL,SELL,2024-02-13,2024-02-13,27.6200008392334,27.605379869628717,2533,69924.42720976954,0.05293616640269044,41.62216567447927,0.0,523487.55825494335,593370.3632990384,1059077.5768067697,1058998.9197250865,0,SIGNAL,EXIT
273,TCELL,SELL,2024-02-13,2024-02-13,63.67546081542969,63.6430399478764,1006,64024.89818756366,0.050915795721153324,38.110500521656334,0.0,593370.3632990384,657357.1509860804,1058998.9197250865,1058928.1938318065,0,SIGNAL,EXIT
274,TTKOM,SELL,2024-02-13,2024-02-13,32.540000915527344,32.52343699287802,2311,75161.6628905411,0.05090326423876579,44.739604027280144,0.0,657357.1509860804,732474.0742725942,1058928.1938318065,1058845.1750025365,0,SIGNAL,EXIT
275,AEFES,SELL,2024-02-13,2024-02-13,15.304245948791504,15.296450476977768,2612,39954.32864586593,0.05093666058308635,23.782614354808466,0.0,732474.0742725942,772404.6203041053,1058845.1750025365,1058801.0306158043,0,SIGNAL,EXIT
276,AGHOL,SELL,2024-02-13,2024-02-13,24.674962997436523,24.662240116584098,1394,34379.16272251823,0.05156190448491289,20.464024714765365,0.0,772404.6203041053,806763.3190019088,1058801.0306158043,1058762.8308951813,0,SIGNAL,EXIT
277,ALARK,SELL,2024-02-13,2024-02-13,110.96874237060547,110.91086028161749,279,30944.13001857128,0.052160714586340265,18.419338672904463,0.0,806763.3190019088,837689.0296818072,1058762.8308951813,1058728.2624536806,0,SIGNAL,EXIT
278,ANELE,SELL,2024-02-13,2024-02-13,14.199999809265137,14.192320810647189,2893,41058.38410520232,0.05407745578234138,24.439797846701158,0.0,837689.0296818072,878722.9739891628,1058728.2624536806,1058681.6073128323,0,SIGNAL,EXIT
279,ARCLK,SELL,2024-02-13,2024-02-13,156.60000610351562,156.51767048746132,202,31616.569438467184,0.052577019696844786,18.819604875400398,0.0,878722.9739891628,910320.7238227546,1058681.6073128323,1058646.1559135139,0,SIGNAL,EXIT
280,ASELS,SELL,2024-02-13,2024-02-13,54.790470123291016,54.76279819777082,675,36964.888783495306,0.05050499741638731,22.003165223931664,0.0,910320.7238227546,947263.609441026,1058646.1559135139,1058605.474198564,0,SIGNAL,EXIT
280,AKSA,BUY,2024-02-14,2024-02-14,7.084739685058594,7.0883827456346795,8085,57309.574498456386,0.05142123406128568,34.11323767233367,0.0,947263.609441026,889919.9217048973,1061309.2619335493,1061245.694551119,0,SIGNAL,
280,ECZYT,BUY,2024-02-14,2024-02-14,268.029296875,268.1752800036088,213,57121.33464076868,0.054465362671490394,34.00118883824435,0.0,889919.9217048973,832764.5858752904,1061245.694551119,1061180.5989558874,0,SIGNAL,
280,IZMDC,BUY,2024-02-14,2024-02-14,6.460000038146973,6.463303364240637,8866,57303.64762735748,0.05113507854731665,34.1097097319464,0.0,832764.5858752904,775426.828538201,1061180.5989558874,1061117.201957009,0,SIGNAL,
280,ALARK,BUY,2024-02-14,2024-02-14,110.19678497314453,110.2542596642639,375,41345.347374098965,0.05215641375867716,24.610611297695538,0.0,775426.828538201,734056.8705528044,1061117.201957009,1061071.0383365415,0,SIGNAL,
280,INDES,BUY,2024-02-14,2024-02-14,8.145480155944824,8.14965023999422,5077,41375.77426845065,0.051195067320274915,24.628722754423908,0.0,734056.8705528044,692656.4675615993,1061071.0383365415,1061025.2380970684,0,SIGNAL,
280,PETKM,BUY,2024-02-14,2024-02-14,23.719999313354492,23.731963986649156,1743,41364.81322872948,0.05044128853717753,24.62219825033508,0.0,692656.4675615993,651267.0321346195,1061025.2380970684,1060979.7614732655,0,SIGNAL,
280,SOKM,BUY,2024-02-14,2024-02-14,67.22535705566406,67.26011968008687,615,41364.97360325343,0.05171058354370322,24.622293712468586,0.0,651267.0321346195,609877.4362376536,1060979.7614732655,1060933.760165533,0,SIGNAL,
280,VESBE,BUY,2024-02-14,2024-02-14,18.389930725097656,18.399363002197763,2248,41361.76802894057,0.051290443890758486,24.62038561038673,0.0,609877.4362376536,568491.0478231027,1060933.760165533,1060887.9360210015,0,SIGNAL,
280,AKBNK,BUY,2024-02-14,2024-02-14,37.239986419677734,37.25882427800433,854,31819.0359334157,0.050585030065004526,18.940122044186026,0.0,568491.0478231027,536653.0717676427,1060887.9360210015,1060852.9083679463,0,SIGNAL,
281,AKSA,SELL,2024-05-17,2024-05-17,9.593005180358887,9.588133613365509,8085,77520.06026406014,0.05078249101075383,46.14342827188048,0.0,536653.0717676427,614126.988603431,1122076.2764957692,1121990.746448356,0,SIGNAL,EXIT
282,ECZYT,SELL,2024-05-17,2024-05-17,251.71446228027344,251.5759895561772,213,53585.68577546575,0.055011826830222925,31.896611529417108,0.0,614126.988603431,667680.7777673673,1121990.746448356,1121929.3551465939,0,SIGNAL,EXIT
283,IZMDC,SELL,2024-05-17,2024-05-17,7.019999980926514,7.016388592162021,8866,62207.30125810848,0.05144428453426789,37.02858503738278,0.0,667680.7777673673,729851.0504404384,1121929.3551465939,1121860.3079887708,0,SIGNAL,EXIT
284,ALARK,SELL,2024-05-17,2024-05-17,113.09162139892578,113.03328028653094,375,42387.480107449104,0.051587475423178514,25.230935596558542,0.0,729851.0504404384,772213.299612291,1121860.3079887708,1121813.1991360262,0,SIGNAL,EXIT
285,INDES,SELL,2024-05-17,2024-05-17,8.965683937072754,8.961096401012265,5077,45495.48642793927,0.05116772008345053,27.08096081879871,0.0,772213.299612291,817681.7050794115,1121813.1991360262,1121762.8272546283,0,SIGNAL,EXIT
286,PETKM,SELL,2024-05-17,2024-05-17,20.760000228881836,20.749517981683116,1743,36166.40984207367,0.05049251966836558,21.52787462644514,0.0,817681.7050794115,853826.5870468587,1121762.8272546283,1121723.0288231345,0,SIGNAL,EXIT
287,SOKM,SELL,2024-05-17,2024-05-17,63.974056243896484,63.941206872390296,615,39323.842226520035,0.05134795796120433,23.407320466124915,0.0,853826.5870468587,893127.0219529127,1121723.0288231345,1121679.419139192,0,SIGNAL,EXIT
288,VESBE,SELL,2024-05-17,2024-05-17,22.01394271850586,22.00252830788887,2248,49461.68363613418,0.05185082364820978,29.44181987599069,0.0,893127.0219529127,942559.2637691709,1121679.419139192,1121624.3177242489,0,SIGNAL,EXIT
289,ZOREN,SELL,2024-05-17,2024-05-17,6.090000152587891,6.086932441244102,5398,32857.26131783566,0.05037292720732384,19.55812051313509,0.0,942559.2637691709,975396.9669664934,1121624.3177242489,1121588.2000979022,0,SIGNAL,EXIT
290,AKBNK,SELL,2024-05-17,2024-05-17,59.616695404052734,59.58660282992777,854,50886.95881675831,0.05047675642034824,30.2902078008813,0.0,975396.9669664934,1026253.6355754508,1121588.2000979022,1121532.2108317986,0,SIGNAL,EXIT
290,EREGL,BUY,2024-05-20,2024-05-20,23.436798095703125,23.448581452742843,2583,60567.68589243476,0.050277162399067855,36.05261218904233,0.0,1026253.6355754508,965649.8970708271,1121909.1709758416,1121842.6819524188,0,SIGNAL,
290,HALKB,BUY,2024-05-20,2024-05-20,18.829999923706055,18.839503628527975,3215,60569.00416571744,0.05047108263635708,36.05339688462248,0.0,965649.8970708271,905044.839508225,1121842.6819524188,1121776.0741445317,0,SIGNAL,
290,SISE,BUY,2024-05-20,2024-05-20,51.488651275634766,51.51478349998616,1175,60529.87061248373,0.050753367400324045,36.030102832727884,0.0,905044.839508225,844478.9387929086,1121776.0741445317,1121709.3386780862,0,SIGNAL,
290,ARCLK,BUY,2024-05-20,2024-05-20,190.1999969482422,190.3001012457621,176,33492.81781925413,0.05263107209573355,19.936432342821924,0.0,844478.9387929086,810966.1845413116,1121709.3386780862,1121671.7838893798,0,SIGNAL,
290,ECZYT,BUY,2024-05-20,2024-05-20,252.18060302734375,252.32049861106626,133,33558.62631527181,0.05547436323138888,19.975604521033965,0.0,810966.1845413116,777387.5826215188,1121671.7838893798,1121633.2021722237,0,SIGNAL,
290,ENKAI,BUY,2024-05-20,2024-05-20,34.918277740478516,34.93616769981035,963,33643.52949491736,0.051233796422609834,20.026142714202084,0.0,777387.5826215188,743724.0269838872,1121633.2021722237,1121595.947998673,0,SIGNAL,
290,GOODY,BUY,2024-05-20,2024-05-20,4.4372358322143555,4.4395124015377485,7579,33647.0644912546,0.051306024955119545,20.02824690309684,0.0,743724.0269838872,710056.9342457295,1121595.947998673,1121558.6656328677,0,SIGNAL,
290,INDES,BUY,2024-05-20,2024-05-20,8.748847961425781,8.753353908919031,3843,33639.139071975835,0.05150332378751382,20.023529336898253,0.0,710056.9342457295,676397.7716444167,1121558.6656328677,1121521.3257473144,0,SIGNAL,
290,OTKAR,BUY,2024-05-20,2024-05-20,576.0,576.3300897923419,58,33427.14520795583,0.057307255614932086,19.89734104930967,0.0,676397.7716444167,642950.7290954116,1121521.3257473144,1121482.2831983091,0,SIGNAL,
290,SOKM,BUY,2024-05-20,2024-05-20,65.8387680053711,65.87263892650876,510,33595.04585251946,0.05144525355472221,19.99728306848295,0.0,642950.7290954116,609335.6859598237,1121482.2831983091,1121445.0117454606,0,SIGNAL,
291,EREGL,SELL,2024-08-20,2024-08-20,23.945016860961914,23.932956741502917,2583,61818.82726330203,0.05036588417968692,36.79734783434422,0.0,609335.6859598237,671117.7158752914,1080119.9591973643,1080052.0105609675,0,SIGNAL,EXIT
292,HALKB,SELL,2024-08-20,2024-08-20,16.270000457763672,16.261709368025564,3215,52281.39561820219,0.05095937003585809,31.12023933475676,0.0,671117.7158752914,723367.9912541588,1080052.0105609675,1079994.2344681248,0,SIGNAL,EXIT
293,SISE,SELL,2024-08-20,2024-08-20,42.277503967285156,42.25591688995803,1175,49650.70234570069,0.05106043474996258,29.554332317766608,0.0,723367.9912541588,772989.1392675417,1079994.2344681248,1079939.3153199474,0,SIGNAL,EXIT
294,ARCLK,SELL,2024-08-20,2024-08-20,153.10000610351562,153.01766912684369,176,26931.109766324487,0.053779865048647436,16.03060843285582,0.0,772989.1392675417,799904.2184254334,1079939.3153199474,1079908.7934036204,0,SIGNAL,EXIT
295,ECZYT,SELL,2024-08-20,2024-08-20,193.35415649414062,193.24105568209188,133,25701.06040571822,0.05849411985729376,15.298427701201742,0.0,799904.2184254334,825589.9804034504,1079908.7934036204,1079878.4525679168,0,SIGNAL,EXIT
296,ENKAI,SELL,2024-08-20,2024-08-20,43.26549530029297,43.24328110592371,963,41643.27970500453,0.051343903993421106,24.787954028005416,0.0,825589.9804034504,867208.472154427,1079878.4525679168,1079832.2723447112,0,SIGNAL,EXIT
297,GOODY,SELL,2024-08-20,2024-08-20,3.073025941848755,3.0714422374897152,7579,23278.46071793455,0.0515356651394575,13.856387350046951,0.0,867208.472154427,890473.0764850115,1079832.2723447112,1079806.413062024,0,SIGNAL,EXIT
298,INDES,SELL,2024-08-20,2024-08-20,7.503771781921387,7.499880901157987,3843,28822.04230315014,0.0518523334195027,17.15617657073861,0.0,890473.0764850115,919277.9626115909,1079806.413062024,1079774.3042306795,0,SIGNAL,EXIT
299,SOKM,SELL,2024-08-20,2024-08-20,55.955078125,55.92600389799322,510,28522.26198797654,0.051959943549421274,16.977733837033096,0.0,919277.9626115909,947783.2468657304,1079774.3042306795,1079742.498641069,0,SIGNAL,EXIT
299,LIDER,BUY,2024-08-21,2024-08-21,16.695148468017578,16.70395071536456,3466,57895.89317945356,0.052723384663786926,34.46224093560383,0.0,947783.2468657304,889852.8914453412,1072274.501809578,1072209.5309793376,0,SIGNAL,
299,PGSUS,BUY,2024-08-21,2024-08-21,218.5,218.61458503298888,264,57714.25044870906,0.05244166269514614,34.354119008341826,0.0,889852.8914453412,832104.2868776238,1072209.5309793376,1072144.9264116203,0,SIGNAL,
299,BTCIM,BUY,2024-08-21,2024-08-21,6.5806450843811035,6.583968045630465,6350,41808.197089753456,0.050495980359871344,24.886120276690296,0.0,832104.2868776238,790271.2036675937,1072144.9264116203,1072098.9394874102,0,SIGNAL,
299,AEFES,BUY,2024-08-21,2024-08-21,24.064573287963867,24.076786455650723,1335,32142.509918293716,0.05075164866090105,19.132668316314746,0.0,790271.2036675937,758109.5610809836,1072098.9394874102,1072063.502240232,0,SIGNAL,
299,ALARK,BUY,2024-08-21,2024-08-21,95.67660522460938,95.72640326136377,335,32068.345092556865,0.05204828979613353,19.08852207461901,0.0,758109.5610809836,726022.1274663521,1072063.502240232,1072027.7313758447,0,SIGNAL,
299,ASELS,BUY,2024-08-21,2024-08-21,56.43567657470703,56.46444656765268,569,32128.270096994376,0.05097837873454375,19.12419213388542,0.0,726022.1274663521,693874.7331772238,1072027.7313758447,1071992.2370577245,0,SIGNAL,
299,EKGYO,BUY,2024-08-21,2024-08-21,11.102777481079102,11.10837686898516,2895,32158.751035712037,0.05043231673875789,19.14233576025241,0.0,693874.7331772238,661696.8398057516,1071992.2370577245,1071956.8844939764,0,SIGNAL,
299,GOLTS,BUY,2024-08-21,2024-08-21,419.4839782714844,419.71889683125886,76,31898.636159175672,0.05600179552565663,18.987503680568523,0.0,661696.8398057516,629779.2161428953,1071956.8844939764,1071920.0431797528,0,SIGNAL,
299,HALKB,BUY,2024-08-21,2024-08-21,16.200000762939453,16.208255962004266,1984,32157.179828616463,0.05095801651872776,19.141400507084807,0.0,629779.2161428953,597602.8949137718,1071920.0431797528,1071884.5234643011,0,SIGNAL,
299,KARSN,BUY,2024-08-21,2024-08-21,16.649999618530273,16.658458172548354,1930,32150.824273018323,0.0508021273986534,19.137617394392795,0.0,597602.8949137718,565432.933023359,1071884.5234643011,1071849.060837652,0,SIGNAL,
300,LIDER,SELL,2024-11-19,2024-11-19,24.165437698364258,24.152078053233,3466,83711.10253250558,0.05528410160831574,49.82861522696129,0.0,565432.933023359,649094.2069406377,1071042.7648781794,1070946.6317329274,0,SIGNAL,EXIT
301,PGSUS,SELL,2024-11-19,2024-11-19,233.89999389648438,233.7788252313433,264,61717.60986107463,0.05180362048008922,36.73709868175537,0.0,649094.2069406377,710775.0797030305,1070946.6317329274,1070877.9061066485,0,SIGNAL,EXIT
302,BTCIM,SELL,2024-11-19,2024-11-19,4.396773815155029,4.394522766643289,6350,27905.219568184883,0.05119773284632545,16.61044242186421,0.0,710775.0797030305,738663.6888287936,1070877.9061066485,1070847.001506177,0,SIGNAL,EXIT
303,AEFES,SELL,2024-11-19,2024-11-19,20.298030853271484,20.287734672177102,1335,27084.125787356432,0.050725024357330555,16.12169045429498,0.0,738663.6888287936,765731.6929256957,1070847.001506177,1070817.1344139618,0,SIGNAL,EXIT
304,ALARK,SELL,2024-11-19,2024-11-19,90.32611083984375,90.27860290773978,335,30243.331974092827,0.05259601200831039,18.00219214091889,0.0,765731.6929256957,795957.0227076476,1070817.1344139618,1070783.217064566,0,SIGNAL,EXIT
305,ASELS,SELL,2024-11-19,2024-11-19,67.70287322998047,67.66848283786696,569,38503.3667347463,0.0507960600086982,22.918936532024063,0.0,795957.0227076476,834437.4705058619,1070783.217064566,1070740.7299949215,0,SIGNAL,EXIT
306,EKGYO,SELL,2024-11-19,2024-11-19,11.396202087402344,11.39047090184239,2895,32975.41326083372,0.050290311772282305,19.628449866444967,0.0,834437.4705058619,867393.2553168292,1070740.7299949215,1070704.509762859,0,SIGNAL,EXIT
307,GOLTS,SELL,2024-11-19,2024-11-19,402.4047546386719,402.16926562616464,76,30564.86418758851,0.05852043490854791,18.193582583341126,0.0,867393.2553168292,897939.9259218343,1070704.509762859,1070668.419015325,0,SIGNAL,EXIT
308,HALKB,SELL,2024-11-19,2024-11-19,15.640000343322754,15.632063661650568,1984,31014.014304714725,0.0507460453834036,18.460936944809912,0.0,897939.9259218343,928935.4792896042,1070668.419015325,1070634.2117019426,0,SIGNAL,EXIT
309,KARSN,SELL,2024-11-19,2024-11-19,12.720000267028809,12.713514776156684,1930,24537.0835179824,0.050986562389744285,14.605576278661433,0.0,928935.4792896042,953457.957231308,1070634.2117019426,1070607.0891282805,0,SIGNAL,EXIT
