date,cash,market_value,gross_exposure,net_exposure,equity,daily_return,drawdown,fold_id
2015-01-01,100000,0.0,0.0,0.0,100000.0,0.0,0.0,0
2015-01-02,100000,0.0,0.0,0.0,100000.0,0.0,0.0,0
2015-01-05,100000,0.0,0.0,0.0,100000.0,0.0,0.0,0
2015-01-06,100000,0.0,0.0,0.0,100000.0,0.0,0.0,0
2015-01-07,100000,0.0,0.0,0.0,100000.0,0.0,0.0,0
2015-01-08,100000,0.0,0.0,0.0,100000.0,0.0,0.0,0
2015-01-09,100000,0.0,0.0,0.0,100000.0,0.0,0.0,0
2015-01-12,100000,0.0,0.0,0.0,100000.0,0.0,0.0,0
2015-01-13,100000,0.0,0.0,0.0,100000.0,0.0,0.0,0
2015-01-14,100000,0.0,0.0,0.0,100000.0,0.0,0.0,0
2015-01-15,100000,0.0,0.0,0.0,100000.0,0.0,0.0,0
2015-01-16,100000,0.0,0.0,0.0,100000.0,0.0,0.0,0
2015-01-19,100000,0.0,0.0,0.0,100000.0,0.0,0.0,0
2015-01-20,100000,0.0,0.0,0.0,100000.0,0.0,0.0,0
2015-01-21,100000,0.0,0.0,0.0,100000.0,0.0,0.0,0
2015-01-22,100000,0.0,0.0,0.0,100000.0,0.0,0.0,0
2015-01-23,100000,0.0,0.0,0.0,100000.0,0.0,0.0,0
2015-01-26,100000,0.0,0.0,0.0,100000.0,0.0,0.0,0
2015-01-27,100000,0.0,0.0,0.0,100000.0,0.0,0.0,0
2015-01-28,100000,0.0,0.0,0.0,100000.0,0.0,0.0,0
2015-01-29,100000,0.0,0.0,0.0,100000.0,0.0,0.0,0
2015-01-30,100000,0.0,0.0,0.0,100000.0,0.0,0.0,0
2015-02-02,100000,0.0,0.0,0.0,100000.0,0.0,0.0,0
2015-02-03,100000,0.0,0.0,0.0,100000.0,0.0,0.0,0
2015-02-04,100000,0.0,0.0,0.0,100000.0,0.0,0.0,0
2015-02-05,100000,0.0,0.0,0.0,100000.0,0.0,0.0,0
2015-02-06,100000,0.0,0.0,0.0,100000.0,0.0,0.0,0
2015-02-09,100000,0.0,0.0,0.0,100000.0,0.0,0.0,0
2015-02-10,100000,0.0,0.0,0.0,100000.0,0.0,0.0,0
2015-02-11,100000,0.0,0.0,0.0,100000.0,0.0,0.0,0
2015-02-12,100000,0.0,0.0,0.0,100000.0,0.0,0.0,0
2015-02-13,100000,0.0,0.0,0.0,100000.0,0.0,0.0,0
2015-02-16,100000,0.0,0.0,0.0,100000.0,0.0,0.0,0
2015-02-17,100000,0.0,0.0,0.0,100000.0,0.0,0.0,0
2015-02-18,100000,0.0,0.0,0.0,100000.0,0.0,0.0,0
2015-02-19,100000,0.0,0.0,0.0,100000.0,0.0,0.0,0
2015-02-20,100000,0.0,0.0,0.0,100000.0,0.0,0.0,0
2015-02-23,100000,0.0,0.0,0.0,100000.0,0.0,0.0,0
2015-02-24,100000,0.0,0.0,0.0,100000.0,0.0,0.0,0
2015-02-25,100000,0.0,0.0,0.0,100000.0,0.0,0.0,0
2015-02-26,100000,0.0,0.0,0.0,100000.0,0.0,0.0,0
2015-02-27,100000,0.0,0.0,0.0,100000.0,0.0,0.0,0
2015-03-02,100000,0.0,0.0,0.0,100000.0,0.0,0.0,0
2015-03-03,100000,0.0,0.0,0.0,100000.0,0.0,0.0,0
2015-03-04,100000,0.0,0.0,0.0,100000.0,0.0,0.0,0
2015-03-05,100000,0.0,0.0,0.0,100000.0,0.0,0.0,0
2015-03-06,100000,0.0,0.0,0.0,100000.0,0.0,0.0,0
2015-03-09,100000,0.0,0.0,0.0,100000.0,0.0,0.0,0
2015-03-10,100000,0.0,0.0,0.0,100000.0,0.0,0.0,0
2015-03-11,100000,0.0,0.0,0.0,100000.0,0.0,0.0,0
2015-03-12,100000,0.0,0.0,0.0,100000.0,0.0,0.0,0
2015-03-13,100000,0.0,0.0,0.0,100000.0,0.0,0.0,0
2015-03-16,100000,0.0,0.0,0.0,100000.0,0.0,0.0,0
2015-03-17,100000,0.0,0.0,0.0,100000.0,0.0,0.0,0
2015-03-18,100000,0.0,0.0,0.0,100000.0,0.0,0.0,0
2015-03-19,100000,0.0,0.0,0.0,100000.0,0.0,0.0,0
2015-03-20,100000,0.0,0.0,0.0,100000.0,0.0,0.0,0
2015-03-23,100000,0.0,0.0,0.0,100000.0,0.0,0.0,0
2015-03-24,100000,0.0,0.0,0.0,100000.0,0.0,0.0,0
2015-03-25,100000,0.0,0.0,0.0,100000.0,0.0,0.0,0
2015-03-26,100000,0.0,0.0,0.0,100000.0,0.0,0.0,0
2015-03-27,100000,0.0,0.0,0.0,100000.0,0.0,0.0,0
2015-03-30,100000,0.0,0.0,0.0,100000.0,0.0,0.0,0
2015-03-31,100000,0.0,0.0,0.0,100000.0,0.0,0.0,0
2015-04-01,100000,0.0,0.0,0.0,100000.0,0.0,0.0,0
2015-04-02,100000,0.0,0.0,0.0,100000.0,0.0,0.0,0
2015-04-03,100000,0.0,0.0,0.0,100000.0,0.0,0.0,0
2015-04-06,100000,0.0,0.0,0.0,100000.0,0.0,0.0,0
2015-04-07,100000,0.0,0.0,0.0,100000.0,0.0,0.0,0
2015-04-08,100000,0.0,0.0,0.0,100000.0,0.0,0.0,0
2015-04-09,100000,0.0,0.0,0.0,100000.0,0.0,0.0,0
2015-04-10,100000,0.0,0.0,0.0,100000.0,0.0,0.0,0
2015-04-13,100000,0.0,0.0,0.0,100000.0,0.0,0.0,0
2015-04-14,100000,0.0,0.0,0.0,100000.0,0.0,0.0,0
2015-04-15,100000,0.0,0.0,0.0,100000.0,0.0,0.0,0
2015-04-16,100000,0.0,0.0,0.0,100000.0,0.0,0.0,0
2015-04-17,100000,0.0,0.0,0.0,100000.0,0.0,0.0,0
2015-04-20,100000,0.0,0.0,0.0,100000.0,0.0,0.0,0
2015-04-21,100000,0.0,0.0,0.0,100000.0,0.0,0.0,0
2015-04-22,100000,0.0,0.0,0.0,100000.0,0.0,0.0,0
2015-04-23,100000,0.0,0.0,0.0,100000.0,0.0,0.0,0
2015-04-24,100000,0.0,0.0,0.0,100000.0,0.0,0.0,0
2015-04-27,100000,0.0,0.0,0.0,100000.0,0.0,0.0,0
2015-04-28,100000,0.0,0.0,0.0,100000.0,0.0,0.0,0
2015-04-29,100000,0.0,0.0,0.0,100000.0,0.0,0.0,0
2015-04-30,100000,0.0,0.0,0.0,100000.0,0.0,0.0,0
2015-05-01,100000,0.0,0.0,0.0,100000.0,0.0,0.0,0
2015-05-04,100000,0.0,0.0,0.0,100000.0,0.0,0.0,0
2015-05-05,100000,0.0,0.0,0.0,100000.0,0.0,0.0,0
2015-05-06,100000,0.0,0.0,0.0,100000.0,0.0,0.0,0
2015-05-07,100000,0.0,0.0,0.0,100000.0,0.0,0.0,0
2015-05-08,100000,0.0,0.0,0.0,100000.0,0.0,0.0,0
2015-05-11,100000,0.0,0.0,0.0,100000.0,0.0,0.0,0
2015-05-12,100000,0.0,0.0,0.0,100000.0,0.0,0.0,0
2015-05-13,100000,0.0,0.0,0.0,100000.0,0.0,0.0,0
2015-05-14,100000,0.0,0.0,0.0,100000.0,0.0,0.0,0
2015-05-15,100000,0.0,0.0,0.0,100000.0,0.0,0.0,0
2015-05-18,100000,0.0,0.0,0.0,100000.0,0.0,0.0,0
2015-05-19,100000,0.0,0.0,0.0,100000.0,0.0,0.0,0
2015-05-20,100000,0.0,0.0,0.0,100000.0,0.0,0.0,0
2015-05-21,100000,0.0,0.0,0.0,100000.0,0.0,0.0,0
2015-05-22,100000,0.0,0.0,0.0,100000.0,0.0,0.0,0
2015-05-25,100000,0.0,0.0,0.0,100000.0,0.0,0.0,0
2015-05-26,100000,0.0,0.0,0.0,100000.0,0.0,0.0,0
2015-05-27,100000,0.0,0.0,0.0,100000.0,0.0,0.0,0
2015-05-28,100000,0.0,0.0,0.0,100000.0,0.0,0.0,0
2015-05-29,100000,0.0,0.0,0.0,100000.0,0.0,0.0,0
2015-06-01,100000,0.0,0.0,0.0,100000.0,0.0,0.0,0
2015-06-02,100000,0.0,0.0,0.0,100000.0,0.0,0.0,0
2015-06-03,100000,0.0,0.0,0.0,100000.0,0.0,0.0,0
2015-06-04,100000,0.0,0.0,0.0,100000.0,0.0,0.0,0
2015-06-05,100000,0.0,0.0,0.0,100000.0,0.0,0.0,0
2015-06-08,100000,0.0,0.0,0.0,100000.0,0.0,0.0,0
2015-06-09,100000,0.0,0.0,0.0,100000.0,0.0,0.0,0
2015-06-10,100000,0.0,0.0,0.0,100000.0,0.0,0.0,0
2015-06-11,100000,0.0,0.0,0.0,100000.0,0.0,0.0,0
2015-06-12,100000,0.0,0.0,0.0,100000.0,0.0,0.0,0
2015-06-15,100000,0.0,0.0,0.0,100000.0,0.0,0.0,0
2015-06-16,100000,0.0,0.0,0.0,100000.0,0.0,0.0,0
2015-06-17,100000,0.0,0.0,0.0,100000.0,0.0,0.0,0
2015-06-18,100000,0.0,0.0,0.0,100000.0,0.0,0.0,0
2015-06-19,100000,0.0,0.0,0.0,100000.0,0.0,0.0,0
2015-06-22,100000,0.0,0.0,0.0,100000.0,0.0,0.0,0
2015-06-23,100000,0.0,0.0,0.0,100000.0,0.0,0.0,0
2015-06-24,100000,0.0,0.0,0.0,100000.0,0.0,0.0,0
2015-06-25,100000,0.0,0.0,0.0,100000.0,0.0,0.0,0
2015-06-26,100000,0.0,0.0,0.0,100000.0,0.0,0.0,0
2015-06-29,100000,0.0,0.0,0.0,100000.0,0.0,0.0,0
2015-06-30,100000,0.0,0.0,0.0,100000.0,0.0,0.0,0
2015-07-01,100000,0.0,0.0,0.0,100000.0,0.0,0.0,0
2015-07-02,100000,0.0,0.0,0.0,100000.0,0.0,0.0,0
2015-07-03,100000,0.0,0.0,0.0,100000.0,0.0,0.0,0
2015-07-06,100000,0.0,0.0,0.0,100000.0,0.0,0.0,0
2015-07-07,100000,0.0,0.0,0.0,100000.0,0.0,0.0,0
2015-07-08,100000,0.0,0.0,0.0,100000.0,0.0,0.0,0
2015-07-09,100000,0.0,0.0,0.0,100000.0,0.0,0.0,0
2015-07-10,100000,0.0,0.0,0.0,100000.0,0.0,0.0,0
2015-07-13,100000,0.0,0.0,0.0,100000.0,0.0,0.0,0
2015-07-14,100000,0.0,0.0,0.0,100000.0,0.0,0.0,0
2015-07-15,100000,0.0,0.0,0.0,100000.0,0.0,0.0,0
2015-07-16,100000,0.0,0.0,0.0,100000.0,0.0,0.0,0
2015-07-17,100000,0.0,0.0,0.0,100000.0,0.0,0.0,0
2015-07-20,100000,0.0,0.0,0.0,100000.0,0.0,0.0,0
2015-07-21,100000,0.0,0.0,0.0,100000.0,0.0,0.0,0
2015-07-22,100000,0.0,0.0,0.0,100000.0,0.0,0.0,0
2015-07-23,100000,0.0,0.0,0.0,100000.0,0.0,0.0,0
2015-07-24,100000,0.0,0.0,0.0,100000.0,0.0,0.0,0
2015-07-27,100000,0.0,0.0,0.0,100000.0,0.0,0.0,0
2015-07-28,100000,0.0,0.0,0.0,100000.0,0.0,0.0,0
2015-07-29,100000,0.0,0.0,0.0,100000.0,0.0,0.0,0
2015-07-30,100000,0.0,0.0,0.0,100000.0,0.0,0.0,0
2015-07-31,100000,0.0,0.0,0.0,100000.0,0.0,0.0,0
2015-08-03,100000,0.0,0.0,0.0,100000.0,0.0,0.0,0
2015-08-04,100000,0.0,0.0,0.0,100000.0,0.0,0.0,0
2015-08-05,100000,0.0,0.0,0.0,100000.0,0.0,0.0,0
2015-08-06,100000,0.0,0.0,0.0,100000.0,0.0,0.0,0
2015-08-07,100000,0.0,0.0,0.0,100000.0,0.0,0.0,0
2015-08-10,100000,0.0,0.0,0.0,100000.0,0.0,0.0,0
2015-08-11,100000,0.0,0.0,0.0,100000.0,0.0,0.0,0
2015-08-12,100000,0.0,0.0,0.0,100000.0,0.0,0.0,0
2015-08-13,100000,0.0,0.0,0.0,100000.0,0.0,0.0,0
2015-08-14,100000,0.0,0.0,0.0,100000.0,0.0,0.0,0
2015-08-17,100000,0.0,0.0,0.0,100000.0,0.0,0.0,0
2015-08-18,100000,0.0,0.0,0.0,100000.0,0.0,0.0,0
2015-08-19,100000,0.0,0.0,0.0,100000.0,0.0,0.0,0
2015-08-20,100000,0.0,0.0,0.0,100000.0,0.0,0.0,0
2015-08-21,100000,0.0,0.0,0.0,100000.0,0.0,0.0,0
2015-08-24,100000,0.0,0.0,0.0,100000.0,0.0,0.0,0
2015-08-25,100000,0.0,0.0,0.0,100000.0,0.0,0.0,0
2015-08-26,100000,0.0,0.0,0.0,100000.0,0.0,0.0,0
2015-08-27,100000,0.0,0.0,0.0,100000.0,0.0,0.0,0
2015-08-28,100000,0.0,0.0,0.0,100000.0,0.0,0.0,0
2015-08-31,100000,0.0,0.0,0.0,100000.0,0.0,0.0,0
2015-09-01,100000,0.0,0.0,0.0,100000.0,0.0,0.0,0
2015-09-02,100000,0.0,0.0,0.0,100000.0,0.0,0.0,0
2015-09-03,100000,0.0,0.0,0.0,100000.0,0.0,0.0,0
2015-09-04,100000,0.0,0.0,0.0,100000.0,0.0,0.0,0
2015-09-07,100000,0.0,0.0,0.0,100000.0,0.0,0.0,0
2015-09-08,100000,0.0,0.0,0.0,100000.0,0.0,0.0,0
2015-09-09,100000,0.0,0.0,0.0,100000.0,0.0,0.0,0
2015-09-10,100000,0.0,0.0,0.0,100000.0,0.0,0.0,0
2015-09-11,100000,0.0,0.0,0.0,100000.0,0.0,0.0,0
2015-09-14,100000,0.0,0.0,0.0,100000.0,0.0,0.0,0
2015-09-15,100000,0.0,0.0,0.0,100000.0,0.0,0.0,0
2015-09-16,100000,0.0,0.0,0.0,100000.0,0.0,0.0,0
2015-09-17,100000,0.0,0.0,0.0,100000.0,0.0,0.0,0
2015-09-18,100000,0.0,0.0,0.0,100000.0,0.0,0.0,0
2015-09-21,100000,0.0,0.0,0.0,100000.0,0.0,0.0,0
2015-09-22,100000,0.0,0.0,0.0,100000.0,0.0,0.0,0
2015-09-23,100000,0.0,0.0,0.0,100000.0,0.0,0.0,0
2015-09-24,100000,0.0,0.0,0.0,100000.0,0.0,0.0,0
2015-09-25,100000,0.0,0.0,0.0,100000.0,0.0,0.0,0
2015-09-28,100000,0.0,0.0,0.0,100000.0,0.0,0.0,0
2015-09-29,100000,0.0,0.0,0.0,100000.0,0.0,0.0,0
2015-09-30,100000,0.0,0.0,0.0,100000.0,0.0,0.0,0
2015-10-01,100000,0.0,0.0,0.0,100000.0,0.0,0.0,0
2015-10-02,100000,0.0,0.0,0.0,100000.0,0.0,0.0,0
2015-10-05,100000,0.0,0.0,0.0,100000.0,0.0,0.0,0
2015-10-06,100000,0.0,0.0,0.0,100000.0,0.0,0.0,0
2015-10-07,100000,0.0,0.0,0.0,100000.0,0.0,0.0,0
2015-10-08,100000,0.0,0.0,0.0,100000.0,0.0,0.0,0
2015-10-09,100000,0.0,0.0,0.0,100000.0,0.0,0.0,0
2015-10-12,100000,0.0,0.0,0.0,100000.0,0.0,0.0,0
2015-10-13,100000,0.0,0.0,0.0,100000.0,0.0,0.0,0
2015-10-14,100000,0.0,0.0,0.0,100000.0,0.0,0.0,0
2015-10-15,100000,0.0,0.0,0.0,100000.0,0.0,0.0,0
2015-10-16,100000,0.0,0.0,0.0,100000.0,0.0,0.0,0
2015-10-19,100000,0.0,0.0,0.0,100000.0,0.0,0.0,0
2015-10-20,100000,0.0,0.0,0.0,100000.0,0.0,0.0,0
2015-10-21,100000,0.0,0.0,0.0,100000.0,0.0,0.0,0
2015-10-22,100000,0.0,0.0,0.0,100000.0,0.0,0.0,0
2015-10-23,100000,0.0,0.0,0.0,100000.0,0.0,0.0,0
2015-10-26,100000,0.0,0.0,0.0,100000.0,0.0,0.0,0
2015-10-27,100000,0.0,0.0,0.0,100000.0,0.0,0.0,0
2015-10-28,100000,0.0,0.0,0.0,100000.0,0.0,0.0,0
2015-10-29,100000,0.0,0.0,0.0,100000.0,0.0,0.0,0
2015-10-30,100000,0.0,0.0,0.0,100000.0,0.0,0.0,0
2015-11-02,100000,0.0,0.0,0.0,100000.0,0.0,0.0,0
2015-11-03,100000,0.0,0.0,0.0,100000.0,0.0,0.0,0
2015-11-04,100000,0.0,0.0,0.0,100000.0,0.0,0.0,0
2015-11-05,100000,0.0,0.0,0.0,100000.0,0.0,0.0,0
2015-11-06,100000,0.0,0.0,0.0,100000.0,0.0,0.0,0
2015-11-09,100000,0.0,0.0,0.0,100000.0,0.0,0.0,0
2015-11-10,100000,0.0,0.0,0.0,100000.0,0.0,0.0,0
2015-11-11,100000,0.0,0.0,0.0,100000.0,0.0,0.0,0
2015-11-12,100000,0.0,0.0,0.0,100000.0,0.0,0.0,0
2015-11-13,100000,0.0,0.0,0.0,100000.0,0.0,0.0,0
2015-11-16,100000,0.0,0.0,0.0,100000.0,0.0,0.0,0
2015-11-17,100000,0.0,0.0,0.0,100000.0,0.0,0.0,0
2015-11-18,100000,0.0,0.0,0.0,100000.0,0.0,0.0,0
2015-11-19,100000,0.0,0.0,0.0,100000.0,0.0,0.0,0
2015-11-20,100000,0.0,0.0,0.0,100000.0,0.0,0.0,0
2015-11-23,100000,0.0,0.0,0.0,100000.0,0.0,0.0,0
2015-11-24,100000,0.0,0.0,0.0,100000.0,0.0,0.0,0
2015-11-25,100000,0.0,0.0,0.0,100000.0,0.0,0.0,0
2015-11-26,100000,0.0,0.0,0.0,100000.0,0.0,0.0,0
2015-11-27,100000,0.0,0.0,0.0,100000.0,0.0,0.0,0
2015-11-30,100000,0.0,0.0,0.0,100000.0,0.0,0.0,0
2015-12-01,100000,0.0,0.0,0.0,100000.0,0.0,0.0,0
2015-12-02,100000,0.0,0.0,0.0,100000.0,0.0,0.0,0
2015-12-03,100000,0.0,0.0,0.0,100000.0,0.0,0.0,0
2015-12-04,100000,0.0,0.0,0.0,100000.0,0.0,0.0,0
2015-12-07,100000,0.0,0.0,0.0,100000.0,0.0,0.0,0
2015-12-08,100000,0.0,0.0,0.0,100000.0,0.0,0.0,0
2015-12-09,100000,0.0,0.0,0.0,100000.0,0.0,0.0,0
2015-12-10,100000,0.0,0.0,0.0,100000.0,0.0,0.0,0
2015-12-11,100000,0.0,0.0,0.0,100000.0,0.0,0.0,0
2015-12-14,100000,0.0,0.0,0.0,100000.0,0.0,0.0,0
2015-12-15,100000,0.0,0.0,0.0,100000.0,0.0,0.0,0
2015-12-16,100000,0.0,0.0,0.0,100000.0,0.0,0.0,0
2015-12-17,100000,0.0,0.0,0.0,100000.0,0.0,0.0,0
2015-12-18,100000,0.0,0.0,0.0,100000.0,0.0,0.0,0
2015-12-21,100000,0.0,0.0,0.0,100000.0,0.0,0.0,0
2015-12-22,100000,0.0,0.0,0.0,100000.0,0.0,0.0,0
2015-12-23,100000,0.0,0.0,0.0,100000.0,0.0,0.0,0
2015-12-24,100000,0.0,0.0,0.0,100000.0,0.0,0.0,0
2015-12-25,100000,0.0,0.0,0.0,100000.0,0.0,0.0,0
2015-12-28,58172.78400369176,41778.73203089833,41778.73203089833,41778.73203089833,99951.5160345901,-0.0004848396540990674,0.0004848396540990507,0
2015-12-29,58172.78400369176,41569.82408049703,41569.82408049703,41569.82408049703,99742.60808418879,-0.0020900928639142613,0.0025739191581121124,0
2015-12-30,58172.78400369176,40891.656407505274,40891.656407505274,40891.656407505274,99064.44041119704,-0.006799177262532985,0.009355595888029639,0
2015-12-31,58172.78400369176,40404.09851014614,40404.09851014614,40404.09851014614,98576.8825138379,-0.004921623696004129,0.014231174861620966,0
2016-01-01,58172.78400369176,40404.09851014614,40404.09851014614,40404.09851014614,98576.8825138379,0.0,0.014231174861620966,0
2016-01-04,58172.78400369176,39788.61021962762,39788.61021962762,39788.61021962762,97961.39422331938,-0.006243738641583896,0.020386057766806187,0
2016-01-05,58172.78400369176,40082.664779663086,40082.664779663086,40082.664779663086,98255.44878335485,0.0030017392296921575,0.017445512166451516,0
2016-01-06,58172.78400369176,40288.05040362477,40288.05040362477,40288.05040362477,98460.83440731654,0.0020903229948554536,0.015391655926834646,0
2016-01-07,58172.78400369176,39991.98324467242,39991.98324467242,39991.98324467242,98164.76724836418,-0.0030069535844838846,0.0183523275163582,0
2016-01-08,58172.78400369176,39976.983501806855,39976.983501806855,39976.983501806855,98149.76750549862,-0.00015280169541498356,0.018502324945013825,0
2016-01-11,58172.78400369176,40723.81423121691,40723.81423121691,40723.81423121691,98896.59823490867,0.007609093209193896,0.0110340176509133,0
2016-01-12,58172.78400369176,40512.347341403365,40512.347341403365,40512.347341403365,98685.13134509513,-0.0021382625245738307,0.013148686549048725,0
2016-01-13,58172.78400369176,40527.47361642122,40527.47361642122,40527.47361642122,98700.25762011299,0.00015327815661470012,0.01299742379887015,0
2016-01-14,58172.78400369176,40187.91425590217,40187.91425590217,40187.91425590217,98360.69825959393,-0.0034403087560923584,0.016393017404060666,0
2016-01-15,58172.78400369176,39733.66758506,39733.66758506,39733.66758506,97906.45158875176,-0.004618172490432282,0.02093548411248237,0
2016-01-18,58172.78400369176,39361.91806297004,39361.91806297004,39361.91806297004,97534.7020666618,-0.00379698698152664,0.024652979333381956,0
2016-01-19,58172.78400369176,39456.40854682028,39456.40854682028,39456.40854682028,97629.19255051205,0.0009687883578672896,0.023708074494879546,0
2016-01-20,58172.78400369176,38615.91513977945,38615.91513977945,38615.91513977945,96788.69914347121,-0.00860903777941191,0.03211300856528789,0
2016-01-21,58172.78400369176,37865.82096867263,37865.82096867263,37865.82096867263,96038.6049723644,-0.0077498114732892365,0.039613950276356044,0
2016-01-22,58172.78400369176,37865.82096867263,37865.82096867263,37865.82096867263,96038.6049723644,0.0,0.039613950276356044,0
2016-01-25,58172.78400369176,39280.19783484936,39280.19783484936,39280.19783484936,97452.98183854112,0.01472717004358537,0.0254701816145888,0
2016-01-26,58172.78400369176,39716.61844602227,39716.61844602227,39716.61844602227,97889.40244971403,0.00447826842174992,0.021105975502859656,0
2016-01-27,58172.78400369176,39825.360865458846,39825.360865458846,39825.360865458846,97998.14486915061,0.001110870193455682,0.020018551308493917,0
2016-01-28,58172.78400369176,40004.05860994756,40004.05860994756,40004.05860994756,98176.84261363932,0.001823480890656759,0.018231573863606753,0
2016-01-29,58172.78400369176,40469.89875905216,40469.89875905216,40469.89875905216,98642.68276274392,0.004744908643455226,0.013573172372560803,0
2016-02-01,58172.78400369176,40268.492304593325,40268.492304593325,40268.492304593325,98441.27630828509,-0.0020417779486315846,0.01558723691714913,0
2016-02-02,58172.78400369176,39689.76023592055,39689.76023592055,39689.76023592055,97862.54423961231,-0.0058789573883660795,0.021374557603876892,0
2016-02-03,58172.78400369176,39579.229634299874,39579.229634299874,39579.229634299874,97752.01363799164,-0.0011294474559137013,0.022479863620083633,0
2016-02-04,58172.78400369176,39945.6198412478,39945.6198412478,39945.6198412478,98118.40384493956,0.003748160199592343,0.018815961550604405,0
2016-02-05,58172.78400369176,40017.1014418304,40017.1014418304,40017.1014418304,98189.88544552216,0.0007285238832011043,0.01810114554477841,0
2016-02-08,58172.78400369176,39114.95664677024,39114.95664677024,39114.95664677024,97287.740650462,-0.009187756875026487,0.027122593495379987,0
2016-02-09,58172.78400369176,38785.314823165536,38785.314823165536,38785.314823165536,96958.0988268573,-0.0033883182135870937,0.03041901173142702,0
2016-02-10,58172.78400369176,38639.81963339448,38639.81963339448,38639.81963339448,96812.60363708624,-0.0015005986248850522,0.03187396362913758,0
2016-02-11,58172.78400369176,38137.57503606379,38137.57503606379,38137.57503606379,96310.35903975555,-0.005187801778510304,0.036896409602444474,0
2016-02-12,58172.78400369176,38584.81279426813,38584.81279426813,38584.81279426813,96757.5967979599,0.004643713954173068,0.03242403202040106,0
2016-02-15,58172.78400369176,37945.70310886204,37945.70310886204,37945.70310886204,96118.4871125538,-0.006605266217397099,0.03881512887446195,0
2016-02-16,58172.78400369176,37683.04976220429,37683.04976220429,37683.04976220429,95855.83376589605,-0.002732599675130065,0.041441662341039485,0
2016-02-17,58172.78400369176,38423.32059916854,38423.32059916854,38423.32059916854,96596.1046028603,0.007722752052547799,0.03403895397139699,0
2016-02-18,58172.78400369176,38379.5127197206,38379.5127197206,38379.5127197206,96552.29672341236,-0.00045351600489529353,0.03447703276587635,0
2016-02-19,58172.78400369176,38569.648739010096,38569.648739010096,38569.648739010096,96742.43274270186,0.00196925423570371,0.03257567257298142,0
2016-02-22,58172.78400369176,40053.37346431613,40053.37346431613,40053.37346431613,98226.15746800789,0.015336855640711189,0.01773842531992108,0
2016-02-23,58172.78400369176,40015.45657968521,40015.45657968521,40015.45657968521,98188.24058337697,-0.00038601616522837556,0.018117594166230266,0
2016-02-24,58172.78400369176,38938.014706522226,38938.014706522226,38938.014706522226,97110.79871021399,-0.010973227208894487,0.028892012897860114,0
2016-02-25,58172.78400369176,39776.94237878919,39776.94237878919,39776.94237878919,97949.72638248095,0.008638871097851775,0.020502736175190512,0
2016-02-26,58172.78400369176,39701.70973959565,39701.70973959565,39701.70973959565,97874.49374328741,-0.0007680740107406381,0.021255062567125862,0
2016-02-29,58172.78400369176,40248.4340389967,40248.4340389967,40248.4340389967,98421.21804268846,0.005585973203958927,0.01578781957311541,0
2016-03-01,58172.78400369176,40482.85262644291,40482.85262644291,40482.85262644291,98655.63663013467,0.002381789131531864,0.013443633698653285,0
2016-03-02,58172.78400369176,41068.29151651263,41068.29151651263,41068.29151651263,99241.0755202044,0.005934165650002932,0.007589244797956053,0
2016-03-03,58172.78400369176,41312.06313279271,41312.06313279271,41312.06313279271,99484.84713648447,0.002456358065471065,0.005151528635155264,0
2016-03-04,58172.78400369176,41447.66863760352,41447.66863760352,41447.66863760352,99620.45264129528,0.0013630769781931562,0.003795473587047163,0
2016-03-07,58172.78400369176,41878.44073855877,41878.44073855877,41878.44073855877,100051.22474225053,0.004324133142682429,0.0,0
2016-03-08,58172.78400369176,41695.178085803986,41695.178085803986,41695.178085803986,99867.96208949575,-0.0018316882499629372,0.0018316882499629596,0
2016-03-09,58172.78400369176,42526.20454108715,42526.20454108715,42526.20454108715,100698.98854477891,0.008321251759783044,0.0,0
2016-03-10,58172.78400369176,41991.82415634394,41991.82415634394,41991.82415634394,100164.6081600357,-0.005306710548592886,0.005306710548592898,0
2016-03-11,58172.78400369176,42049.92446509004,42049.92446509004,42049.92446509004,100222.7084687818,0.0005800482806588292,0.00472974041626368,0
2016-03-14,58172.78400369176,42443.862289220095,42443.862289220095,42443.862289220095,100616.64629291186,0.003930624407868288,0.0008177068415184713,0
2016-03-15,58172.78400369176,42264.71885237098,42264.71885237098,42264.71885237098,100437.50285606274,-0.0017804552571509813,0.0025967062082246782,0
2016-03-16,58172.78400369176,42690.350440353155,42690.350440353155,42690.350440353155,100863.13444404492,0.004237775491015006,0.0,0
2016-03-17,58172.78400369176,43347.076577335596,43347.076577335596,43347.076577335596,101519.86058102736,0.006511062149736846,0.0,0
2016-03-18,58172.78400369176,43859.2390986979,43859.2390986979,43859.2390986979,102032.02310238966,0.005044949022103173,0.0,0
2016-03-21,58172.78400369176,44194.53652447462,44194.53652447462,44194.53652447462,102367.32052816638,0.0032861979561087384,0.0,0
2016-03-22,58172.78400369176,43335.92501193285,43335.92501193285,43335.92501193285,101508.70901562461,-0.008387554818390708,0.008387554818390737,0
2016-03-23,100695.18451068971,0.0,0.0,0.0,100695.18451068971,-0.008014332098437826,0.016334666267020105,0
2016-03-24,65836.78088509303,34817.04947131872,34817.04947131872,34817.04947131872,100653.83035641175,-0.00041068651374853715,0.016738644353626153,0
2016-03-25,65836.78088509303,35137.926516354084,35137.926516354084,35137.926516354084,100974.70740144711,0.003187926817083353,0.013604079109759358,0
2016-03-28,65836.78088509303,35335.825690329075,35335.825690329075,35335.825690329075,101172.6065754221,0.001959888560886913,0.011670853027901147,0
2016-03-29,65836.78088509303,36316.276281267405,36316.276281267405,36316.276281267405,102153.05716636044,0.009690870129034579,0.0020930836198549663,0
2016-03-30,65836.78088509303,36806.357989668846,36806.357989668846,36806.357989668846,102643.13887476188,0.004797523657107172,0.0,0
2016-03-31,65836.78088509303,36965.49899548292,36965.49899548292,36965.49899548292,102802.27988057595,0.0015504300390525305,0.0,0
2016-04-01,65836.78088509303,37005.16343188286,37005.16343188286,37005.16343188286,102841.94431697589,0.000385832264089947,0.0,0
2016-04-04,65836.78088509303,37485.81083536148,37485.81083536148,37485.81083536148,103322.59172045451,0.004673651462648198,0.0,0
2016-04-05,65836.78088509303,37360.69212844968,37360.69212844968,37360.69212844968,103197.47301354271,-0.0012109520757117576,0.0012109520757117521,0
2016-04-06,65836.78088509303,37190.59818559885,37190.59818559885,37190.59818559885,103027.37907069188,-0.001648237479889736,0.0028571936190039254,0
2016-04-07,65836.78088509303,37301.294802963734,37301.294802963734,37301.294802963734,103138.07568805676,0.0010744388371650704,0.0017858246616283713,0
2016-04-08,65836.78088509303,37665.359040141106,37665.359040141106,37665.359040141106,103502.13992523414,0.0035298723070855687,0.0,0
2016-04-11,65836.78088509303,38220.24455496669,38220.24455496669,38220.24455496669,104057.02544005972,0.005361101859598261,0.0,0
2016-04-12,65836.78088509303,38001.70666372776,38001.70666372776,38001.70666372776,103838.48754882079,-0.002100174306489455,0.0021001743064894053,0
2016-04-13,65836.78088509303,38883.02199360728,38883.02199360728,38883.02199360728,104719.80287870031,0.008487366781658512,0.0,0
2016-04-14,65836.78088509303,38878.913847506046,38878.913847506046,38878.913847506046,104715.69473259908,-3.922988764593072e-05,3.9229887645939485e-05,0
2016-04-15,65836.78088509303,38951.5131637454,38951.5131637454,38951.5131637454,104788.29404883843,0.0006932992845507524,0.0,0
2016-04-18,65836.78088509303,39227.20569241047,39227.20569241047,39227.20569241047,105063.9865775035,0.002630947771099068,0.0,0
2016-04-19,65836.78088509303,38948.74946761131,38948.74946761131,38948.74946761131,104785.53035270434,-0.0026503489337303954,0.0026503489337304452,0
2016-04-20,65836.78088509303,38279.4960668385,38279.4960668385,38279.4960668385,104116.27695193153,-0.006386887564725052,0.009020309017808502,0
2016-04-21,65836.78088509303,38445.7407887578,38445.7407887578,38445.7407887578,104282.52167385083,0.0015967217306094295,0.007437990210624625,0
2016-04-22,65836.78088509303,38653.600744485855,38653.600744485855,38653.600744485855,104490.38162957889,0.0019932386788472645,0.005459577221558004,0
2016-04-25,65836.78088509303,38868.290667533875,38868.290667533875,38868.290667533875,104705.0715526269,0.002054638137021003,0.0034161565401083505,0
2016-04-26,65836.78088509303,39049.059893488884,39049.059893488884,39049.059893488884,104885.84077858191,0.001726461032636406,0.0016955933686198996,0
2016-04-27,65836.78088509303,39401.14627224207,39401.14627224207,39401.14627224207,105237.9271573351,0.003356853281049288,0.0,0
2016-04-28,65836.78088509303,39471.4377065897,39471.4377065897,39471.4377065897,105308.21859168273,0.000667928723477651,0.0,0
2016-04-29,65836.78088509303,39176.02991837263,39176.02991837263,39176.02991837263,105012.81080346566,-0.002805173159014962,0.0028051731590149516,0
2016-05-02,65836.78088509303,38307.78498905897,38307.78498905897,38307.78498905897,104144.565874152,-0.008267990568680217,0.011049970582472972,0
2016-05-03,65836.78088509303,37163.80596715212,37163.80596715212,37163.80596715212,103000.58685224515,-0.010984529171586654,0.021913121029851296,0
2016-05-04,65836.78088509303,36822.635289222,36822.635289222,36822.635289222,102659.41617431503,-0.003312317806689058,0.025152855615553065,0
2016-05-05,65836.78088509303,36995.526295244694,36995.526295244694,36995.526295244694,102832.30718033772,0.001684122240955599,0.02351109385816306,0
2016-05-06,65836.78088509303,36956.73851400614,36956.73851400614,36956.73851400614,102793.51939909917,-0.00037719450532736065,0.02387942010807286,0
2016-05-09,65836.78088509303,37754.723009228706,37754.723009228706,37754.723009228706,103591.50389432174,0.007762984474968482,0.01630181120067469,0
2016-05-10,65836.78088509303,37346.89083892107,37346.89083892107,37346.89083892107,103183.6717240141,-0.003936926822914799,0.020174558985811445,0
2016-05-11,65836.78088509303,37511.94096696377,37511.94096696377,37511.94096696377,103348.7218520568,0.001599576030635541,0.018607253696158264,0
2016-05-12,65836.78088509303,37550.321617126465,37550.321617126465,37550.321617126465,103387.1025022195,0.0003713703418377623,0.01824279353648628,0
2016-05-13,65836.78088509303,37219.59661966562,37219.59661966562,37219.59661966562,103056.37750475865,-0.0031988999542156282,0.02138333661929333,0
2016-05-16,65836.78088509303,37045.00326266885,37045.00326266885,37045.00326266885,102881.78414776188,-0.0016941538333103967,0.02304126379090123,0
2016-05-17,65836.78088509303,36962.943704366684,36962.943704366684,36962.943704366684,102799.72458945971,-0.0007976101793132351,0.023820496023670618,0
2016-05-18,65836.78088509303,37080.433198451996,37080.433198451996,37080.433198451996,102917.21408354503,0.001142896973260532,0.022704823423217085,0
2016-05-19,65836.78088509303,37080.433198451996,37080.433198451996,37080.433198451996,102917.21408354503,0.0,0.022704823423217085,0
2016-05-20,65836.78088509303,36945.512387663126,36945.512387663126,36945.512387663126,102782.29327275616,-0.0013109644678036547,0.02398602267426515,0
2016-05-23,65836.78088509303,37299.88341316581,37299.88341316581,37299.88341316581,103136.66429825884,0.0034477828254160237,0.020620938445875495,0
2016-05-24,65836.78088509303,38160.757042109966,38160.757042109966,38160.757042109966,103997.537927203,0.008346921386313433,0.012446138411681863,0
2016-05-25,65836.78088509303,37592.05405753851,37592.05405753851,37592.05405753851,103428.83494263154,-0.005468427386901675,0.017846504994431876,0
2016-05-26,65836.78088509303,37430.82860934734,37430.82860934734,37430.82860934734,103267.60949444037,-0.0015588056104527404,0.019377491372772334,0
2016-05-27,65836.78088509303,37446.04309237003,37446.04309237003,37446.04309237003,103282.82397746306,0.00014733064023819686,0.019233015630744244,0
2016-05-30,65836.78088509303,37621.96781176329,37621.96781176329,37621.96781176329,103458.74869685632,0.0017033298724640211,0.017562445928341663,0
2016-05-31,65836.78088509303,37514.588441967964,37514.588441967964,37514.588441967964,103351.369327061,-0.0010378955008431001,0.01858211344557192,0
2016-06-01,65836.78088509303,37073.16903093457,37073.16903093457,37073.16903093457,102909.9499160276,-0.004271055273941227,0.02277380348588047,0
2016-06-02,65836.78088509303,36895.98175171018,36895.98175171018,36895.98175171018,102732.7626368032,-0.0017217701434018018,0.024456362374388627,0
2016-06-03,65836.78088509303,37655.572801440954,37655.572801440954,37655.572801440954,103492.35368653398,0.007393854017303081,0.017243335130275976,0
2016-06-06,65836.78088509303,37941.247288793325,37941.247288793325,37941.247288793325,103778.02817388636,0.0027603439015180253,0.014530588763726635,0
2016-06-07,65836.78088509303,37649.031457841396,37649.031457841396,37649.031457841396,103485.81234293443,-0.00281577744435757,0.017305451303990024,0
2016-06-08,65836.78088509303,37763.30778577924,37763.30778577924,37763.30778577924,103600.08867087227,0.0011042704825967586,0.016220290720456356,0
2016-06-09,65836.78088509303,37333.34623602033,37333.34623602033,37333.34623602033,103170.12712111336,-0.004150204457110673,0.020303177654723326,0
2016-06-10,65836.78088509303,36662.62922170758,36662.62922170758,36662.62922170758,102499.41010680061,-0.006501077715309722,0.026672262834231977,0
2016-06-13,65836.78088509303,36527.33146548271,36527.33146548271,36527.33146548271,102364.11235057574,-0.0013199857061020337,0.027957041534643463,0
2016-06-14,65836.78088509303,36760.087600171566,36760.087600171566,36760.087600171566,102596.8684852646,0.0022738060179892106,0.02574680440594098,0
2016-06-15,65836.78088509303,37132.88638603687,37132.88638603687,37132.88638603687,102969.6672711299,0.0036336273355053184,0.02220673136272695,0
2016-06-16,65836.78088509303,36284.91124972701,36284.91124972701,36284.91124972701,102121.69213482004,-0.008235193516524242,0.030259048149109614,0
2016-06-17,65836.78088509303,36589.62391042709,36589.62391042709,36589.62391042709,102426.40479552012,0.002983819150761846,0.027365516525698894,0
2016-06-20,102994.22925043291,0.0,0.0,0.0,102994.22925043291,0.005543731189690426,0.021973492403493947,0
2016-06-21,69776.74921324871,33178.63562365621,33178.63562365621,33178.63562365621,102955.38483690492,-0.0003771513589710951,0.02234235642994377,0
2016-06-22,69776.74921324871,32874.7857350409,32874.7857350409,32874.7857350409,102651.53494828961,-0.0029512772847836155,0.025227695225707124,0
2016-06-23,69776.74921324871,32961.680887423456,32961.680887423456,32961.680887423456,102738.43010067217,0.0008465061182605371,0.024402544505804855,0
2016-06-24,69776.74921324871,32040.797066681087,32040.797066681087,32040.797066681087,101817.5462799298,-0.008963382249855378,0.03314719742138556,0
2016-06-27,69776.74921324871,31874.023983433843,31874.023983433843,31874.023983433843,101650.77319668255,-0.0016379601487226392,0.034730863781690095,0
2016-06-28,69776.74921324871,32568.893934085965,32568.893934085965,32568.893934085965,102345.64314733467,0.006835855043695771,0.02813242388834825,0
2016-06-29,69776.74921324871,32528.97295060754,32528.97295060754,32528.97295060754,102305.72216385625,-0.00039006040951794496,0.028511510953083574,0
2016-06-30,69776.74921324871,32546.54511604458,32546.54511604458,32546.54511604458,102323.29432929329,0.00017176131564666797,0.02834464681206932,0
2016-07-01,69776.74921324871,33262.97081814706,33262.97081814706,33262.97081814706,103039.72003139577,0.0070015894894559505,0.021541514903815142,0
2016-07-04,69776.74921324871,33336.525744870305,33336.525744870305,33336.525744870305,103113.27495811901,0.0007138502191275098,0.02084304209982213,0
2016-07-05,69776.74921324871,33336.525744870305,33336.525744870305,33336.525744870305,103113.27495811901,0.0,0.02084304209982213,0
2016-07-06,69776.74921324871,33336.525744870305,33336.525744870305,33336.525744870305,103113.27495811901,0.0,0.02084304209982213,0
2016-07-07,69776.74921324871,33336.525744870305,33336.525744870305,33336.525744870305,103113.27495811901,0.0,0.02084304209982213,0
2016-07-08,69776.74921324871,33237.737908661366,33237.737908661366,33237.737908661366,103014.48712191008,-0.0009580515820980517,0.021781124972460732,0
2016-07-11,69776.74921324871,33835.381246842444,33835.381246842444,33835.381246842444,103612.13046009115,0.0058015465094130025,0.016105942672602888,0
2016-07-12,69776.74921324871,34430.15554831177,34430.15554831177,34430.15554831177,104206.90476156048,0.005740392546975226,0.01045800455890754,0
2016-07-13,69776.74921324871,34573.2934750095,34573.2934750095,34573.2934750095,104350.04268825821,0.0013735934967578078,0.009098776109200995,0
2016-07-14,69776.74921324871,34846.015896335244,34846.015896335244,34846.015896335244,104622.76510958395,0.0026135343532200928,0.006509021719914583,0
2016-07-15,69776.74921324871,34985.42398545146,34985.42398545146,34985.42398545146,104762.17319870017,0.0013324833172798645,0.005185211565488268,0
2016-07-18,69776.74921324871,32395.696212038398,32395.696212038398,32395.696212038398,102172.44542528711,-0.0247200654047256,0.029777098201177684,0
2016-07-19,69776.74921324871,32341.632046066225,32341.632046066225,32341.632046066225,102118.38125931493,-0.0005291462463008489,0.030290488007739685,0
2016-07-20,69776.74921324871,31804.260244764388,31804.260244764388,31804.260244764388,101581.0094580131,-0.005262243630138053,0.035393335710305215,0
2016-07-21,69776.74921324871,30664.128106333315,30664.128106333315,30664.128106333315,100440.87731958202,-0.01122387092345567,0.04621995640219792,0
2016-07-22,69776.74921324871,30789.267671339214,30789.267671339214,30789.267671339214,100566.01688458792,0.0012459027474216455,0.04503163922544357,0
2016-07-25,69776.74921324871,31837.43352549523,31837.43352549523,31837.43352549523,101614.18273874394,0.010422664500662426,0.03507832439234277,0
2016-07-26,69776.74921324871,31846.623091325164,31846.623091325164,31846.623091325164,101623.37230457387,9.043585828516498e-05,0.034991060872431146,0
2016-07-27,69776.74921324871,32448.59754626453,32448.59754626453,32448.59754626453,102225.34675951324,0.005923582747630052,0.029274750569306247,0
2016-07-28,69776.74921324871,32628.931356154382,32628.931356154382,32628.931356154382,102405.68056940309,0.0017640811756216568,0.027562312430084928,0
2016-07-29,69776.74921324871,32851.56861381978,32851.56861381978,32851.56861381978,102628.31782706849,0.002174071364278607,0.02544816349999392,0
2016-08-01,69776.74921324871,33218.312793284655,33218.312793284655,33218.312793284655,102995.06200653336,0.003573518374166973,0.021965584605682986,0
2016-08-02,69776.74921324871,33058.25134935975,33058.25134935975,33058.25134935975,102835.00056260846,-0.0015540691059028333,0.02348551767515707,0
2016-08-03,69776.74921324871,32445.11836630106,32445.11836630106,32445.11836630106,102221.86757954977,-0.005962298630857732,0.029307788636135194,0
2016-08-04,69776.74921324871,32781.56334657222,32781.56334657222,32781.56334657222,102558.31255982093,0.0032913210082894384,0.026112928968290303,0
2016-08-05,69776.74921324871,32695.170632459223,32695.170632459223,32695.170632459223,102471.91984570793,-0.0008423765168972253,0.02693330856703722,0
2016-08-08,69776.74921324871,33211.26690888405,33211.26690888405,33211.26690888405,102988.01612213276,0.005036465377070254,0.022032491866054806,0
2016-08-09,69776.74921324871,33768.134487867355,33768.134487867355,33768.134487867355,103544.88370111606,0.005407110457617881,0.016744513525613215,0
2016-08-10,69776.74921324871,33433.97143948078,33433.97143948078,33433.97143948078,103210.72065272949,-0.0032272289701067436,0.01991770411657974,0
2016-08-11,69776.74921324871,33976.36239595711,33976.36239595711,33976.36239595711,103753.11160920582,0.005255180402250037,0.014767194842660933,0
2016-08-12,69776.74921324871,34114.391063667834,34114.391063667834,34114.391063667834,103891.14027691654,0.001330356897927265,0.013456483584255666,0
2016-08-15,69776.74921324871,34399.21757540107,34399.21757540107,34399.21757540107,104175.96678864978,0.0027415861542576803,0.010751789539077603,0
2016-08-16,69776.74921324871,33685.56732581556,33685.56732581556,33685.56732581556,103462.31653906427,-0.0068504307815385745,0.01752856593060108,0
2016-08-17,69776.74921324871,33934.93202212453,33934.93202212453,33934.93202212453,103711.68123537324,0.002410198269771069,0.01516061498010741,0
2016-08-18,69776.74921324871,33935.65390847623,33935.65390847623,33935.65390847623,103712.40312172494,6.96051151716226e-06,0.01515375999422541,0
2016-08-19,69776.74921324871,34080.77735949308,34080.77735949308,34080.77735949308,103857.52657274179,0.0013992873238750647,0.013775677134619376,0
2016-08-22,69776.74921324871,34288.92239498347,34288.92239498347,34288.92239498347,104065.67160823218,0.0020041401173231943,0.011799145404484944,0
2016-08-23,69776.74921324871,34245.002861745656,34245.002861745656,34245.002861745656,104021.75207499437,-0.000422036705852058,0.012216202437878573,0
2016-08-24,69776.74921324871,33935.73970793933,33935.73970793933,33935.73970793933,103712.48892118804,-0.0029730623416471813,0.015152945248099792,0
2016-08-25,69776.74921324871,34541.571708746254,34541.571708746254,34541.571708746254,104318.32092199496,0.005841456579711579,0.009400003940109834,0
2016-08-26,69776.74921324871,35085.228884615004,35085.228884615004,35085.228884615004,104861.97809786371,0.00521152153393345,0.004237470729129397,0
2016-08-29,69776.74921324871,35179.516235902905,35179.516235902905,35179.516235902905,104956.26544915162,0.0008991567105467446,0.0033421241688244797,0
2016-08-30,69776.74921324871,35179.516235902905,35179.516235902905,35179.516235902905,104956.26544915162,0.0,0.0033421241688244797,0
2016-08-31,69776.74921324871,34695.89883568138,34695.89883568138,34695.89883568138,104472.64804893009,-0.004607799240492483,0.007934523572110207,0
2016-09-01,69776.74921324871,34829.035276286304,34829.035276286304,34829.035276286304,104605.78448953501,0.0012743664786076803,0.006670268584366635,0
2016-09-02,69776.74921324871,35273.08854367584,35273.08854367584,35273.08854367584,105049.83775692455,0.004245016368420451,0.0024535676152686037,0
2016-09-05,69776.74921324871,35677.77496328205,35677.77496328205,35677.77496328205,105454.52417653076,0.003852327887860385,0.0,0
2016-09-06,69776.74921324871,35742.5516127795,35742.5516127795,35742.5516127795,105519.30082602821,0.000614261455383458,0.0,0
2016-09-07,69776.74921324871,35547.07802167535,35547.07802167535,35547.07802167535,105323.82723492406,-0.0018524913411473998,0.0018524913411474462,0
2016-09-08,69776.74921324871,35495.225653104484,35495.225653104484,35495.225653104484,105271.9748663532,-0.0004923137520934651,0.0023438930862779814,0
2016-09-09,69776.74921324871,35324.998488366604,35324.998488366604,35324.998488366604,105101.74770161531,-0.001617022621205555,0.00395712557934138,0
2016-09-12,69776.74921324871,35324.998488366604,35324.998488366604,35324.998488366604,105101.74770161531,0.0,0.00395712557934138,0
2016-09-13,69776.74921324871,35324.998488366604,35324.998488366604,35324.998488366604,105101.74770161531,0.0,0.00395712557934138,0
2016-09-14,69776.74921324871,35324.998488366604,35324.998488366604,35324.998488366604,105101.74770161531,0.0,0.00395712557934138,0
2016-09-15,69776.74921324871,35324.998488366604,35324.998488366604,35324.998488366604,105101.74770161531,0.0,0.00395712557934138,0
2016-09-16,38989.92085264734,65735.27174298465,65735.27174298465,65735.27174298465,104725.19259563199,-0.0035827673108953517,0.00752571543006601,0
2016-09-19,38989.92085264734,66466.41784282494,66466.41784282494,66466.41784282494,105456.33869547228,0.006981568443262809,0.0005966882841626636,0
2016-09-20,38989.92085264734,66337.01365262177,66337.01365262177,66337.01365262177,105326.9345052691,-0.0012270878337323765,0.0018230439289610141,0
2016-09-21,38989.92085264734,66761.8359343009,66761.8359343009,66761.8359343009,105751.75678694824,0.004033367947852806,0.0,0
2016-09-22,38989.92085264734,67790.57014550176,67790.57014550176,67790.57014550176,106780.4909981491,0.009727821479820653,0.0,0
2016-09-23,38989.92085264734,68086.34700850211,68086.34700850211,68086.34700850211,107076.26786114945,0.0027699522659572207,0.0,0
2016-09-26,38989.92085264734,65310.99197407812,65310.99197407812,65310.99197407812,104300.91282672546,-0.025919422574784856,0.0259194225747849,0
2016-09-27,38989.92085264734,65911.40448812582,65911.40448812582,65911.40448812582,104901.32534077315,0.00575654131661496,0.020312087485124523,0
2016-09-28,38989.92085264734,66699.6045171544,66699.6045171544,66699.6045171544,105689.52536980173,0.0075137280341130985,0.012950978952179823,0
2016-09-29,38989.92085264734,66453.26303281449,66453.26303281449,66453.26303281449,105443.18388546183,-0.002330803203798748,0.015251595972744544,0
2016-09-30,38989.92085264734,66066.84794047847,66066.84794047847,66066.84794047847,105056.76879312581,-0.003664675876591139,0.018860379693494838,0
2016-10-03,38989.92085264734,66609.2040205542,66609.2040205542,66609.2040205542,105599.12487320154,0.005162504865761752,0.013795241629670805,0
2016-10-04,38989.92085264734,66407.03977502324,66407.03977502324,66407.03977502324,105396.96062767057,-0.0019144500086881733,0.01568328133790119,0
2016-10-05,38989.92085264734,66776.7440057788,66776.7440057788,66776.7440057788,105766.66485842614,0.003507731423694427,0.012230562652982328,0
2016-10-06,38989.92085264734,67221.81839901395,67221.81839901395,67221.81839901395,106211.73925166129,0.0042080781674538326,0.00807395164920421,0
2016-10-07,38989.92085264734,67148.30738807097,67148.30738807097,67148.30738807097,106138.22824071831,-0.0006921175706274818,0.008760481096030894,0
2016-10-10,38989.92085264734,66943.10526587628,66943.10526587628,66943.10526587628,105933.02611852362,-0.001933347914281125,0.010676891952456961,0
2016-10-11,38989.92085264734,66633.681364486,66633.681364486,66633.681364486,105623.60221713333,-0.0029209389434800004,0.013566644346437746,0
2016-10-12,38989.92085264734,66027.77390142158,66027.77390142158,66027.77390142158,105017.69475406891,-0.005736477930556094,0.01922529752110876,0
2016-10-13,38989.92085264734,65348.99396578409,65348.99396578409,65348.99396578409,104338.91481843143,-0.006463481580195274,0.025564516744902524,0
2016-10-14,38989.92085264734,66412.81922285259,66412.81922285259,66412.81922285259,105402.74007549993,0.010195862770086661,0.015629306279330363,0
2016-10-17,38989.92085264734,66349.66789915599,66349.66789915599,66349.66789915599,105339.58875180333,-0.0005991430929723762,0.01621908518139753,0
2016-10-18,38989.92085264734,67229.06809735484,67229.06809735484,67229.06809735484,106218.98895000218,0.008348240282870956,0.008006245718789324,0
2016-10-19,38989.92085264734,67737.53183866292,67737.53183866292,67737.53183866292,106727.45269131026,0.004786938252137052,0.003257632870539647,0
2016-10-20,38989.92085264734,67595.0377271045,67595.0377271045,67595.0377271045,106584.95857975184,-0.001335121451559007,0.00458840498657194,0
2016-10-21,38989.92085264734,67631.10364856012,67631.10364856012,67631.10364856012,106621.02450120746,0.0003383772150986619,0.004251580383174388,0
2016-10-24,38989.92085264734,68238.13921199646,68238.13921199646,68238.13921199646,107228.0600646438,0.005693394584005862,0.0,0
2016-10-25,38989.92085264734,67995.39906256832,67995.39906256832,67995.39906256832,106985.31991521566,-0.002263774512770267,0.0022637745127702365,0
2016-10-26,38989.92085264734,67997.04529455397,67997.04529455397,67997.04529455397,106986.96614720131,1.5387456774096364e-05,0.0022484218897286697,0
2016-10-27,38989.92085264734,67782.72141115367,67782.72141115367,67782.72141115367,106772.64226380101,-0.0020032709695255724,0.0042471886609552565,0
2016-10-28,38989.92085264734,67297.90866468288,67297.90866468288,67297.90866468288,106287.82951733022,-0.004540608307444294,0.008768512148282347,0
2016-10-31,38989.92085264734,67260.7552435128,67260.7552435128,67260.7552435128,106250.67609616014,-0.0003495548017001804,0.009115001874457379,0
2016-11-01,38989.92085264734,66189.89674763754,66189.89674763754,66189.89674763754,105179.81760028488,-0.010078604063715302,0.019101739443240038,0
2016-11-02,38989.92085264734,66226.12706613913,66226.12706613913,66226.12706613913,105216.04791878647,0.0003444607466356331,0.018763858496035082,0
2016-11-03,38989.92085264734,66099.46174708754,66099.46174708754,66099.46174708754,105089.38259973488,-0.0012038593119308993,0.01994512876218773,0
2016-11-04,38989.92085264734,63987.396175274625,63987.396175274625,63987.396175274625,102977.31702792196,-0.02009780169569897,0.039642077215229096,0
2016-11-07,38989.92085264734,65473.64060315397,65473.64060315397,65473.64060315397,104463.5614558013,0.014432735973072042,0.025781484876028524,0
2016-11-08,38989.92085264734,65983.05245803948,65983.05245803948,65983.05245803948,104972.97331068682,0.004876454983789191,0.021030752142652456,0
2016-11-09,38989.92085264734,66871.3462159792,66871.3462159792,66871.3462159792,105861.26706862653,0.008462118676115349,0.01274659818701629,0
2016-11-10,38989.92085264734,67557.58516511321,67557.58516511321,67557.58516511321,106547.50601776055,0.006482436571339623,0.006346790629924361,0
2016-11-11,38989.92085264734,66965.92317013722,66965.92317013722,66965.92317013722,105955.84402278456,-0.005553034670538137,0.011864581352047848,0
2016-11-14,38989.92085264734,66452.0239122985,66452.0239122985,66452.0239122985,105441.94476494583,-0.004850126603004767,0.016657163233403487,0
2016-11-15,38989.92085264734,66584.86430395301,66584.86430395301,66584.86430395301,105574.78515660035,0.0012598439070017342,0.015418304752009376,0
2016-11-16,38989.92085264734,66730.81890897453,66730.81890897453,66730.81890897453,105720.73976162187,0.0013824759842515633,0.014057144203795377,0
2016-11-17,38989.92085264734,67051.34311110433,67051.34311110433,67051.34311110433,106041.26396375167,0.00303180059894137,0.011067962063070539,0
2016-11-18,38989.92085264734,67662.70664612949,67662.70664612949,67662.70664612949,106652.62749877683,0.005765336173606306,0.005366436411514511,0
2016-11-21,38989.92085264734,67185.92149789166,67185.92149789166,67185.92149789166,106175.842350539,-0.00447044915272532,0.009812895183130783,0
2016-11-22,38989.92085264734,67965.51006786339,67965.51006786339,67965.51006786339,106955.43092051073,0.007342428868121642,0.0025425167998815858,0
2016-11-23,38989.92085264734,67347.29151315987,67347.29151315987,67347.29151315987,106337.21236580721,-0.005780151128211286,0.008307971796743582,0
2016-11-24,38989.92085264734,66693.14331310615,66693.14331310615,66693.14331310615,105683.06416575349,-0.0061516395389734635,0.01440850368792356,0
2016-11-25,38989.92085264734,67024.20608415827,67024.20608415827,67024.20608415827,106014.12693680561,0.0031326000401812326,0.011321039726974002,0
2016-11-28,38989.92085264734,66649.18784064893,66649.18784064893,66649.18784064893,105639.10869329626,-0.0035374365128988394,0.01481842878057863,0
2016-11-29,38989.92085264734,66240.31732654013,66240.31732654013,66240.31732654013,105230.23817918746,-0.0038704464583838583,0.018631521303769917,0
2016-11-30,38989.92085264734,66160.54419277795,66160.54419277795,66160.54419277795,105150.46504542528,-0.0007580818512102905,0.019375478936819405,0
2016-12-01,38989.92085264734,64175.60223017074,64175.60223017074,64175.60223017074,103165.52308281808,-0.01887715819183211,0.03788688314771865,0
2016-12-02,38989.92085264734,64879.030233043246,64879.030233043246,64879.030233043246,103868.95108569058,0.006818440714033924,0.03132677190026688,0
2016-12-05,38989.92085264734,65740.02126118634,65740.02126118634,65740.02126118634,104729.94211383368,0.0082892049947898,0.023297240939583328,0
2016-12-06,38989.92085264734,67088.06793633662,67088.06793633662,67088.06793633662,106077.98878898396,0.012871645376114627,0.01072546938708489,0
2016-12-07,38989.92085264734,67247.42433152348,67247.42433152348,67247.42433152348,106237.34518417082,0.0015022569432745492,0.009239324854666917,0
2016-12-08,38989.92085264734,66843.626751367,66843.626751367,66843.626751367,105833.54760401434,-0.0038009005162588094,0.013005107616315695,0
2016-12-09,38989.92085264734,67062.55604555458,67062.55604555458,67062.55604555458,106052.47689820192,0.0020686190640297752,0.010963391165830706,0
2016-12-12,38989.92085264734,67623.31031554006,67623.31031554006,67623.31031554006,106613.2311681874,0.005287516957512839,0.005733843325019036,0
2016-12-13,75131.38814607901,31916.129345454276,31916.129345454276,31916.129345454276,107047.51749153329,0.004073474920395004,0.001683725071605918,0
2016-12-14,43742.95108780131,63052.084944047034,63052.084944047034,63052.084944047034,106795.03603184834,-0.002358592385899194,0.0040383462363713235,0
2016-12-15,43742.95108780131,63557.47194363922,63557.47194363922,63557.47194363922,107300.42303144053,0.00473230796459001,0.0,0
2016-12-16,43742.95108780131,63803.0758927539,63803.0758927539,63803.0758927539,107546.02698055521,0.0022889373795171863,0.0,0
2016-12-19,43742.95108780131,63675.89772447944,63675.89772447944,63675.89772447944,107418.84881228075,-0.0011825464114769701,0.0011825464114769819,0
2016-12-20,43742.95108780131,64187.968648828566,64187.968648828566,64187.968648828566,107930.91973662988,0.004767049079477559,0.0,0
2016-12-21,43742.95108780131,64411.20930454135,64411.20930454135,64411.20930454135,108154.16039234266,0.0020683661017393273,0.0,0
2016-12-22,43742.95108780131,64341.0581350252,64341.0581350252,64341.0581350252,108084.00922282651,-0.0006486220156641798,0.0006486220156641602,0
2016-12-23,43742.95108780131,64171.251361973584,64171.251361973584,64171.251361973584,107914.2024497749,-0.0015710628637168877,0.0022186658534196785,0
2016-12-26,43742.95108780131,64515.66412590444,64515.66412590444,64515.66412590444,108258.61521370575,0.0031915425042514656,0.0,0
2016-12-27,43742.95108780131,64066.19120539725,64066.19120539725,64066.19120539725,107809.14229319856,-0.004151844355480772,0.0041518443554808045,0
2016-12-28,43742.95108780131,64759.58254212886,64759.58254212886,64759.58254212886,108502.53362993017,0.006431656184091139,0.0,0
2016-12-29,43742.95108780131,65283.80171738565,65283.80171738565,65283.80171738565,109026.75280518696,0.004831400315910894,0.0,0
2016-12-30,43742.95108780131,66024.78098029643,66024.78098029643,66024.78098029643,109767.73206809774,0.006796306813198427,0.0,0
2017-01-02,43742.95108780131,66003.04834265262,66003.04834265262,66003.04834265262,109745.99943045393,-0.00019798748898569585,0.00019798748898566644,0
2017-01-03,43742.95108780131,65190.50737312436,65190.50737312436,65190.50737312436,108933.45846092567,-0.007403832246688502,0.007600353869518821,0
2017-01-04,43742.95108780131,65018.85784211755,65018.85784211755,65018.85784211755,108761.80892991886,-0.0015757282788224636,0.00916410605582003,0
2017-01-05,43742.95108780131,65186.177186369896,65186.177186369896,65186.177186369896,108929.1282741712,0.001538401631037134,0.00763980250048606,0
2017-01-06,43742.95108780131,65857.87927722931,65857.87927722931,65857.87927722931,109600.83036503062,0.00616641390141992,0.0015204987834091476,0
2017-01-09,43742.95108780131,66057.81206469983,66057.81206469983,66057.81206469983,109800.76315250114,0.0018241904445854829,0.0,0
2017-01-10,43742.95108780131,66567.76006093621,66567.76006093621,66567.76006093621,110310.71114873752,0.004644302840847603,0.0,0
2017-01-11,43742.95108780131,66559.02733848989,66559.02733848989,66559.02733848989,110301.9784262912,-7.916477335145888e-05,7.9164773351408e-05,0
2017-01-12,43742.95108780131,68025.38732720166,68025.38732720166,68025.38732720166,111768.33841500297,0.013294049749902337,0.0,0
2017-01-13,43742.95108780131,68835.35813067108,68835.35813067108,68835.35813067108,112578.3092184724,0.0072468716539557665,0.0,0
2017-01-16,43742.95108780131,69260.306904383,69260.306904383,69260.306904383,113003.25799218431,0.0037746949360133453,0.0,0
2017-01-17,43742.95108780131,70301.0594374612,70301.0594374612,70301.0594374612,114044.0105252625,0.009209933868899345,0.0,0
2017-01-18,43742.95108780131,70863.36724089086,70863.36724089086,70863.36724089086,114606.31832869217,0.004930621089523246,0.0,0
2017-01-19,43742.95108780131,69832.32853165269,69832.32853165269,69832.32853165269,113575.279619454,-0.008996351372889788,0.008996351372889767,0
2017-01-20,43742.95108780131,70301.88256116211,70301.88256116211,70301.88256116211,114044.83364896342,0.0041342978074341286,0.004899247161211498,0
2017-01-23,43742.95108780131,70385.63390669972,70385.63390669972,70385.63390669972,114128.58499450103,0.0007343721136494619,0.004168472918054999,0
2017-01-24,43742.95108780131,70439.37891513109,70439.37891513109,70439.37891513109,114182.3300029324,0.00047091627775786016,0.003699519642047704,0
2017-01-25,43742.95108780131,69886.05622010678,69886.05622010678,69886.05622010678,113629.00730790809,-0.0048459572948817975,0.008527549222732567,0
2017-01-26,43742.95108780131,70250.65266342461,70250.65266342461,70250.65266342461,113993.60375122592,0.0032086564157851605,0.005346254782471743,0
2017-01-27,43742.95108780131,69797.76926530153,69797.76926530153,69797.76926530153,113540.72035310284,-0.003972884295433188,0.009297899026240319,0
2017-01-30,43742.95108780131,71408.86877970397,71408.86877970397,71408.86877970397,115151.81986750528,0.014189618573777318,0.0,0
2017-01-31,43742.95108780131,71166.27025303245,71166.27025303245,71166.27025303245,114909.22134083376,-0.00210677110401436,0.0021067711040143773,0
2017-02-01,43742.95108780131,71666.04183842987,71666.04183842987,71666.04183842987,115408.99292623118,0.004349273100676898,0.0,0
2017-02-02,43742.95108780131,71974.89604262263,71974.89604262263,71974.89604262263,115717.84713042394,0.002676171036256836,0.0,0
2017-02-03,43742.95108780131,72459.97166733444,72459.97166733444,72459.97166733444,116202.92275513575,0.004191882555204307,0.0,0
2017-02-06,43742.95108780131,71645.52983899415,71645.52983899415,71645.52983899415,115388.48092679546,-0.00700878952981665,0.007008789529816681,0
2017-02-07,43742.95108780131,71449.91131186485,71449.91131186485,71449.91131186485,115192.86239966616,-0.0016953037734623866,0.008692211275941795,0
2017-02-08,43742.95108780131,72133.95807196945,72133.95807196945,72133.95807196945,115876.90915977076,0.005938273829252383,0.0028055541774277726,0
2017-02-09,43742.95108780131,72298.53150109202,72298.53150109202,72298.53150109202,116041.48258889333,0.0014202435180217243,0.0013892952295409076,0
2017-02-10,43742.95108780131,71794.6341541335,71794.6341541335,71794.6341541335,115537.58524193481,-0.0043423897705935355,0.005725652138741349,0
2017-02-13,43742.95108780131,72206.46213026345,72206.46213026345,72206.46213026345,115949.41321806476,0.003564450263241925,0.002181610677772607,0
2017-02-14,43742.95108780131,72171.73979335278,72171.73979335278,72171.73979335278,115914.69088115409,-0.0002994610834757827,0.00248041845375112,0
2017-02-15,43742.95108780131,71736.45354556292,71736.45354556292,71736.45354556292,115479.40463336423,-0.0037552293370316514,0.0062263332506370846,0
2017-02-16,43742.95108780131,72530.82339128852,72530.82339128852,72530.82339128852,116273.77447908983,0.0068788876098524465,0.0,0
2017-02-17,43742.95108780131,72884.60560327768,72884.60560327768,72884.60560327768,116627.556691079,0.0030426655845148254,0.0,0
2017-02-20,43742.95108780131,72437.24312097579,72437.24312097579,72437.24312097579,116180.1942087771,-0.0038358214387261835,0.0038358214387261553,0
2017-02-21,43742.95108780131,72530.99031718075,72530.99031718075,72530.99031718075,116273.94140498206,0.0008069120287101939,0.003032004580474754,0
2017-02-22,43742.95108780131,72309.70821265876,72309.70821265876,72309.70821265876,116052.65930046007,-0.0019031100334964135,0.00492934437563241,0
2017-02-23,43742.95108780131,72840.72142253071,72840.72142253071,72840.72142253071,116583.67251033202,0.004575622937662782,0.0003762762591624225,0
2017-02-24,43742.95108780131,72393.57312627882,72393.57312627882,72393.57312627882,116136.52421408013,-0.003835428123198481,0.004210261201814454,0
2017-02-27,43742.95108780131,72026.55101165175,72026.55101165175,72026.55101165175,115769.50209945306,-0.0031602643277881537,0.007357219991315849,0
2017-02-28,43742.95108780131,71720.13433374465,71720.13433374465,71720.13433374465,115463.08542154595,-0.002646782376621748,0.009984529407723673,0
2017-03-01,43742.95108780131,72600.91115028411,72600.91115028411,72600.91115028411,116343.86223808542,0.0076282113311265665,0.0024324821769611156,0
2017-03-02,43742.95108780131,72850.61574131995,72850.61574131995,72850.61574131995,116593.56682912126,0.0021462635521318774,0.0002914393726669642,0
2017-03-03,43742.95108780131,72771.66874901205,72771.66874901205,72771.66874901205,116514.61983681336,-0.0006771127640653463,0.0009683547994131042,0
2017-03-06,43742.95108780131,73587.68422133476,73587.68422133476,73587.68422133476,117330.63530913607,0.007003545765034369,0.0,0
2017-03-07,43742.95108780131,73755.214796938,73755.214796938,73755.214796938,117498.16588473931,0.001427850238446604,0.0,0
2017-03-08,43742.95108780131,73003.24354689568,73003.24354689568,73003.24354689568,116746.19463469699,-0.006399855217995243,0.006399855217995241,0
2017-03-09,43742.95108780131,73015.61489004642,73015.61489004642,73015.61489004642,116758.56597784773,0.00010596784922589642,0.0062945655476622535,0
2017-03-10,86292.27959484987,31123.99262597412,31123.99262597412,31123.99262597412,117416.27222082399,0.005633044885983374,0.0006969782319466969,0
2017-03-13,53323.17086074261,64983.92823595554,64983.92823595554,64983.92823595554,118307.09909669815,0.007586911584101408,0.0,0
2017-03-14,53323.17086074261,65404.23800672591,65404.23800672591,65404.23800672591,118727.40886746852,0.0035527011817508836,0.0,0
2017-03-15,53323.17086074261,65544.17665951699,65544.17665951699,65544.17665951699,118867.3475202596,0.001178654988986505,0.0,0
2017-03-16,53323.17086074261,65469.355042114854,65469.355042114854,65469.355042114854,118792.52590285747,-0.000629454757450354,0.0006294547574503908,0
2017-03-17,53323.17086074261,65647.82431402057,65647.82431402057,65647.82431402057,118970.99517476319,0.0015023611169919793,0.0,0
2017-03-20,53323.17086074261,66247.37536488473,66247.37536488473,66247.37536488473,119570.54622562735,0.005039472435978576,0.0,0
2017-03-21,53323.17086074261,66650.98022901267,66650.98022901267,66650.98022901267,119974.15108975528,0.0033754538794723565,0.0,0
2017-03-22,53323.17086074261,66522.24427343905,66522.24427343905,66522.24427343905,119845.41513418166,-0.0010730307687470964,0.0010730307687470799,0
2017-03-23,53323.17086074261,66725.24783694744,66725.24783694744,66725.24783694744,120048.41869769005,0.0016938784289837194,0.0,0
2017-03-24,53323.17086074261,67021.20622236282,67021.20622236282,67021.20622236282,120344.37708310543,0.002465325146520092,0.0,0
2017-03-27,53323.17086074261,66761.23758399487,66761.23758399487,66761.23758399487,120084.40844473748,-0.002160205941225013,0.0021602059412250403,0
2017-03-28,53323.17086074261,66626.86985120922,66626.86985120922,66626.86985120922,119950.04071195183,-0.0011189440371642823,0.0032767328288323665,0
2017-03-29,53323.17086074261,66218.79856403172,66218.79856403172,66218.79856403172,119541.96942477433,-0.0034020104099626858,0.006667595759600657,0
2017-03-30,53323.17086074261,66462.92817007005,66462.92817007005,66462.92817007005,119786.09903081266,0.002042208332463158,0.004639004046755236,0
2017-03-31,53323.17086074261,66559.78431984782,66559.78431984782,66559.78431984782,119882.95518059043,0.0008085758745082217,0.0038341791590009483,0
2017-04-03,53323.17086074261,66640.24287771434,66640.24287771434,66640.24287771434,119963.41373845695,0.0006711425969214702,0.003165609843037378,0
2017-04-04,53323.17086074261,66904.3775216043,66904.3775216043,66904.3775216043,120227.54838234691,0.002201793327304191,0.0009707865343624584,0
2017-04-05,53323.17086074261,67608.6606130004,67608.6606130004,67608.6606130004,120931.831473743,0.0058579177640414315,0.0,0
2017-04-06,53323.17086074261,67717.78065957874,67717.78065957874,67717.78065957874,121040.95152032135,0.0009023269163177527,0.0,0
2017-04-07,53323.17086074261,67389.53335829079,67389.53335829079,67389.53335829079,120712.7042190334,-0.0027118698024514165,0.0027118698024514473,0
2017-04-10,53323.17086074261,67965.86141383648,67965.86141383648,67965.86141383648,121289.03227457909,0.004774377802852836,0.0,0
2017-04-11,53323.17086074261,67590.057818681,67590.057818681,67590.057818681,120913.22867942361,-0.003098413666164923,0.00309841366616495,0
2017-04-12,53323.17086074261,67252.64568383992,67252.64568383992,67252.64568383992,120575.81654458253,-0.0027905311811303735,0.005880298627347895,0
2017-04-13,53323.17086074261,66521.89684595913,66521.89684595913,66521.89684595913,119845.06770670174,-0.0060604925500180595,0.011905153671343061,0
2017-04-14,53323.17086074261,66264.51080100983,66264.51080100983,66264.51080100983,119587.68166175245,-0.0021476565525349045,0.014027242042586818,0
2017-04-17,53323.17086074261,67086.72651393712,67086.72651393712,67086.72651393712,120409.89737467973,0.006875421460655673,0.007248263782904474,0
2017-04-18,53323.17086074261,67389.57625411451,67389.57625411451,67389.57625411451,120712.74711485712,0.0025151565343088933,0.004751337766611515,0
2017-04-19,53323.17086074261,67750.23495155573,67750.23495155573,67750.23495155573,121073.40581229834,0.002987743267063969,0.0017777902769692006,0
2017-04-20,53323.17086074261,68857.69815503806,68857.69815503806,68857.69815503806,122180.86901578067,0.009147039319264305,0.0,0
2017-04-21,53323.17086074261,68776.90880254656,68776.90880254656,68776.90880254656,122100.07966328917,-0.0006612275157501513,0.0006612275157501407,0
2017-04-24,53323.17086074261,69415.79870004952,69415.79870004952,69415.79870004952,122738.96956079213,0.005232510079148156,0.0,0
2017-04-25,53323.17086074261,69773.17617030442,69773.17617030442,69773.17617030442,123096.34703104703,0.0029116870667378336,0.0,0
2017-04-26,53323.17086074261,70396.80732034147,70396.80732034147,70396.80732034147,123719.97818108408,0.0050662035476956024,0.0,0
2017-04-27,53323.17086074261,70585.66187957674,70585.66187957674,70585.66187957674,123908.83274031935,0.0015264677702970797,0.0,0
2017-04-28,53323.17086074261,70958.87363683432,70958.87363683432,70958.87363683432,124282.04449757694,0.0030119867083222562,0.0,0
2017-05-01,53323.17086074261,70958.87363683432,70958.87363683432,70958.87363683432,124282.04449757694,0.0,0.0,0
2017-05-02,53323.17086074261,71871.93714623898,71871.93714623898,71871.93714623898,125195.1080069816,0.0073467049330884215,0.0,0
2017-05-03,53323.17086074261,71334.06654778868,71334.06654778868,71334.06654778868,124657.23740853129,-0.004296258911492878,0.0042962589114928385,0
2017-05-04,53323.17086074261,71379.23491834104,71379.23491834104,71379.23491834104,124702.40577908365,0.0003623405386752321,0.003935475081585984,0
2017-05-05,53323.17086074261,72332.70445843786,72332.70445843786,72332.70445843786,125655.87531918047,0.007645959467581953,0.0,0
2017-05-08,53323.17086074261,73355.69377823919,73355.69377823919,73355.69377823919,126678.8646389818,0.008141197673430023,0.0,0
2017-05-09,53323.17086074261,74178.71037270129,74178.71037270129,74178.71037270129,127501.8812334439,0.0064968737824386835,0.0,0
2017-05-10,53323.17086074261,74227.05016625673,74227.05016625673,74227.05016625673,127550.22102699934,0.00037913004175149645,0.0,0
2017-05-11,53323.17086074261,73520.35876961052,73520.35876961052,73520.35876961052,126843.52963035314,-0.005540495272811863,0.005540495272811891,0
2017-05-12,53323.17086074261,73530.46567992121,73530.46567992121,73530.46567992121,126853.63654066382,7.96801408802228e-05,0.005461256599375595,0
2017-05-15,53323.17086074261,73811.88674847037,73811.88674847037,73811.88674847037,127135.05760921298,0.0022184706424159817,0.0032549015943961366,0
2017-05-16,53323.17086074261,74179.2153904438,74179.2153904438,74179.2153904438,127502.38625118641,0.0028892789202370484,0.0003750269927231128,0
2017-05-17,53323.17086074261,74452.34075541794,74452.34075541794,74452.34075541794,127775.51161616055,0.0021421196340283277,0.0,0
2017-05-18,53323.17086074261,73620.15213318169,73620.15213318169,73620.15213318169,126943.3229939243,-0.006512896029218451,0.00651289602921848,0
2017-05-19,53323.17086074261,73620.15213318169,73620.15213318169,73620.15213318169,126943.3229939243,0.0,0.00651289602921848,0
2017-05-22,53323.17086074261,74031.64230625331,74031.64230625331,74031.64230625331,127354.81316699593,0.0032415267173313556,0.003292481038373089,0
2017-05-23,53323.17086074261,74568.26383598149,74568.26383598149,74568.26383598149,127891.4346967241,0.004213594416918598,0.0,0
2017-05-24,53323.17086074261,74270.38480772078,74270.38480772078,74270.38480772078,127593.55566846339,-0.002329155419728335,0.0023291554197283387,0
2017-05-25,53323.17086074261,74064.54482354969,74064.54482354969,74064.54482354969,127387.7156842923,-0.0016132474958684417,0.003938645411448363,0
2017-05-26,53323.17086074261,73835.71513553709,73835.71513553709,73835.71513553709,127158.8859962797,-0.001796324604640187,0.005727894930426989,0
2017-05-29,53323.17086074261,74255.67308372259,74255.67308372259,74255.67308372259,127578.8439444652,0.0033026236813509247,0.0024441883305176787,0
2017-05-30,53323.17086074261,74557.54898443818,74557.54898443818,74557.54898443818,127880.71984518079,0.00236619090894874,8.378083777632187e-05,0
2017-05-31,53323.17086074261,74338.35291332006,74338.35291332006,74338.35291332006,127661.52377406268,-0.0017140666034995977,0.0017977038353399033,0
2017-06-01,53323.17086074261,74427.69987478852,74427.69987478852,74427.69987478852,127750.87073553113,0.0006998738447347996,0.0010990881565000226,0
2017-06-02,53323.17086074261,75202.23909836262,75202.23909836262,75202.23909836262,128525.40995910524,0.006062888018802948,0.0,0
2017-06-05,53323.17086074261,74135.11435630918,74135.11435630918,74135.11435630918,127458.28521705179,-0.00830283087517858,0.008302830875178625,0
2017-06-06,53323.17086074261,74090.60676011443,74090.60676011443,74090.60676011443,127413.77762085704,-0.00034919343312167506,0.008649125014282368,0
2017-06-07,90991.5692198959,36113.081059254706,36113.081059254706,36113.081059254706,127104.6502791506,-0.002426168876542567,0.011054309652905938,0
2017-06-08,60040.5064665236,67333.94269620627,67333.94269620627,67333.94269620627,127374.44916272987,0.0021226515551298064,0.0089551225453518,0
2017-06-09,60040.5064665236,67441.17863236368,67441.17863236368,67441.17863236368,127481.68509888728,0.0008418951906155048,0.008120766629338569,0
2017-06-12,60040.5064665236,67129.53774665296,67129.53774665296,67129.53774665296,127170.04421317656,-0.0024445933976239287,0.0105455080544768,0
2017-06-13,60040.5064665236,67121.35477419198,67121.35477419198,67121.35477419198,127161.86124071557,-6.434669824650907e-05,0.010609176184098708,0
2017-06-14,60040.5064665236,67621.28526557237,67621.28526557237,67621.28526557237,127661.79173209597,0.003931449937131903,0.00671943569200875,0
2017-06-15,60040.5064665236,67450.25851576775,67450.25851576775,67450.25851576775,127490.76498229135,-0.0013396862717038882,0.008050120027962505,0
2017-06-16,60040.5064665236,67217.51245300472,67217.51245300472,67217.51245300472,127258.01891952832,-0.001825591546143479,0.009861015343037488,0
2017-06-19,60040.5064665236,67913.73055648059,67913.73055648059,67913.73055648059,127954.23702300419,0.005470917348761484,0.004444046794192599,0
2017-06-20,60040.5064665236,67682.34736041725,67682.34736041725,67682.34736041725,127722.85382694085,-0.0018083277384690621,0.006244338239572639,0
2017-06-21,60040.5064665236,67850.49241991341,67850.49241991341,67850.49241991341,127890.99888643701,0.0013164837337880098,0.004936075075505195,0
2017-06-22,60040.5064665236,68226.87160934508,68226.87160934508,68226.87160934508,128267.37807586868,0.0029429685647062165,0.0020076332245791777,0
2017-06-23,60040.5064665236,68295.77312853187,68295.77312853187,68295.77312853187,128336.27959505547,0.0005371710268065044,0.001471540640173354,0
2017-06-26,60040.5064665236,68295.77312853187,68295.77312853187,68295.77312853187,128336.27959505547,0.0,0.001471540640173354,0
2017-06-27,60040.5064665236,68295.77312853187,68295.77312853187,68295.77312853187,128336.27959505547,0.0,0.001471540640173354,0
2017-06-28,60040.5064665236,68692.97437007725,68692.97437007725,68692.97437007725,128733.48083660085,0.0030950035547132604,0.0,0
2017-06-29,60040.5064665236,68631.10223280638,68631.10223280638,68631.10223280638,128671.60869932998,-0.0004806219552891955,0.00048062195528916866,0
2017-06-30,60040.5064665236,68891.65464978665,68891.65464978665,68891.65464978665,128932.16111631025,0.002024941007686465,0.0,0
2017-07-03,60040.5064665236,68928.58328225464,68928.58328225464,68928.58328225464,128969.08974877823,0.0002864190916234133,0.0,0
2017-07-04,60040.5064665236,69471.38284943253,69471.38284943253,69471.38284943253,129511.88931595613,0.004208757061364254,0.0,0
2017-07-05,60040.5064665236,68985.12083598971,68985.12083598971,68985.12083598971,129025.62730251331,-0.0037545743175479984,0.0037545743175480483,0
2017-07-06,60040.5064665236,68779.56180863827,68779.56180863827,68779.56180863827,128820.06827516187,-0.0015931643321484001,0.005341756995811346,0
2017-07-07,60040.5064665236,68621.66173669696,68621.66173669696,68621.66173669696,128662.16820322056,-0.001225741253327417,0.006560950637223714,0
2017-07-10,60040.5064665236,69500.34752088785,69500.34752088785,69500.34752088785,129540.85398741145,0.006829402896452175,0.0,0
2017-07-11,60040.5064665236,69854.73426905274,69854.73426905274,69854.73426905274,129895.24073557634,0.002735714157012792,0.0,0
2017-07-12,60040.5064665236,69978.46454774588,69978.46454774588,69978.46454774588,130018.97101426948,0.0009525389690374642,0.0,0
2017-07-13,60040.5064665236,70340.65278474987,70340.65278474987,70340.65278474987,130381.15925127346,0.0027856568482167443,0.0,0
2017-07-14,60040.5064665236,70399.5470700115,70399.5470700115,70399.5470700115,130440.0535365351,0.0004517085566644319,0.0,0
2017-07-17,60040.5064665236,70931.24256628007,70931.24256628007,70931.24256628007,130971.74903280367,0.004076167418312515,0.0,0
2017-07-18,60040.5064665236,71336.25015863776,71336.25015863776,71336.25015863776,131376.75662516136,0.003092327890164004,0.0,0
2017-07-19,60040.5064665236,72321.52581582963,72321.52581582963,72321.52581582963,132362.03228235323,0.00749961928199383,0.0,0
2017-07-20,60040.5064665236,72402.04977826029,72402.04977826029,72402.04977826029,132442.5562447839,0.0006083614843483964,0.0,0
2017-07-21,60040.5064665236,72807.45801765472,72807.45801765472,72807.45801765472,132847.96448417832,0.0030610118899030425,0.0,0
2017-07-24,60040.5064665236,73362.81337123364,73362.81337123364,73362.81337123364,133403.31983775724,0.0041803828589714875,0.0,0
2017-07-25,60040.5064665236,73482.21601039171,73482.21601039171,73482.21601039171,133522.7224769153,0.0008950499830384651,0.0,0
2017-07-26,60040.5064665236,73909.51691548526,73909.51691548526,73909.51691548526,133950.02338200886,0.003200211148835841,0.0,0
2017-07-27,60040.5064665236,74288.55701824278,74288.55701824278,74288.55701824278,134329.06348476638,0.0028297128525056614,0.0,0
2017-07-28,60040.5064665236,74442.13972693682,74442.13972693682,74442.13972693682,134482.64619346042,0.0011433319395652841,0.0,0
2017-07-31,60040.5064665236,74486.80082078278,74486.80082078278,74486.80082078278,134527.30728730638,0.0003320955908445722,0.0,0
2017-08-01,60040.5064665236,74097.85487814248,74097.85487814248,74097.85487814248,134138.36134466607,-0.002891204399190439,0.0028912043991904416,0
2017-08-02,60040.5064665236,74207.68822034448,74207.68822034448,74207.68822034448,134248.19468686808,0.0008188063511509469,0.0020747653845639195,0
2017-08-03,60040.5064665236,74031.44612635672,74031.44612635672,74031.44612635672,134071.95259288032,-0.001312807925639814,0.0033848495417630776,0
2017-08-04,60040.5064665236,74954.92810377479,74954.92810377479,74954.92810377479,134995.43457029838,0.006887957992394389,0.0,0
2017-08-07,60040.5064665236,75934.73499264568,75934.73499264568,75934.73499264568,135975.24145916928,0.007258074259990366,0.0,0
2017-08-08,60040.5064665236,75395.20771096647,75395.20771096647,75395.20771096647,135435.71417749007,-0.003967834702034545,0.003967834702034507,0
2017-08-09,60040.5064665236,74797.46099828184,74797.46099828184,74797.46099828184,134837.96746480544,-0.004413508772887487,0.008363831401655173,0
2017-08-10,60040.5064665236,74490.81550145149,74490.81550145149,74490.81550145149,134531.3219679751,-0.0022741776859724894,0.010618988248884777,0
2017-08-11,60040.5064665236,74009.10282862186,74009.10282862186,74009.10282862186,134049.60929514546,-0.0035806730044940505,0.01416163812882102,0
2017-08-14,60040.5064665236,75365.90257626772,75365.90257626772,75365.90257626772,135406.40904279132,0.010121624037400245,0.00418335286831442,0
2017-08-15,60040.5064665236,74407.35896400362,74407.35896400362,74407.35896400362,134447.86543052722,-0.007079012131258722,0.011232750993868982,0
2017-08-16,60040.5064665236,73675.85335560888,73675.85335560888,73675.85335560888,133716.35982213248,-0.005440812362861425,0.01661244806625402,0
2017-08-17,60040.5064665236,74774.75865587592,74774.75865587592,74774.75865587592,134815.26512239952,0.008218181393277346,0.008530790784571455,0
2017-08-18,60040.5064665236,75265.11824449152,75265.11824449152,75265.11824449152,135305.62471101512,0.003637270513620283,0.004924549064729819,0
2017-08-21,60040.5064665236,75781.22046746314,75781.22046746314,75781.22046746314,135821.72693398673,0.00381434418616311,0.0011289888036613092,0
2017-08-22,60040.5064665236,76232.68798913807,76232.68798913807,76232.68798913807,136273.19445566167,0.0033239712958026413,0.0,0
2017-08-23,60040.5064665236,76895.40075943619,76895.40075943619,76895.40075943619,136935.9072259598,0.004863119067145316,0.0,0
2017-08-24,60040.5064665236,76911.21430158615,76911.21430158615,76911.21430158615,136951.72076810975,0.00011548134065275661,0.0,0
2017-08-25,60040.5064665236,77085.62836141884,77085.62836141884,77085.62836141884,137126.13482794244,0.0012735441282114568,0.0,0
2017-08-28,60040.5064665236,77285.6908397004,77285.6908397004,77285.6908397004,137326.197306224,0.001458966801132222,0.0,0
2017-08-29,60040.5064665236,77398.58912152052,77398.58912152052,77398.58912152052,137439.09558804412,0.0008221175859721708,0.0,0
2017-08-30,60040.5064665236,77398.58912152052,77398.58912152052,77398.58912152052,137439.09558804412,0.0,0.0,0
2017-08-31,60040.5064665236,77351.68440354615,77351.68440354615,77351.68440354615,137392.19087006975,-0.0003412763869965474,0.00034127638699657606,0
2017-09-01,60040.5064665236,77351.68440354615,77351.68440354615,77351.68440354615,137392.19087006975,0.0,0.00034127638699657606,0
2017-09-04,60040.5064665236,77351.68440354615,77351.68440354615,77351.68440354615,137392.19087006975,0.0,0.00034127638699657606,0
2017-09-05,17741.724832820615,119069.85674160719,119069.85674160719,119069.85674160719,136811.5815744278,-0.004225926466163044,0.0045657606442434835,0
2017-09-06,17741.724832820615,119371.03592000157,119371.03592000157,119371.03592000157,137112.76075282219,0.0022014158079923796,0.0023743959739089024,0
2017-09-07,17741.724832820615,119931.62969634682,119931.62969634682,119931.62969634682,137673.35452916744,0.004088560198680868,0.0,0
2017-09-08,17741.724832820615,119703.40957028419,119703.40957028419,119703.40957028419,137445.1344031048,-0.0016576927818976461,0.0016576927818976108,0
2017-09-11,17741.724832820615,121391.81298717856,121391.81298717856,121391.81298717856,139133.53781999918,0.012284199249589678,0.0,0
2017-09-12,17741.724832820615,121560.67087808996,121560.67087808996,121560.67087808996,139302.39571091058,0.0012136390230359506,0.0,0
2017-09-13,17741.724832820615,120749.55675643682,120749.55675643682,120749.55675643682,138491.28158925744,-0.005822686088876816,0.005822686088876867,0
2017-09-14,17741.724832820615,119770.68174933642,119770.68174933642,119770.68174933642,137512.40658215704,-0.007068134512637325,0.012849665073013139,0
2017-09-15,17741.724832820615,119984.53238725662,119984.53238725662,119984.53238725662,137726.25722007724,0.001555137047161148,0.011314511016050632,0
2017-09-18,17741.724832820615,117152.28892985731,117152.28892985731,117152.28892985731,134894.01376267793,-0.02056429554223327,0.031646131609834,0
2017-09-19,17741.724832820615,114842.38481288403,114842.38481288403,114842.38481288403,132584.10964570465,-0.017123844509787878,0.04822807268259878,0
2017-09-20,17741.724832820615,115234.89932263643,115234.89932263643,115234.89932263643,132976.62415545704,0.0029604943669439,0.045410357253160186,0
2017-09-21,17741.724832820615,113837.07556521147,113837.07556521147,113837.07556521147,131578.8003980321,-0.010511800598809184,0.05544481323140341,0
2017-09-22,17741.724832820615,113858.07946326584,113858.07946326584,113858.07946326584,131599.80429608645,0.00015962980351558187,0.05529403407252987,0
2017-09-25,17741.724832820615,110073.63960764557,110073.63960764557,110073.63960764557,127815.36444046619,-0.028757184525180945,0.08246111785674548,0
2017-09-26,17741.724832820615,112934.59028809518,112934.59028809518,112934.59028809518,130676.3151209158,0.02238346456213547,0.06192341880391054,0
2017-09-27,17741.724832820615,110204.45188137144,110204.45188137144,110204.45188137144,127946.17671419206,-0.020892373680705068,0.08152206527937748,0
2017-09-28,17741.724832820615,112410.42937164754,112410.42937164754,112410.42937164754,130152.15420446816,0.017241449075917625,0.06568617474053788,0
2017-09-29,17741.724832820615,113820.12560629845,113820.12560629845,113820.12560629845,131561.85043911907,0.01083114023941767,0.055566490671525866,0
2017-10-02,17741.724832820615,115142.70544742048,115142.70544742048,115142.70544742048,132884.4302802411,0.010052913034497513,0.046072182735381426,0
2017-10-03,17741.724832820615,114679.56860597432,114679.56860597432,114679.56860597432,132421.29343879494,-0.0034852603910739965,0.049396869572837496,0
2017-10-04,17741.724832820615,115720.81756037474,115720.81756037474,115720.81756037474,133462.54239319536,0.007863153480536678,0.041922131259210155,0
2017-10-05,17741.724832820615,115591.36304990202,115591.36304990202,115591.36304990202,133333.08788272264,-0.0009699688628088676,0.04285143696003506,0
2017-10-06,17741.724832820615,114776.57064644247,114776.57064644247,114776.57064644247,132518.2954792631,-0.006110954275477587,0.04870052806361133,0
2017-10-09,17741.724832820615,110926.17100834101,110926.17100834101,110926.17100834101,128667.89584116163,-0.029055607938331618,0.07634111255213699,0
2017-10-10,17741.724832820615,113321.55302200466,113321.55302200466,113321.55302200466,131063.27785482528,0.01861678080615148,0.05914555750486628,0
2017-10-11,17741.724832820615,114236.34176586568,114236.34176586568,114236.34176586568,131978.0665986863,0.006979748704853073,0.05257862992840558,0
2017-10-12,17741.724832820615,115981.9060165137,115981.9060165137,115981.9060165137,133723.63084933432,0.013226169284293876,0.04004787450428115,0
2017-10-13,17741.724832820615,116909.45632850379,116909.45632850379,116909.45632850379,134651.1811613244,0.006936323117304077,0.03338933638469995,0
2017-10-16,17741.724832820615,117821.40082987398,117821.40082987398,117821.40082987398,135563.1256626946,0.006772643904828346,0.026842826565423628,0
2017-10-17,17741.724832820615,118260.69644453377,118260.69644453377,118260.69644453377,136002.42127735438,0.003240524386792565,0.023689287012726767,0
2017-10-18,17741.724832820615,118304.44097334892,118304.44097334892,118304.44097334892,136046.16580616953,0.0003216452207563947,0.023375261337921206,0
2017-10-19,17741.724832820615,119538.90385555476,119538.90385555476,119538.90385555476,137280.62868837538,0.009073852797620408,0.014513512220786982,0
2017-10-20,17741.724832820615,120036.80899724364,120036.80899724364,120036.80899724364,137778.53383006426,0.003626914783579016,0.010939236709243244,0
2017-10-23,17741.724832820615,119535.54062846303,119535.54062846303,119535.54062846303,137277.26546128365,-0.0036382181958684034,0.014537655575067187,0
2017-10-24,17741.724832820615,119820.95039223135,119820.95039223135,119820.95039223135,137562.67522505196,0.0020790752409678426,0.012488805213867252,0
2017-10-25,17741.724832820615,120764.52034886181,120764.52034886181,120764.52034886181,138506.24518168243,0.006859200397831611,0.00571526803372696,0
2017-10-26,17741.724832820615,120286.25156097859,120286.25156097859,120286.25156097859,138027.9763937992,-0.0034530485412832546,0.00914858147706326,0
2017-10-27,17741.724832820615,120186.40133338422,120186.40133338422,120186.40133338422,137928.12616620483,-0.0007234057196455757,0.00986536906054166,0
2017-10-30,17741.724832820615,120990.20869133621,120990.20869133621,120990.20869133621,138731.93352415683,0.005827726224478802,0.00409513550605124,0
2017-10-31,17741.724832820615,121879.61510141939,121879.61510141939,121879.61510141939,139621.33993424,0.006410971053959269,0.0,0
2017-11-01,17741.724832820615,123414.6615768671,123414.6615768671,123414.6615768671,141156.38640968772,0.01099435427400075,0.0,0
2017-11-02,17741.724832820615,123252.05446181446,123252.05446181446,123252.05446181446,140993.77929463508,-0.001151964280104889,0.0011519642801048676,0
2017-11-03,17741.724832820615,122659.10611949116,122659.10611949116,122659.10611949116,140400.83095231178,-0.004205492932310317,0.005352612634776892,0
2017-11-06,17741.724832820615,125794.95594812185,125794.95594812185,125794.95594812185,143536.68078094246,0.022334980550761774,0.0,0
2017-11-07,17741.724832820615,125135.40870403498,125135.40870403498,125135.40870403498,142877.1335368556,-0.004594973497355825,0.004594973497355879,0
2017-11-08,17741.724832820615,126095.35795233771,126095.35795233771,126095.35795233771,143837.08278515833,0.006718704557822752,0.0,0
2017-11-09,17741.724832820615,125228.6261003092,125228.6261003092,125228.6261003092,142970.3509331298,-0.006025788588351122,0.006025788588351096,0
2017-11-10,17741.724832820615,124309.40900757909,124309.40900757909,124309.40900757909,142051.1338403997,-0.0064294246095824015,0.012416470844491467,0
2017-11-13,17741.724832820615,124549.72676593438,124549.72676593438,124549.72676593438,142291.451598755,0.001691769378098007,0.010745707271552217,0
2017-11-14,17741.724832820615,126663.99112371355,126663.99112371355,126663.99112371355,144405.71595653417,0.01485868851588612,0.0,0
2017-11-15,17741.724832820615,122785.56861437485,122785.56861437485,122785.56861437485,140527.29344719546,-0.026857818498722708,0.026857818498722753,0
2017-11-16,17741.724832820615,119873.3769040741,119873.3769040741,119873.3769040741,137615.10173689472,-0.020723317434381716,0.047024552834760446,0
2017-11-17,17741.724832820615,118961.20663524047,118961.20663524047,118961.20663524047,136702.93146806108,-0.006628416920241853,0.053341271413325564,0
2017-11-20,17741.724832820615,117250.61559964344,117250.61559964344,117250.61559964344,134992.34043246406,-0.012513199367613304,0.06518700081722195,0
2017-11-21,17741.724832820615,119341.24434822053,119341.24434822053,119341.24434822053,137082.96918104115,0.01548701757358617,0.05070953547086154,0
2017-11-22,17741.724832820615,121567.17756170034,121567.17756170034,121567.17756170034,139308.90239452096,0.016237853810564085,0.03529509568407486,0
2017-11-23,17741.724832820615,122885.19407579303,122885.19407579303,122885.19407579303,140626.91890861365,0.009461107592105389,0.026167918789710067,0
2017-11-24,17741.724832820615,122661.81386105716,122661.81386105716,122661.81386105716,140403.53869387778,-0.001588459851566748,0.027714811952880298,0
2017-11-27,17741.724832820615,120662.09263440222,120662.09263440222,120662.09263440222,138403.81746722283,-0.014242669702328126,0.04156274874270141,0
2017-11-28,17741.724832820615,115021.29734249413,115021.29734249413,115021.29734249413,132763.02217531475,-0.04075606724680081,0.08062488180678284,0
2017-11-29,17741.724832820615,114284.66179279238,114284.66179279238,114284.66179279238,132026.386625613,-0.005548499406175189,0.0857260341041301,0
2017-11-30,60233.31819080592,76257.7526820004,76257.7526820004,76257.7526820004,136491.0708728063,0.03381660561425348,0.05480839197605004,0
2017-12-01,16923.052676377774,119249.26407570392,119249.26407570392,119249.26407570392,136172.31675208168,-0.002335347790051845,0.05701574310902437,0
2017-12-04,16923.052676377774,121635.84532482177,121635.84532482177,121635.84532482177,138558.89800119953,0.01752618524852534,0.04048882633631014,0
2017-12-05,16923.052676377774,122851.55328434706,122851.55328434706,122851.55328434706,139774.60596072482,0.008773943622983893,0.03207012939296191,0
2017-12-06,16923.052676377774,122174.61987978965,122174.61987978965,122174.61987978965,139097.6725561674,-0.004843035685234698,0.03675784829711638,0
2017-12-07,16923.052676377774,123937.52412466705,123937.52412466705,123937.52412466705,140860.5768010448,0.012673858681319983,0.024549853390543372,0
2017-12-08,16923.052676377774,125986.87953178585,125986.87953178585,125986.87953178585,142909.9322081636,0.014548821633844078,0.010358203194815322,0
2017-12-11,16923.052676377774,127354.95771680772,127354.95771680772,127354.95771680772,144278.01039318548,0.009573009824321632,0.0008843525514400552,0
2017-12-12,16923.052676377774,126981.30642536283,126981.30642536283,126981.30642536283,143904.35910174059,-0.0025898006939978346,0.003471862948586425,0
2017-12-13,16923.052676377774,126532.3459417969,126532.3459417969,126532.3459417969,143455.39861817466,-0.003119853257874672,0.0065808845035300175,0
2017-12-14,16923.052676377774,128744.14373077452,128744.14373077452,128744.14373077452,145667.19640715228,0.015418017099967152,0.0,0
2017-12-15,16923.052676377774,129363.75975646079,129363.75975646079,129363.75975646079,146286.81243283855,0.004253641457850232,0.0,0
2017-12-18,16923.052676377774,130622.44695718586,130622.44695718586,130622.44695718586,147545.49963356362,0.00860424244531921,0.0,0
2017-12-19,16923.052676377774,131318.17094156146,131318.17094156146,131318.17094156146,148241.22361793922,0.004715318231348631,0.0,0
2017-12-20,16923.052676377774,131965.51252029836,131965.51252029836,131965.51252029836,148888.56519667612,0.004366812165590872,0.0,0
2017-12-21,16923.052676377774,133094.37024746835,133094.37024746835,133094.37024746835,150017.4229238461,0.007581896740550986,0.0,0
2017-12-22,16923.052676377774,134582.33835104108,134582.33835104108,134582.33835104108,151505.39102741884,0.009918635279637211,0.0,0
2017-12-25,16923.052676377774,136524.10648088157,136524.10648088157,136524.10648088157,153447.15915725933,0.012816495285564278,0.0,0
2017-12-26,16923.052676377774,134786.8315447867,134786.8315447867,134786.8315447867,151709.88422116445,-0.011321649391465405,0.011321649391465405,0
2017-12-27,16923.052676377774,136035.32433521748,136035.32433521748,136035.32433521748,152958.37701159524,0.008229475599696112,0.0031853450291847414,0
2017-12-28,16923.052676377774,137405.620431751,137405.620431751,137405.620431751,154328.67310812877,0.008958620791521987,0.0,0
2017-12-29,16923.052676377774,138569.5315399021,138569.5315399021,138569.5315399021,155492.58421627985,0.007541768387625547,0.0,0
2018-01-01,16923.052676377774,138569.5315399021,138569.5315399021,138569.5315399021,155492.58421627985,0.0,0.0,0
2018-01-02,16923.052676377774,141452.93268956244,141452.93268956244,141452.93268956244,158375.9853659402,0.018543657012283887,0.0,0
2018-01-03,16923.052676377774,140934.95187801123,140934.95187801123,140934.95187801123,157858.004554389,-0.0032705767250911233,0.0032705767250911038,0
2018-01-04,16923.052676377774,141037.11906781793,141037.11906781793,141037.11906781793,157960.1717441957,0.0006472094341689605,0.0026254840390337168,0
2018-01-05,16923.052676377774,142779.19031508267,142779.19031508267,142779.19031508267,159702.24299146043,0.011028547437172298,0.0,0
2018-01-08,16923.052676377774,143395.05122803152,143395.05122803152,143395.05122803152,160318.10390440928,0.0038563072215695993,0.0,0
2018-01-09,16923.052676377774,141646.46055953205,141646.46055953205,141646.46055953205,158569.5132359098,-0.010907006918832285,0.010907006918832314,0
2018-01-10,16923.052676377774,139356.49427090585,139356.49427090585,139356.49427090585,156279.5469472836,-0.014441403280461174,0.025190897713795818,0
2018-01-11,16923.052676377774,142153.19360296428,142153.19360296428,142153.19360296428,159076.24627934204,0.01789549167941873,0.007746209534811488,0
2018-01-12,16923.052676377774,142447.86358511448,142447.86358511448,142447.86358511448,159370.91626149224,0.0018523820434683813,0.005908176430790398,0
2018-01-15,16923.052676377774,137966.61591349542,137966.61591349542,137966.61591349542,154889.66858987318,-0.028118352938790503,0.033860401179475245,0
2018-01-16,16923.052676377774,141668.08389876783,141668.08389876783,141668.08389876783,158591.1365751456,0.02389744919058079,0.010772129205653546,0
2018-01-17,16923.052676377774,142553.11093482375,142553.11093482375,142553.11093482375,159476.1636112015,0.005580558000708669,0.005251685696768077,0
2018-01-18,16923.052676377774,142657.40457575023,142657.40457575023,142657.40457575023,159580.457252128,0.0006539763596316028,0.0046011438154302964,0
2018-01-19,16923.052676377774,141167.8385990262,141167.8385990262,141167.8385990262,158090.89127540396,-0.009334263119515906,0.013892458647922278,0
2018-01-22,16923.052676377774,143101.50257246196,143101.50257246196,143101.50257246196,160024.55524883972,0.012231343360998626,0.0018310387187749158,0
2018-01-23,16923.052676377774,143662.46655887365,143662.46655887365,143662.46655887365,160585.5192352514,0.003505486926924428,0.0,0
2018-01-24,16923.052676377774,145534.6246870309,145534.6246870309,145534.6246870309,162457.67736340867,0.011658324717402468,0.0,0
2018-01-25,16923.052676377774,142783.12794332206,142783.12794332206,142783.12794332206,159706.18061969982,-0.016936698765881664,0.016936698765881688,0
2018-01-26,16923.052676377774,143849.0433320105,143849.0433320105,143849.0433320105,160772.09600838827,0.0066742275380478056,0.010375510609140702,0
2018-01-29,16923.052676377774,145711.34888713062,145711.34888713062,145711.34888713062,162634.40156350838,0.011583512321833078,0.0,0
2018-01-30,16923.052676377774,145077.61104480922,145077.61104480922,145077.61104480922,162000.66372118698,-0.0038967022734972545,0.0038967022734972996,0
2018-01-31,16923.052676377774,145307.96062316,145307.96062316,145307.96062316,162231.01329953776,0.0014219051518655768,0.0024803378626697945,0
2018-02-01,16923.052676377774,145100.88561728597,145100.88561728597,145100.88561728597,162023.93829366373,-0.0012764205909981952,0.0037535924993474805,0
2018-02-02,16923.052676377774,143859.7598837018,143859.7598837018,143859.7598837018,160782.81256007956,-0.007660138042902442,0.011384977505548082,0
2018-02-05,16923.052676377774,141772.2075600028,141772.2075600028,141772.2075600028,158695.26023638056,-0.012983678357529338,0.024220836977037655,0
2018-02-06,16923.052676377774,139859.99136556685,139859.99136556685,139859.99136556685,156783.0440419446,-0.012049611258632797,0.03597859656573844,0
2018-02-07,16923.052676377774,139599.57558971643,139599.57558971643,139599.57558971643,156522.6282660942,-0.0016609945127786796,0.03757983082704399,0
2018-02-08,16923.052676377774,136671.31754638255,136671.31754638255,136671.31754638255,153594.3702227603,-0.018708209003210352,0.0555849885008367,0
2018-02-09,16923.052676377774,136728.3316578567,136728.3316578567,136728.3316578567,153651.38433423446,0.0003711992268431441,0.0552344223787491,0
2018-02-12,16923.052676377774,138924.97618721426,138924.97618721426,138924.97618721426,155848.02886359202,0.014296288568277582,0.04172778105170018,0
2018-02-13,16923.052676377774,138159.7422913164,138159.7422913164,138159.7422913164,155082.79496769415,-0.004910128806105418,0.046433021078048746,0
2018-02-14,16923.052676377774,137182.51432086527,137182.51432086527,137182.51432086527,154105.56699724303,-0.0063013306579539075,0.05244176191674216,0
2018-02-15,16923.052676377774,139341.38467156887,139341.38467156887,139341.38467156887,156264.43734794663,0.014009035447384077,0.03916738497097301,0
2018-02-16,16923.052676377774,139621.13593153656,139621.13593153656,139621.13593153656,156544.18860791432,0.0017902426471148036,0.03744726144680926,0
2018-02-19,16923.052676377774,139161.25986634195,139161.25986634195,139161.25986634195,156084.3125427197,-0.002937675740531165,0.04027492927583882,0
2018-02-20,16923.052676377774,135510.32056623697,135510.32056623697,135510.32056623697,152433.37324261473,-0.02339081513464547,0.06272368098523218,0
2018-02-21,16923.052676377774,139280.07343423367,139280.07343423367,139280.07343423367,156203.12611061143,0.024730495611329895,0.03954437309123404,0
2018-02-22,16923.052676377774,139779.80133610964,139779.80133610964,139779.80133610964,156702.8540124874,0.0031992183147608877,0.03647166585911237,0
2018-02-23,16923.052676377774,140302.1088900417,140302.1088900417,140302.1088900417,157225.16156641947,0.003333108112315797,0.033260121752141186,0
2018-02-26,16923.052676377774,141464.02174077928,141464.02174077928,141464.02174077928,158387.07441715704,0.007390120252773524,0.02611579779873796,0
2018-02-27,79001.56175401308,79044.39800567925,79044.39800567925,79044.39800567925,158045.9597596923,-0.0021536773674240006,0.028213230163510572,0
2018-02-28,41015.26381520703,117313.26357736439,117313.26357736439,117313.26357736439,158328.5273925714,0.00178788267228569,0.026475789436563518,0
2018-03-01,41015.26381520703,116213.17158730328,116213.17158730328,116213.17158730328,157228.4354025103,-0.0069481603105765455,0.0332399917177858,0
2018-03-02,41015.26381520703,115159.6060353443,115159.6060353443,115159.6060353443,156174.86985055133,-0.006700858844405633,0.03971811406970138,0
2018-03-05,41015.26381520703,115950.7978355512,115950.7978355512,115950.7978355512,156966.06165075823,0.005066063451591329,0.03485326510416477,0
2018-03-06,41015.26381520703,115366.0549101308,115366.0549101308,115366.0549101308,156381.31872533783,-0.0037252825182135796,0.038448709363183134,0
2018-03-07,41015.26381520703,115263.66338447481,115263.66338447481,115263.66338447481,156278.92719968184,-0.0006547554816046519,0.039078290341571655,0
2018-03-08,41015.26381520703,115315.5717811957,115315.5717811957,115315.5717811957,156330.83559640273,0.00033215224631377716,0.0387591180371769,0
2018-03-09,41015.26381520703,115386.84416537732,115386.84416537732,115386.84416537732,156402.10798058435,0.0004559073960661575,0.038320881209688795,0
2018-03-12,41015.26381520703,117411.09237395227,117411.09237395227,117411.09237395227,158426.3561891593,0.012942589039952379,0.025874263586882308,0
2018-03-13,41015.26381520703,116197.70744412392,116197.70744412392,116197.70744412392,157212.97125933095,-0.007658984016394199,0.03333507703202861,0
2018-03-14,41015.26381520703,115309.3121091649,115309.3121091649,115309.3121091649,156324.57592437192,-0.005650903534502705,0.03879760726190813,0
2018-03-15,41015.26381520703,115854.49500659108,115854.49500659108,115854.49500659108,156869.7588217981,0.0034875060060290952,0.03544540814422456,0
2018-03-16,41015.26381520703,116442.5687411949,116442.5687411949,116442.5687411949,157457.83255640193,0.0037488024398115716,0.0318294835369441,0
2018-03-19,41015.26381520703,115629.0000648573,115629.0000648573,115629.0000648573,156644.26388006433,-0.005166898738087067,0.03683192255671018,0
2018-03-20,41015.26381520703,115571.7388350293,115571.7388350293,115571.7388350293,156587.00265023633,-0.000365549483968608,0.03718400815039461,0
2018-03-21,41015.26381520703,116443.5577159226,116443.5577159226,116443.5577159226,157458.82153112962,0.0055676324735625116,0.03182340256810735,0
2018-03-22,41015.26381520703,116094.68235027045,116094.68235027045,116094.68235027045,157109.94616547748,-0.0022156609725620946,0.033968553669585164,0
2018-03-23,41015.26381520703,115667.47418701649,115667.47418701649,115667.47418701649,156682.73800222352,-0.0027191668871429098,0.03659535439038555,0
2018-03-26,41015.26381520703,115862.24167179316,115862.24167179316,115862.24167179316,156877.5054870002,0.0012430691935823024,0.03539777575447425,0
2018-03-27,41015.26381520703,115165.73479774594,115165.73479774594,115165.73479774594,156180.99861295297,-0.004439813546786242,0.039680429776939696,0
2018-03-28,41015.26381520703,113913.5824207887,113913.5824207887,113913.5824207887,154928.84623599573,-0.008017315730323382,0.0473796149734264,0
2018-03-29,41015.26381520703,114816.63799708337,114816.63799708337,114816.63799708337,155831.9018122904,0.005828840775842892,0.041826942429284385,0
2018-03-30,41015.26381520703,115232.07976068556,115232.07976068556,115232.07976068556,156247.3435758926,0.0026659609410570884,0.03927249048302769,0
2018-04-02,41015.26381520703,114863.46886181831,114863.46886181831,114863.46886181831,155878.73267702534,-0.002359149860926779,0.04153899065349321,0
2018-04-03,41015.26381520703,114093.89979144186,114093.89979144186,114093.89979144186,155109.1636066489,-0.0049369728452371975,0.046270886629855505,0
2018-04-04,41015.26381520703,113133.59515076876,113133.59515076876,113133.59515076876,154148.85896597579,-0.006191153496955204,0.05217556996524506,0
2018-04-05,41015.26381520703,113396.76654660702,113396.76654660702,113396.76654660702,154412.03036181405,0.0017072549067413956,0.050557392056338794,0
2018-04-06,41015.26381520703,113691.47389306128,113691.47389306128,113691.47389306128,154706.7377082683,0.0019085776267802057,0.048745307136905676,0
2018-04-09,41015.26381520703,111976.8414086178,111976.8414086178,111976.8414086178,152992.10522382482,-0.011083114477384859,0.059288171795056896,0
2018-04-10,41015.26381520703,108917.96098894626,108917.96098894626,108917.96098894626,149933.2248041533,-0.01999371415405027,0.07809649518952058,0
2018-04-11,41015.26381520703,106903.94519591331,106903.94519591331,106903.94519591331,147919.20901112034,-0.013432751784427377,0.09048019613883342,0
2018-04-12,41015.26381520703,108040.45087253302,108040.45087253302,108040.45087253302,149055.71468774005,0.007683286600959738,0.08349209481651935,0
2018-04-13,41015.26381520703,107918.83258539438,107918.83258539438,107918.83258539438,148934.0964006014,-0.0008159250210125757,0.0842398965483144,0
2018-04-16,41015.26381520703,110042.96355900913,110042.96355900913,110042.96355900913,151058.22737421616,0.014262220840963735,0.0711791237155427,0
2018-04-17,41015.26381520703,107441.69437158108,107441.69437158108,107441.69437158108,148456.9581867881,-0.01722030790804885,0.08717370519658481,0
2018-04-18,41015.26381520703,110197.83006374538,110197.83006374538,110197.83006374538,151213.0938789524,0.018565217325122285,0.07022688665347333,0
2018-04-19,41015.26381520703,111692.64352869242,111692.64352869242,111692.64352869242,152707.90734389945,0.009885476360556922,0.061035636520804924,0
2018-04-20,41015.26381520703,112029.87708747387,112029.87708747387,112029.87708747387,153045.1409026809,0.0022083568863398018,0.05896206810268795,0
2018-04-23,41015.26381520703,112029.87708747387,112029.87708747387,112029.87708747387,153045.1409026809,0.0,0.05896206810268795,0
2018-04-24,41015.26381520703,110812.81977978349,110812.81977978349,110812.81977978349,151828.08359499052,-0.00795227669765941,0.06644546212012849,0
2018-04-25,41015.26381520703,108523.79074916989,108523.79074916989,108523.79074916989,149539.05456437691,-0.01507645342293662,0.0805201536282455,0
2018-04-26,41015.26381520703,107697.09012326598,107697.09012326598,107697.09012326598,148712.353938473,-0.005528325883242813,0.08560333786206259,0
2018-04-27,41015.26381520703,108083.31600815803,108083.31600815803,108083.31600815803,149098.57982336506,0.0025971338269035193,0.08322852735961654,0
2018-04-30,41015.26381520703,104635.31001009792,104635.31001009792,104635.31001009792,145650.57382530495,-0.02312567968216006,0.10442949077764019,0
2018-05-01,41015.26381520703,104635.31001009792,104635.31001009792,104635.31001009792,145650.57382530495,0.0,0.10442949077764019,0
2018-05-02,41015.26381520703,104704.06116002053,104704.06116002053,104704.06116002053,145719.32497522756,0.0004720280059113957,0.1040067564160189,0
2018-05-03,41015.26381520703,104401.71828716248,104401.71828716248,104401.71828716248,145416.9821023695,-0.002074830314438003,0.10586579035933859,0
2018-05-04,41015.26381520703,103558.54320472479,103558.54320472479,103558.54320472479,144573.80701993182,-0.0057983260981452345,0.11105027208234254,0
2018-05-07,41015.26381520703,101480.33090315759,101480.33090315759,101480.33090315759,142495.59471836462,-0.014374749786319696,0.12382870199377588,0
2018-05-08,41015.26381520703,98906.27520094067,98906.27520094067,98906.27520094067,139921.5390161477,-0.018064107225942094,0.13965595426925317,0
2018-05-09,41015.26381520703,99432.67895991355,99432.67895991355,99432.67895991355,140447.94277512058,0.0037621352843477673,0.13641922357813108,0
2018-05-10,41015.26381520703,100656.2338917628,100656.2338917628,100656.2338917628,141671.49770696982,0.008711803873185486,0.12889587722529042,0
2018-05-11,41015.26381520703,100431.99675670266,100431.99675670266,100431.99675670266,141447.2605719097,-0.0015827963894610164,0.13027465768566288,0
2018-05-14,41015.26381520703,102485.53661768883,102485.53661768883,102485.53661768883,143500.80043289586,0.014518060319324455,0.11764793270469831,0
2018-05-15,41015.26381520703,101628.11716321856,101628.11716321856,101628.11716321856,142643.3809784256,-0.005975015134993766,0.12291999966118079,0
2018-05-16,41015.26381520703,100831.80289044231,100831.80289044231,100831.80289044231,141847.06670564934,-0.005582553268957402,0.12781634548420942,0
2018-05-17,41015.26381520703,100974.27042535692,100974.27042535692,100974.27042535692,141989.53424056395,0.0010043742054268723,0.12694034671921886,0
2018-05-18,41015.26381520703,100519.20429800451,100519.20429800451,100519.20429800451,141534.46811321154,-0.003204927248943723,0.12973843939197183,0
2018-05-21,41015.26381520703,100865.75359554589,100865.75359554589,100865.75359554589,141881.01741075292,0.0024485152073641103,0.1276075907264387,0
2018-05-22,41015.26381520703,101122.1836355254,101122.1836355254,101122.1836355254,142137.44745073243,0.0018073597487473503,0.12603086380080494,0
2018-05-23,41015.26381520703,98912.32484742999,98912.32484742999,98912.32484742999,139927.58866263702,-0.015547336945539225,0.1396187564412957,0
2018-05-24,41015.26381520703,96956.38413668424,96956.38413668424,96956.38413668424,137971.64795189127,-0.013978234953090585,0.15164536761299152,0
2018-05-25,82633.57508853934,57472.748483240604,57472.748483240604,57472.748483240604,140106.32357177994,0.015471842596480379,0.1385197582747047,0
2018-05-28,52823.81875842714,89054.04195311666,89054.04195311666,89054.04195311666,141877.8607115438,0.012644233997448628,0.12762700051415138,0
2018-05-29,52823.81875842714,88614.95025408268,88614.95025408268,88614.95025408268,141438.76901250982,-0.0030948570610794812,0.13032687025150527,0
2018-05-30,52823.81875842714,87777.20417830348,87777.20417830348,87777.20417830348,140601.02293673062,-0.0059230300265488145,0.1354779703122883,0
2018-05-31,52823.81875842714,85721.29767268896,85721.29767268896,85721.29767268896,138545.1164311161,-0.014622272745054343,0.14811924722449,0
2018-06-01,52823.81875842714,85193.85588419437,85193.85588419437,85193.85588419437,138017.6746426215,-0.0038070038272105533,0.15136236051063334,0
2018-06-04,52823.81875842714,85714.71038070321,85714.71038070321,85714.71038070321,138538.52913913035,0.0037738246051277624,0.14815975090589087,0
2018-06-05,52823.81875842714,84331.65662971139,84331.65662971139,84331.65662971139,137155.47538813853,-0.009983170455078683,0.15666381731309403,0
2018-06-06,52823.81875842714,83597.7358354032,83597.7358354032,83597.7358354032,136421.55459383034,-0.005351013455578424,0.16117652057422782,0
2018-06-07,52823.81875842714,84056.79141366482,84056.79141366482,84056.79141366482,136880.61017209195,0.0033649783542517575,0.15835389772292197,0
2018-06-08,52823.81875842714,81491.72455793619,81491.72455793619,81491.72455793619,134315.54331636333,-0.0187394463869186,0.1741258797333023,0
2018-06-11,52823.81875842714,81646.65164911747,81646.65164911747,81646.65164911747,134470.4704075446,0.0011534561626749262,0.173173270139687,0
2018-06-12,52823.81875842714,80801.36381173134,80801.36381173134,80801.36381173134,133625.18257015847,-0.0062860480432936905,0.17837074268706837,0
2018-06-13,52823.81875842714,79971.4760338664,79971.4760338664,79971.4760338664,132795.29479229354,-0.006210564220776371,0.1834735239552791,0
2018-06-14,52823.81875842714,80481.98322793841,80481.98322793841,80481.98322793841,133305.80198636555,0.0038443168854025433,0.18033453743604225,0
2018-06-15,52823.81875842714,80481.98322793841,80481.98322793841,80481.98322793841,133305.80198636555,0.0,0.18033453743604225,0
2018-06-18,52823.81875842714,79930.62474387884,79930.62474387884,79930.62474387884,132754.44350230598,-0.004136042661638695,0.1837247087574786,0
2018-06-19,52823.81875842714,80672.05262228847,80672.05262228847,80672.05262228847,133495.8713807156,0.005584957149827874,0.17916584623342585,0
2018-06-20,52823.81875842714,81149.79493522644,81149.79493522644,81149.79493522644,133973.61369365358,0.003578704779382269,0.17622832312426118,0
2018-06-21,52823.81875842714,81716.1247958839,81716.1247958839,81716.1247958839,134539.94355431103,0.004227174628225194,0.17274609639232155,0
2018-06-22,52823.81875842714,82015.86074721813,82015.86074721813,82015.86074721813,134839.67950564527,0.002227858459099563,0.1709030917853461,0
2018-06-25,52823.81875842714,80664.56456524134,80664.56456524134,80664.56456524134,133488.38332366847,-0.010021502475613842,0.179211888503543,0
2018-06-26,52823.81875842714,81770.16768759489,81770.16768759489,81770.16768759489,134593.98644602203,0.00828239203161818,0.17241379958923778,0
2018-06-27,52823.81875842714,83602.11671051383,83602.11671051383,83602.11671051383,136425.93546894097,0.013610927733785694,0.16114958362196857,0
2018-06-28,52823.81875842714,84329.93609911203,84329.93609911203,84329.93609911203,137153.75485753917,0.005334904877847713,0.15667439644384876,0
2018-06-29,52823.81875842714,84726.63997939229,84726.63997939229,84726.63997939229,137550.45873781943,0.0028924026228251964,0.15423515925622738,0
2018-07-02,52823.81875842714,86085.84724223614,86085.84724223614,86085.84724223614,138909.66600066327,0.009881517483228297,0.14587771919571793,0
2018-07-03,52823.81875842714,85964.30773100257,85964.30773100257,85964.30773100257,138788.1264894297,-0.0008749535920199447,0.1466250365533319,0
2018-07-04,52823.81875842714,86179.66160559654,86179.66160559654,86179.66160559654,139003.48036402368,0.0015516736196476977,0.14530087713488388,0
2018-07-05,52823.81875842714,88080.37670883536,88080.37670883536,88080.37670883536,140904.1954672625,0.013673867001467999,0.13361383500255497,0
2018-07-06,52823.81875842714,88346.79746201634,88346.79746201634,88346.79746201634,141170.61622044348,0.0018907936154597405,0.13197567757325523,0
2018-07-09,52823.81875842714,89098.12481766939,89098.12481766939,89098.12481766939,141921.94357609653,0.005322122802664753,0.12735594553360027,0
2018-07-10,52823.81875842714,87051.08268389106,87051.08268389106,87051.08268389106,139874.9014423182,-0.014423718293293697,0.13994271754554125,0
2018-07-11,52823.81875842714,82596.8911575079,82596.8911575079,82596.8911575079,135420.70991593503,-0.03184410841726304,0.16733047489307765,0
2018-07-12,52823.81875842714,80803.05004626513,80803.05004626513,80803.05004626513,133626.86880469226,-0.013246431157806882,0.17836037443461025,0
2018-07-13,52823.81875842714,80585.1963006556,80585.1963006556,80585.1963006556,133409.01505908274,-0.0016303139298124991,0.17969990496145546,0
2018-07-16,52823.81875842714,80389.57261839509,80389.57261839509,80389.57261839509,133213.39137682223,-0.0014663453003822546,0.18090274815071836,0
2018-07-17,52823.81875842714,82753.37480068207,82753.37480068207,82753.37480068207,135577.1935591092,0.017744478673322517,0.16636829443390175,0
2018-07-18,52823.81875842714,82760.67256140709,82760.67256140709,82760.67256140709,135584.49131983423,5.3827347604951115e-05,0.16632342225031166,0
2018-07-19,52823.81875842714,83620.44375431538,83620.44375431538,83620.44375431538,136444.2625127425,0.006341220773400602,0.16103689501718782,0
2018-07-20,52823.81875842714,83905.88984903693,83905.88984903693,83905.88984903693,136729.70860746407,0.0020920344283066328,0.1592817553174848,0
2018-07-23,52823.81875842714,85050.99770745635,85050.99770745635,85050.99770745635,137874.8164658835,0.008374974759193687,0.15224076123867514,0
2018-07-24,52823.81875842714,82595.20943590999,82595.20943590999,82595.20943590999,135419.02819433712,-0.01781172468254233,0.16734081539657347,0
2018-07-25,52823.81875842714,86380.97672793269,86380.97672793269,86380.97672793269,139204.79548635983,0.027955947864208852,0.14406303864314549,0
2018-07-26,52823.81875842714,86011.04053106904,86011.04053106904,86011.04053106904,138834.85928949618,-0.0026574960695222583,0.14633768775371017,0
2018-07-27,52823.81875842714,85932.14834198356,85932.14834198356,85932.14834198356,138755.9671004107,-0.0005682448161018483,0.14682277693734563,0
2018-07-30,52823.81875842714,86284.11425873637,86284.11425873637,86284.11425873637,139107.9330171635,0.0025365822033305285,0.14465862277703795,0
2018-07-31,52823.81875842714,86247.84584867954,86247.84584867954,86247.84584867954,139071.66460710668,-0.0002607213641249162,0.14488162854769998,0
2018-08-01,52823.81875842714,87371.73561140895,87371.73561140895,87371.73561140895,140195.55436983609,0.00808137132682285,0.13797109945960587,0
2018-08-02,52823.81875842714,84771.66090136766,84771.66090136766,84771.66090136766,137595.4796597948,-0.018546056768549812,0.15395833638515855,0
2018-08-03,52823.81875842714,86193.79688811302,86193.79688811302,86193.79688811302,139017.61564654016,0.010335630140333008,0.14521396266672348,0
2018-08-06,52823.81875842714,85071.87798082829,85071.87798082829,85071.87798082829,137895.69673925542,-0.008070336281247092,0.15211237343651765,0
2018-08-07,52823.81875842714,85672.8147931695,85672.8147931695,85672.8147931695,138496.63355159663,0.004357908379675646,0.14841735684369337,0
2018-08-08,52823.81875842714,86774.70492494106,86774.70492494106,86774.70492494106,139598.5236833682,0.007956078812277001,0.14164209821957452,0
2018-08-09,52823.81875842714,86269.03637242317,86269.03637242317,86269.03637242317,139092.8551308503,-0.0036223058752743453,0.14475133309028193,0
2018-08-10,52823.81875842714,82739.5314386487,82739.5314386487,82739.5314386487,135563.35019707584,-0.025375170640175027,0.16645341395289823,0
2018-08-13,52823.81875842714,79906.40176224709,79906.40176224709,79906.40176224709,132730.22052067422,-0.020898935237901206,0.1838736500724703,0
2018-08-14,52823.81875842714,83050.48252651095,83050.48252651095,83050.48252651095,135874.3012849381,0.023687753639904052,0.16454145015635285,0
2018-08-15,52823.81875842714,80932.02544414997,80932.02544414997,80932.02544414997,133755.8442025771,-0.015591300653082452,0.17756733559015345,0
2018-08-16,52823.81875842714,79910.6821551323,79910.6821551323,79910.6821551323,132734.50091355943,-0.00763587785720099,0.18384733096135938,0
2018-08-17,52823.81875842714,79669.90271693468,79669.90271693468,79669.90271693468,132493.72147536182,-0.0018139928695284357,0.1853278260834421,0
2018-08-20,52823.81875842714,80599.93885755539,80599.93885755539,80599.93885755539,133423.75761598253,0.007019473302315449,0.1796092565084956,0
2018-08-21,52823.81875842714,80599.93885755539,80599.93885755539,80599.93885755539,133423.75761598253,0.0,0.1796092565084956,0
2018-08-22,52823.81875842714,80599.93885755539,80599.93885755539,80599.93885755539,133423.75761598253,0.0,0.1796092565084956,0
2018-08-23,52823.81875842714,80599.93885755539,80599.93885755539,80599.93885755539,133423.75761598253,0.0,0.1796092565084956,0
2018-08-24,52823.81875842714,80599.93885755539,80599.93885755539,80599.93885755539,133423.75761598253,0.0,0.1796092565084956,0
2018-08-27,52823.81875842714,81816.33485811949,81816.33485811949,81816.33485811949,134640.15361654662,0.009116787162186668,0.17212992871025545,0
2018-08-28,52823.81875842714,84613.92290022969,84613.92290022969,84613.92290022969,137437.74165865683,0.02077825943423761,0.15492822959115637,0
2018-08-29,52823.81875842714,84116.09864500165,84116.09864500165,84116.09864500165,136939.9174034288,-0.003622180117485163,0.15798923175577925,0
2018-08-30,52823.81875842714,84116.09864500165,84116.09864500165,84116.09864500165,136939.9174034288,0.0,0.15798923175577925,0
2018-08-31,52823.81875842714,84558.02714669704,84558.02714669704,84558.02714669704,137381.84590512418,0.0032271707919426795,0.15527191919800024,0
2018-09-03,52823.81875842714,86184.30148494244,86184.30148494244,86184.30148494244,139008.12024336957,0.011837621830824041,0.14527234762758845,0
2018-09-04,52823.81875842714,85971.96057516336,85971.96057516336,85971.96057516336,138795.7793335905,-0.001527543206881088,0.1465779810467034,0
2018-09-05,52823.81875842714,85857.6021708548,85857.6021708548,85857.6021708548,138681.42092928194,-0.0008239328663857126,0.1472811434970162,0
2018-09-06,52823.81875842714,86053.90701317787,86053.90701317787,86053.90701317787,138877.725771605,0.001415509309088847,0.14607411201760065,0
2018-09-07,52823.81875842714,86206.23079329729,86206.23079329729,86206.23079329729,139030.04955172443,0.0010968193731075715,0.14513750956046345,0
2018-09-10,52823.81875842714,84568.69265535474,84568.69265535474,84568.69265535474,137392.51141378187,-0.011778303634519816,0.15520633953862215,0
2018-09-11,52823.81875842714,85200.0135345757,85200.0135345757,85200.0135345757,138023.83229300284,0.00459501666229567,0.15132449859260044,0
2018-09-12,52823.81875842714,85681.51950833201,85681.51950833201,85681.51950833201,138505.33826675915,0.003488571254376849,0.14836383363409666,0
2018-09-13,52823.81875842714,86801.8720189035,86801.8720189035,86801.8720189035,139625.69077733063,0.00808887602883357,0.14147505426269175,0
2018-09-14,52823.81875842714,86108.19604435563,86108.19604435563,86108.19604435563,138932.01480278277,-0.004968111317380064,0.14574030176186237,0
2018-09-17,52823.81875842714,85553.33983907104,85553.33983907104,85553.33983907104,138377.15859749817,-0.0039937246002818005,0.14915197973374536,0
2018-09-18,52823.81875842714,85540.86807876825,85540.86807876825,85540.86807876825,138364.6868371954,-9.012874978198138e-05,0.14922866560206646,0
2018-09-19,52823.81875842714,86631.00451698899,86631.00451698899,86631.00451698899,139454.82327541613,0.007878718646640248,0.14252567762571852,0
2018-09-20,52823.81875842714,86135.33959755301,86135.33959755301,86135.33959755301,138959.15835598015,-0.00355430459695949,0.1455734025515081,0
2018-09-21,52823.81875842714,86906.21402439475,86906.21402439475,86906.21402439475,139730.0327828219,0.005547489175682374,0.14083348025074746,0
2018-09-24,52823.81875842714,87283.48961654305,87283.48961654305,87283.48961654305,140107.3083749702,0.002700032230971372,0.138513702955653,0
2018-09-25,52823.81875842714,87082.59084129333,87082.59084129333,87082.59084129333,139906.40959972047,-0.0014338921900637347,0.1397489814288318,0
2018-09-26,52823.81875842714,86203.36928722262,86203.36928722262,86203.36928722262,139027.18804564976,-0.006284355066978109,0.14515510427626258,0
2018-09-27,52823.81875842714,86763.68738013506,86763.68738013506,86763.68738013506,139587.5061385622,0.004030277104708935,0.14170984246494994,0
2018-09-28,52823.81875842714,86385.54121038318,86385.54121038318,86385.54121038318,139209.3599688103,-0.0027090259021929075,0.14403497273330967,0
2018-10-01,52823.81875842714,86203.10847386718,86203.10847386718,86203.10847386718,139026.9272322943,-0.0013104918847186564,0.14515670795514563,0
2018-10-02,52823.81875842714,85593.13061526418,85593.13061526418,85593.13061526418,138416.9493736913,-0.004387479970580199,0.14890731577697724,0
2018-10-03,52823.81875842714,84586.47318398952,84586.47318398952,84586.47318398952,137410.29194241666,-0.00727264569714603,0.15509701132476425,0
2018-10-04,52823.81875842714,81885.98549741507,81885.98549741507,81885.98549741507,134709.8042558422,-0.019652732327401834,0.1717016636038205,0
2018-10-05,52823.81875842714,82787.49635636806,82787.49635636806,82787.49635636806,135611.3151147952,0.006692243849162116,0.16615848915680193,0
2018-10-08,52823.81875842714,82878.7872671783,82878.7872671783,82878.7872671783,135702.60602560543,0.0006731806319624223,0.165597163201576,0
2018-10-09,52823.81875842714,83175.92211779952,83175.92211779952,83175.92211779952,135999.74087622666,0.002189603127924933,0.1637701521401728,0
2018-10-10,52823.81875842714,81185.32504436374,81185.32504436374,81185.32504436374,134009.14380279087,-0.01463677107478778,0.17600985698920166,0
2018-10-11,52823.81875842714,80466.40226608515,80466.40226608515,80466.40226608515,133290.22102451228,-0.0053647292854624995,0.18043034104034414,0
2018-10-12,52823.81875842714,82030.75605589151,82030.75605589151,82030.75605589151,134854.57481431865,0.01173644831392906,0.17081150409829968,0
2018-10-15,52823.81875842714,83536.28185260296,83536.28185260296,83536.28185260296,136360.1006110301,0.011164069137323596,0.16155438640217964,0
2018-10-16,52823.81875842714,83998.73269316554,83998.73269316554,83998.73269316554,136822.55145159268,0.003391394099082845,0.15871088689582216,0
2018-10-17,52823.81875842714,84413.5740763545,84413.5740763545,84413.5740763545,137237.39283478164,0.0030319664323446016,0.1561601265449934,0
2018-10-18,52823.81875842714,83852.55940124393,83852.55940124393,83852.55940124393,136676.37815967106,-0.004087914113801161,0.1596096714734783,0
2018-10-19,52823.81875842714,82628.19025102258,82628.19025102258,82628.19025102258,135452.0090094497,-0.008958162095801137,0.16713802426016244,0
2018-10-22,52823.81875842714,80812.2281447053,80812.2281447053,80812.2281447053,133636.04690313243,-0.01340668270332257,0.17830394050456877,0
2018-10-23,52823.81875842714,79330.68456044793,79330.68456044793,79330.68456044793,132154.50331887507,-0.011086406838502816,0.18741359731772972,0
2018-10-24,52823.81875842714,78528.61733078957,78528.61733078957,78528.61733078957,131352.4360892167,-0.006069163059264526,0.19234531669534957,0
2018-10-25,52823.81875842714,78398.74478438497,78398.74478438497,78398.74478438497,131222.5635428121,-0.0009887334431801786,0.19314387189127402,0
2018-10-26,52823.81875842714,76417.3706984222,76417.3706984222,76417.3706984222,129241.18945684933,-0.01509933987317924,0.20532686679834508,0
2018-10-29,52823.81875842714,76417.3706984222,76417.3706984222,76417.3706984222,129241.18945684933,0.0,0.20532686679834508,0
2018-10-30,52823.81875842714,76289.43008586764,76289.43008586764,76289.43008586764,129113.24884429478,-0.0009899368234866923,0.2061135429955369,0
2018-10-31,52823.81875842714,75774.72677063942,75774.72677063942,75774.72677063942,128598.54552906656,-0.0039864484848408654,0.20927833045919805,0
2018-11-01,52823.81875842714,76578.24298137426,76578.24298137426,76578.24298137426,129402.0617398014,0.006248252711017033,0.20433770164382978,0
2018-11-02,52823.81875842714,77958.3257046938,77958.3257046938,77958.3257046938,130782.14446312093,0.010665075229593812,0.19585190337450967,0
2018-11-05,52823.81875842714,79062.34946632385,79062.34946632385,79062.34946632385,131886.168224751,0.008441701014784808,0.18906352557118902,0
2018-11-06,52823.81875842714,77384.4916985035,77384.4916985035,77384.4916985035,130208.31045693063,-0.01272201467678602,0.1993802713008135,0
2018-11-07,52823.81875842714,78160.87769185007,78160.87769185007,78160.87769185007,130984.6964502772,0.005962645476483397,0.19460645969710189,0
2018-11-08,52823.81875842714,76893.8460201025,76893.8460201025,76893.8460201025,129717.66477852964,-0.009673127518591729,0.20239713411510188,0
2018-11-09,52823.81875842714,76702.9771835506,76702.9771835506,76702.9771835506,129526.79594197773,-0.0014714174578903672,0.20357074089642835,0
2018-11-12,52823.81875842714,75054.41376505792,75054.41376505792,75054.41376505792,127878.23252348506,-0.012727585875212721,0.2137073626852011,0
2018-11-13,52823.81875842714,75596.42327146232,75596.42327146232,75596.42327146232,128420.24202988946,0.004238481371760194,0.21037467598919019,0
2018-11-14,52823.81875842714,75885.40353132784,75885.40353132784,75885.40353132784,128709.22228975498,0.0022502703257503143,0.20859780555410776,0
2018-11-15,52823.81875842714,76338.21453216672,76338.21453216672,76338.21453216672,129162.03329059386,0.0035180928979547943,0.2058135791144018,0
2018-11-16,52823.81875842714,76511.34098502994,76511.34098502994,76511.34098502994,129335.15974345707,0.0013403819098583014,0.2047490660027917,0
2018-11-19,56341.562982271695,73233.5692408979,73233.5692408979,73233.5692408979,129575.13222316958,0.0018554311154717062,0.20327353267524537,0
2018-11-20,10863.932781707463,116516.43002220988,116516.43002220988,116516.43002220988,127380.36280391735,-0.016938199341152482,0.21676864439916424,0
2018-11-21,10863.932781707463,116881.74567320943,116881.74567320943,116881.74567320943,127745.6784549169,0.0028679118425960493,0.21452240591894398,0
2018-11-22,10863.932781707463,117078.43440201879,117078.43440201879,117078.43440201879,127942.36718372625,0.001539689883746309,0.21331301401342792,0
2018-11-23,10863.932781707463,117651.15827971697,117651.15827971697,117651.15827971697,128515.09106142443,0.004476420831543315,0.20979147200145368,0
2018-11-26,10863.932781707463,118269.34838598967,118269.34838598967,118269.34838598967,129133.28116769713,0.004810253030729461,0.20599036903474036,0
2018-11-27,10863.932781707463,119334.96264737844,119334.96264737844,119334.96264737844,130198.89542908591,0.008252049756289681,0.19943816205304185,0
2018-11-28,10863.932781707463,120147.25027295947,120147.25027295947,120147.25027295947,131011.18305466694,0.006238821173590203,0.19444359990769014,0
2018-11-29,10863.932781707463,120772.61140069366,120772.61140069366,120772.61140069366,131636.54418240112,0.004773341581636226,0.19059840404677642,0
2018-11-30,10863.932781707463,120601.09131041169,120601.09131041169,120601.09131041169,131465.02409211916,-0.0013029823241508254,0.19165304001944292,0
2018-12-03,10863.932781707463,120553.96069401503,120553.96069401503,120553.96069401503,131417.8934757225,-0.0003585030826422919,0.19194283489644046,0
2018-12-04,10863.932781707463,119815.43144196272,119815.43144196272,119815.43144196272,130679.36422367019,-0.00561970088334085,0.1964838744609628,0
2018-12-05,10863.932781707463,120517.93633937836,120517.93633937836,120517.93633937836,131381.86912108582,0.0053757905970006625,0.1921643400287516,0
2018-12-06,10863.932781707463,119710.75695449114,119710.75695449114,119710.75695449114,130574.6897361986,-0.006143765424309056,0.1971274928250068,0
2018-12-07,10863.932781707463,120209.9966045022,120209.9966045022,120209.9966045022,131073.92938620967,0.00382340291996619,0.19405778773671334,0
2018-12-10,10863.932781707463,119746.50530058146,119746.50530058146,119746.50530058146,130610.43808228892,-0.0035361059677632145,0.1969076848031698,0
2018-12-11,10863.932781707463,119711.90844976902,119711.90844976902,119711.90844976902,130575.84123147649,-0.0002648858033126311,0.1971204125562149,0
2018-12-12,10863.932781707463,116541.93440431356,116541.93440431356,116541.93440431356,127405.86718602103,-0.02427688013003826,0.21661182405944218,0
2018-12-13,10863.932781707463,117802.13519886136,117802.13519886136,117802.13519886136,128666.06798056883,0.009891230461999134,0.20886315107000897,0
2018-12-14,10863.932781707463,115974.10548195243,115974.10548195243,115974.10548195243,126838.0382636599,-0.014207550954187909,0.22010326816291742,0
2018-12-17,10863.932781707463,115484.09376209974,115484.09376209974,115484.09376209974,126348.02654380721,-0.003863286807023081,0.22311623291786406,0
2018-12-18,10863.932781707463,116591.40938675404,116591.40938675404,116591.40938675404,127455.3421684615,0.008764012030455959,0.21630761423689027,0
2018-12-19,10863.932781707463,118405.36629354954,118405.36629354954,118405.36629354954,129269.299075257,0.014232097893534634,0.20515402748429196,0
2018-12-20,10863.932781707463,117661.48240333796,117661.48240333796,117661.48240333796,128525.41518504542,-0.0057545286895887005,0.2097279914369376,0
2018-12-21,10863.932781707463,117871.93579137325,117871.93579137325,117871.93579137325,128735.86857308072,0.001637445696886397,0.2084339639371462,0
2018-12-24,10863.932781707463,117600.63734447956,117600.63734447956,117600.63734447956,128464.57012618703,-0.0021074037088558706,0.2101021131373494,0
2018-12-25,10863.932781707463,116126.70241224766,116126.70241224766,116126.70241224766,126990.63519395512,-0.01147347420992495,0.21916498617074223,0
2018-12-26,10863.932781707463,115978.89979377389,115978.89979377389,115978.89979377389,126842.83257548136,-0.0011638859688198888,0.22007378908730138,0
2018-12-27,10863.932781707463,115489.54407411814,115489.54407411814,115489.54407411814,126353.4768558256,-0.00385796902922797,0.22308272025408568,0
2018-12-28,10863.932781707463,114600.11146235466,114600.11146235466,114600.11146235466,125464.04424406213,-0.007039241292729592,0.22855162845070826,0
2018-12-31,10863.932781707463,115749.91378569603,115749.91378569603,115749.91378569603,126613.8465674035,0.009164397100930977,0.22148176923096394,0
2019-01-01,10863.932781707463,115749.91378569603,115749.91378569603,115749.91378569603,126613.8465674035,0.0,0.22148176923096394,0
2019-01-02,10863.932781707463,113628.02936467528,113628.02936467528,113628.02936467528,124491.96214638275,-0.016758707507485426,0.2345287285496672,0
2019-01-03,10863.932781707463,111214.2403562069,111214.2403562069,111214.2403562069,122078.17313791436,-0.019389115303927507,0.24937053929366168,0
2019-01-04,10863.932781707463,112908.07765266299,112908.07765266299,112908.07765266299,123772.01043437046,0.01387502165962573,0.23895553926800808,0
2019-01-07,10863.932781707463,113628.47117191553,113628.47117191553,113628.47117191553,124492.403953623,0.005820326556257527,0.23452601198271703,0
2019-01-08,10863.932781707463,114284.95344087481,114284.95344087481,114284.95344087481,125148.88622258228,0.0052732716865508955,0.23048945967491438,0
2019-01-09,10863.932781707463,114831.45698133111,114831.45698133111,114831.45698133111,125695.38976303858,0.004366827040588328,0.227129140239405,0
2019-01-10,10863.932781707463,115521.49564024806,115521.49564024806,115521.49564024806,126385.42842195553,0.005489769037812842,0.22288625772326345,0
2019-01-11,10863.932781707463,116163.8066868484,116163.8066868484,116163.8066868484,127027.73946855587,0.005082160614718223,0.21893684086910842,0
2019-01-14,10863.932781707463,116204.64255675673,116204.64255675673,116204.64255675673,127068.5753384642,0.00032147206648858173,0.21868575088128447,0
2019-01-15,10863.932781707463,117204.53589233756,117204.53589233756,117204.53589233756,128068.46867404503,0.0078689269389971,0.21253764613857193,0
2019-01-16,10863.932781707463,118788.19952741265,118788.19952741265,118788.19952741265,129652.13230912012,0.012365757562899926,0.20280007758081095,0
2019-01-17,10863.932781707463,120653.97886514664,120653.97886514664,120653.97886514664,131517.9116468541,0.014390656786774203,0.19132784710683337,0
2019-01-18,10863.932781707463,122257.04326191545,122257.04326191545,122257.04326191545,133120.9760436229,0.01218894351876032,0.1814709879100243,0
2019-01-21,10863.932781707463,122810.92786979675,122810.92786979675,122810.92786979675,133674.86065150422,0.004160761319086159,0.17806528405797048,0
2019-01-22,10863.932781707463,123460.10404285789,123460.10404285789,123460.10404285789,134324.03682456535,0.004856381894824402,0.17407365518474202,0
2019-01-23,10863.932781707463,123881.24384093285,123881.24384093285,123881.24384093285,134745.1766226403,0.0031352526921522017,0.1714841673886406,0
2019-01-24,10863.932781707463,126323.4570158124,126323.4570158124,126323.4570158124,137187.38979751986,0.01812467975546972,0.15646758325022342,0
2019-01-25,10863.932781707463,126614.24833765626,126614.24833765626,126614.24833765626,137478.18111936373,0.0021196650965737973,0.1546795770286104,0
2019-01-28,10863.932781707463,126730.67616596818,126730.67616596818,126730.67616596818,137594.60894767565,0.0008468822278848709,0.15396369018552786,0
2019-01-29,10863.932781707463,129297.78038659692,129297.78038659692,129297.78038659692,140161.71316830438,0.018657011639205745,0.13817918090612863,0
2019-01-30,10863.932781707463,131077.21342167258,131077.21342167258,131077.21342167258,141941.14620338005,0.012695571385738846,0.12723787317560645,0
2019-01-31,10863.932781707463,130985.23526254296,130985.23526254296,130985.23526254296,141849.16804425043,-0.0006480020881177717,0.12780342485621876,0
2019-02-01,10863.932781707463,130311.93392169476,130311.93392169476,130311.93392169476,141175.86670340222,-0.004746600562635428,0.13194339361052493,0
2019-02-04,10863.932781707463,130622.08828496933,130622.08828496933,130622.08828496933,141486.0210666768,0.0021969361372944363,0.13003632868273066,0
2019-02-05,10863.932781707463,129878.29580312967,129878.29580312967,129878.29580312967,140742.22858483714,-0.005257003315466302,0.1346097305871808,0
2019-02-06,10863.932781707463,128929.13174569607,128929.13174569607,128929.13174569607,139793.06452740353,-0.006743989113839222,0.1404459131433232,0
2019-02-07,10863.932781707463,128673.02045318484,128673.02045318484,128673.02045318484,139536.9532348923,-0.0018320743834971953,0.14202068016708363,0
2019-02-08,10863.932781707463,128420.42021229863,128420.42021229863,128420.42021229863,139284.3529940061,-0.0018102748772290678,0.14357385857495922,0
2019-02-11,10863.932781707463,130543.18592843413,130543.18592843413,130543.18592843413,141407.1187101416,0.01524051819537009,0.13052148038358027,0
2019-02-12,10863.932781707463,129691.87732210755,129691.87732210755,129691.87732210755,140555.81010381502,-0.006020266971648036,0.13575597319778446,0
2019-02-13,10863.932781707463,127526.90007573366,127526.90007573366,127526.90007573366,138390.83285744113,-0.015402972276811866,0.1490678999830192,0
2019-02-14,61818.09218216224,77214.4762674272,77214.4762674272,77214.4762674272,139032.56844958945,0.0046371250096413075,0.14512202146052391,0
2019-02-15,19495.952843945615,120138.76470682025,120138.76470682025,120138.76470682025,139634.71755076587,0.004330993147082296,0.1414195507938779,0
2019-02-18,19495.952843945615,119694.80013251305,119694.80013251305,119694.80013251305,139190.75297645867,-0.0031794712811717973,0.1441493826747044,0
2019-02-19,19495.952843945615,119860.68585309386,119860.68585309386,119860.68585309386,139356.63869703948,0.0011917869329212127,0.14312939109244352,0
2019-02-20,19495.952843945615,120931.92805728316,120931.92805728316,120931.92805728316,140427.88090122878,0.007687055415552813,0.1365425792378127,0
2019-02-21,19495.952843945615,121916.3460161984,121916.3460161984,121916.3460161984,141412.29886014402,0.007010131838474765,0.13048962888136048,0
2019-02-22,19495.952843945615,123172.5932238996,123172.5932238996,123172.5932238996,142668.54606784522,0.008883578145799209,0.12276526555094515,0
2019-02-25,19495.952843945615,124733.71307915449,124733.71307915449,124733.71307915449,144229.6659231001,0.010942284745177888,0.1131663132982431,0
2019-02-26,19495.952843945615,124882.95748844743,124882.95748844743,124882.95748844743,144378.91033239305,0.0010347691533343362,0.11224864515510638,0
2019-02-27,19495.952843945615,124236.9066555798,124236.9066555798,124236.9066555798,143732.85949952542,-0.004474689768611428,0.11622105705970175,0
2019-02-28,19495.952843945615,124308.98327043653,124308.98327043653,124308.98327043653,143804.93611438214,0.0005014623316317302,0.11577787521032792,0
2019-03-01,19495.952843945615,123122.73244938254,123122.73244938254,123122.73244938254,142618.68529332816,-0.008249027141254972,0.12307184751661611,0
2019-03-04,19495.952843945615,124153.02282616496,124153.02282616496,124153.02282616496,143648.97567011058,0.007224091111647679,0.11673683864470723,0
2019-03-05,19495.952843945615,124694.69526830316,124694.69526830316,124694.69526830316,144190.64811224877,0.003770806158633233,0.1134062244761749,0
2019-03-06,19495.952843945615,123933.54953032732,123933.54953032732,123933.54953032732,143429.50237427294,-0.005278745521577144,0.11808632739817945,0
2019-03-07,19495.952843945615,120491.36434233189,120491.36434233189,120491.36434233189,139987.3171862775,-0.023999143349275553,0.1392515000486366,0
2019-03-08,19495.952843945615,119283.32857987285,119283.32857987285,119283.32857987285,138779.28142381847,-0.008629608644128317,0.14667942274423743,0
2019-03-11,19495.952843945615,118552.03063759208,118552.03063759208,118552.03063759208,138047.9834815377,-0.005269503738439596,0.15117599871617407,0
2019-03-12,19495.952843945615,118530.02284708619,118530.02284708619,118530.02284708619,138025.9756910318,-0.00015942131098811707,0.15131131935125688,0
2019-03-13,19495.952843945615,118977.44052320719,118977.44052320719,118977.44052320719,138473.3933671528,0.003241546918114402,0.14856025517406138,0
2019-03-14,19495.952843945615,119666.16027763486,119666.16027763486,119666.16027763486,139162.11312158048,0.00497366127658605,0.14432548228587433,0
2019-03-15,19495.952843945615,122024.04503965378,122024.04503965378,122024.04503965378,141519.9978835994,0.016943438908253228,0.12982741336963602,0
2019-03-18,19495.952843945615,123140.86914277077,123140.86914277077,123140.86914277077,142636.8219867164,0.007891634538007786,0.12296032933095634,0
2019-03-19,19495.952843945615,124098.14860358834,124098.14860358834,124098.14860358834,143594.10144753396,0.0067113067122788195,0.11707424710226035,0
2019-03-20,19495.952843945615,122688.57042440772,122688.57042440772,122688.57042440772,142184.52326835334,-0.00981640725469246,0.12574140586836055,0
2019-03-21,19495.952843945615,121124.32411581278,121124.32411581278,121124.32411581278,140620.2769597584,-0.011001523039484762,0.1353595819341673,0
2019-03-22,19495.952843945615,117214.9883543253,117214.9883543253,117214.9883543253,136710.9411982709,-0.027800654685143478,0.15939715162363363,0
2019-03-25,19495.952843945615,115913.51693701744,115913.51693701744,115913.51693701744,135409.46978096306,-0.009519877530653087,0.1673995877920948,0
2019-03-26,19495.952843945615,114168.64892908931,114168.64892908931,114168.64892908931,133664.60177303493,-0.012885863970596878,0.1781283634456687,0
2019-03-27,19495.952843945615,107156.61001807451,107156.61001807451,107156.61001807451,126652.56286202013,-0.05245995437835793,0.2212437120041753,0
2019-03-28,19495.952843945615,109388.17697247863,109388.17697247863,109388.17697247863,128884.12981642425,0.017619595719000625,0.2075223410460592,0
2019-03-29,19495.952843945615,110943.99349078536,110943.99349078536,110943.99349078536,130439.94633473098,0.012071435951988452,0.19795599774261496,0
2019-04-01,19495.952843945615,112130.22479945421,112130.22479945421,112130.22479945421,131626.17764339983,0.009094080011538663,0.1906621454133116,0
2019-04-02,19495.952843945615,113076.32626956701,113076.32626956701,113076.32626956701,132572.27911351263,0.007187791114591002,0.1848447939734113,0
2019-04-03,19495.952843945615,112396.56127655506,112396.56127655506,112396.56127655506,131892.51412050068,-0.005127504766135216,0.18902450617745262,0
2019-04-04,19495.952843945615,114045.62517791986,114045.62517791986,114045.62517791986,133541.57802186548,0.012503089446442628,0.1788848070393164,0
2019-04-05,19495.952843945615,115402.29384201765,115402.29384201765,115402.29384201765,134898.24668596327,0.010159148066047674,0.17054297621474754,0
2019-04-08,19495.952843945615,114491.55225935578,114491.55225935578,114491.55225935578,133987.5051033014,-0.006751322608232524,0.17614290817198613,0
2019-04-09,19495.952843945615,115197.98845547438,115197.98845547438,115197.98845547438,134693.94129942,0.00527240353922509,0.17179920112521638,0
2019-04-10,19495.952843945615,114423.70954737067,114423.70954737067,114423.70954737067,133919.6623913163,-0.005748431597101367,0.1765600567662128,0
2019-04-11,19495.952843945615,114106.57977321744,114106.57977321744,114106.57977321744,133602.53261716306,-0.002368059838939618,0.17851001182556347,0
2019-04-12,19495.952843945615,112661.2753316462,112661.2753316462,112661.2753316462,132157.22817559182,-0.010817941945103215,0.1873968428261181,0
2019-04-15,19495.952843945615,112174.28086644411,112174.28086644411,112174.28086644411,131670.23371038973,-0.0036849627668873453,0.19039125520455896,0
2019-04-16,19495.952843945615,113461.27746614814,113461.27746614814,113461.27746614814,132957.23031009376,0.009774392916585883,0.1824778212242245,0
2019-04-17,19495.952843945615,114669.67081063986,114669.67081063986,114669.67081063986,134165.62365458548,0.009088586921323527,0.17504769984231108,0
2019-04-18,19495.952843945615,113677.11028549075,113677.11028549075,113677.11028549075,133173.06312943637,-0.007398024159336769,0.18115071688917808,0
2019-04-19,19495.952843945615,114950.2523060441,114950.2523060441,114950.2523060441,134446.20514998972,0.009560056595799171,0.17332247139920903,0
2019-04-22,19495.952843945615,114627.23412364721,114627.23412364721,114627.23412364721,134123.18696759283,-0.002402583115206025,0.17530863287114554,0
2019-04-23,19495.952843945615,114627.23412364721,114627.23412364721,114627.23412364721,134123.18696759283,0.0,0.17530863287114554,0
2019-04-24,19495.952843945615,114645.37014168501,114645.37014168501,114645.37014168501,134141.32298563063,0.00013521911048974822,0.17519711883805386,0
2019-04-25,19495.952843945615,112461.43852433562,112461.43852433562,112461.43852433562,131957.39136828124,-0.01628082658453678,0.18862559151267777,0
2019-04-26,19495.952843945615,113292.25809645653,113292.25809645653,113292.25809645653,132788.21094040215,0.006296120008936645,0.1835170808646617,0
2019-04-29,19495.952843945615,112373.0687726736,112373.0687726736,112373.0687726736,131869.02161661923,-0.0069222208603704205,0.18916895595963648,0
2019-04-30,19495.952843945615,112597.77247142792,112597.77247142792,112597.77247142792,132093.72531537354,0.001703991551613937,0.18778730671080543,0
2019-05-01,19495.952843945615,112597.77247142792,112597.77247142792,112597.77247142792,132093.72531537354,0.0,0.18778730671080543,0
2019-05-02,19495.952843945615,111327.627905339,111327.627905339,111327.627905339,130823.58074928462,-0.009615479940901395,0.1955971215708732,0
2019-05-03,19495.952843945615,111241.40359118581,111241.40359118581,111241.40359118581,130737.35643513143,-0.0006590884736478175,0.196127294236215,0
2019-05-06,19495.952843945615,109697.63133016229,109697.63133016229,109697.63133016229,129193.5841741079,-0.011808195477698069,0.20561958028505983,0
2019-05-07,19495.952843945615,109190.65725818276,109190.65725818276,109190.65725818276,128686.61010212838,-0.003924142790994178,0.20873684248239113,0
2019-05-08,19495.952843945615,109273.45179834962,109273.45179834962,109273.45179834962,128769.40464229524,0.0006433811575357051,0.2082277586761921,0
2019-05-09,19495.952843945615,107132.65922632813,107132.65922632813,107132.65922632813,126628.61207027375,-0.01662500947308354,0.22139097968872498,0
2019-05-10,19495.952843945615,107385.45621708035,107385.45621708035,107385.45621708035,126881.40906102597,0.001996365486592655,0.21983659151302584,0
2019-05-13,19495.952843945615,104520.21485689282,104520.21485689282,104520.21485689282,124016.16770083844,-0.022582042407878977,0.23745427468855412,0
2019-05-14,60159.94031819442,65487.2456548512,65487.2456548512,65487.2456548512,125647.18597304562,0.0131516583881357,0.22742553380392483,0
2019-05-15,30888.624454277116,94138.66725552082,94138.66725552082,94138.66725552082,125027.29170979794,-0.0049336103984108926,0.2312371152238965,0
2019-05-16,30888.624454277116,94387.25978466868,94387.25978466868,94387.25978466868,125275.8842389458,0.001988306118994254,0.22970857927604055,0
2019-05-17,30888.624454277116,94147.7296744585,94147.7296744585,94147.7296744585,125036.35412873562,-0.0019120209102121422,0.23118139257942177,0
2019-05-20,30888.624454277116,94309.32530760765,94309.32530760765,94309.32530760765,125197.94976188477,0.0012923891957274947,0.2301877797177171,0
2019-05-21,30888.624454277116,93497.35699474812,93497.35699474812,93497.35699474812,124385.98144902523,-0.006485476115254518,0.23518037848558887,0
2019-05-22,30888.624454277116,91933.5659392178,91933.5659392178,91933.5659392178,122822.19039349492,-0.012572084388554394,0.2447957553092903,0
2019-05-23,30888.624454277116,92083.83472838998,92083.83472838998,92083.83472838998,122972.4591826671,0.0012234661235950295,0.24387178849951607,0
2019-05-24,30888.624454277116,93132.8618451953,93132.8618451953,93132.8618451953,124021.48629947241,0.008530585822042136,0.23742157189884397,0
2019-05-27,30888.624454277116,92814.61722362041,92814.61722362041,92814.61722362041,123703.24167789753,-0.002566044248223376,0.23937838188809218,0
2019-05-28,30888.624454277116,93807.45986610651,93807.45986610651,93807.45986610651,124696.08432038363,0.008026003433857287,0.23327363016925987,0
2019-05-29,30888.624454277116,94037.95065367222,94037.95065367222,94037.95065367222,124926.57510794933,0.0018484204120916559,0.23185639749677572,0
2019-05-30,30888.624454277116,96016.81371617317,96016.81371617317,96016.81371617317,126905.43817045029,0.01584020902510952,0.21968884227182406,0
2019-05-31,30888.624454277116,97430.48673081398,97430.48673081398,97430.48673081398,128319.1111850911,0.011139577901634556,0.21099650534279635,0
2019-06-03,30888.624454277116,97797.01463645697,97797.01463645697,97797.01463645697,128685.63909073408,0.0028563781517649822,0.20874281299899133,0
2019-06-04,30888.624454277116,97797.01463645697,97797.01463645697,97797.01463645697,128685.63909073408,0.0,0.20874281299899133,0
2019-06-05,30888.624454277116,97797.01463645697,97797.01463645697,97797.01463645697,128685.63909073408,0.0,0.20874281299899133,0
2019-06-06,30888.624454277116,97797.01463645697,97797.01463645697,97797.01463645697,128685.63909073408,0.0,0.20874281299899133,0
2019-06-07,30888.624454277116,100246.56025832891,100246.56025832891,100246.56025832891,131135.18471260602,0.01903511253609902,0.19368114339943007,0
2019-06-10,30888.624454277116,101825.41787052155,101825.41787052155,101825.41787052155,132714.04232479865,0.012039923653234919,0.18397312592579557,0
2019-06-11,30888.624454277116,101463.41770169139,101463.41770169139,101463.41770169139,132352.0421559685,-0.002727670429510498,0.18619897829989365,0
2019-06-12,30888.624454277116,101732.29520711303,101732.29520711303,101732.29520711303,132620.91966139013,0.002031532729240171,0.18454571488922072,0
2019-06-13,30888.624454277116,100059.60246303678,100059.60246303678,100059.60246303678,130948.22691731389,-0.012612585920433794,0.19483070212436637,0
2019-06-14,30888.624454277116,101047.97439870238,101047.97439870238,101047.97439870238,131936.59885297948,0.007547806938154933,0.1887534397114713,0
2019-06-17,30888.624454277116,102597.71614557505,102597.71614557505,102597.71614557505,133486.34059985215,0.011746109573429253,0.17922444872325474,0
2019-06-18,30888.624454277116,104352.42614686489,104352.42614686489,104352.42614686489,135241.050601142,0.013145240130223446,0.16843515700870546,0
2019-06-19,30888.624454277116,104148.26003107429,104148.26003107429,104148.26003107429,135036.8844853514,-0.0015096460348621443,0.16969052557665804,0
2019-06-20,30888.624454277116,104708.39720720053,104708.39720720053,104708.39720720053,135597.02166147763,0.004148030949181258,0.16624637617935165,0
2019-06-21,30888.624454277116,104634.0515883863,104634.0515883863,104634.0515883863,135522.6760426634,-0.000548283567760377,0.16670350959085314,0
2019-06-24,30888.624454277116,106268.95761853456,106268.95761853456,106268.95761853456,137157.58207281167,0.012063708287708197,0.15665086381338617,0
2019-06-25,30888.624454277116,106414.19225919247,106414.19225919247,106414.19225919247,137302.81671346957,0.0010588888959912612,0.1557578507776344,0
2019-06-26,30888.624454277116,104845.97176668048,104845.97176668048,104845.97176668048,135734.59622095758,-0.011421619235857605,0.1654004631489143,0
2019-06-27,30888.624454277116,105510.1871022582,105510.1871022582,105510.1871022582,136398.8115565353,0.004893485920836715,0.16131636206579658,0
2019-06-28,30888.624454277116,106066.29366999865,106066.29366999865,106066.29366999865,136954.91812427575,0.004077063145890625,0.1578969959145135,0
2019-07-01,30888.624454277116,108158.56152200699,108158.56152200699,108158.56152200699,139047.1859762841,0.015277055257773009,0.14503214178836285,0
2019-07-02,30888.624454277116,108851.17317575216,108851.17317575216,108851.17317575216,139739.79763002926,0.004981126722430007,0.14077343854300606,0
2019-07-03,30888.624454277116,107733.19185826182,107733.19185826182,107733.19185826182,138621.81631253893,-0.008000450383149005,0.1476476380158265,0
2019-07-04,30888.624454277116,106826.42305067182,106826.42305067182,106826.42305067182,137715.04750494892,-0.006541313854563802,0.15322314233024376,0
2019-07-05,30888.624454277116,106775.524307549,106775.524307549,106775.524307549,137664.1487618261,-0.0003695946379497217,0.15353610651637836,0
2019-07-08,30888.624454277116,106867.87310278416,106867.87310278416,106867.87310278416,137756.49755706126,0.0006708267625650244,0.15296827588308462,0
2019-07-09,30888.624454277116,104432.3601616025,104432.3601616025,104432.3601616025,135320.9846158796,-0.017679840765208343,0.1679436618885516,0
2019-07-10,30888.624454277116,105740.39874568582,105740.39874568582,105740.39874568582,136629.02319996292,0.00966619174251715,0.15990084578378957,0
2019-07-11,30888.624454277116,106602.87422558665,106602.87422558665,106602.87422558665,137491.49867986375,0.006312534919016066,0.1545976905373638,0
2019-07-12,30888.624454277116,104291.08579039574,104291.08579039574,104291.08579039574,135179.71024467284,-0.016814046376596004,0.16881232417554992,0
2019-07-15,30888.624454277116,104291.08579039574,104291.08579039574,104291.08579039574,135179.71024467284,0.0,0.16881232417554992,0
2019-07-16,30888.624454277116,104997.12476077676,104997.12476077676,104997.12476077676,135885.74921505386,0.005222965555282677,0.16447105957474334,0
2019-07-17,30888.624454277116,106614.25738120079,106614.25738120079,106614.25738120079,137502.8818354779,0.011900678546244992,0.15452769823865758,0
2019-07-18,30888.624454277116,108737.10138747096,108737.10138747096,108737.10138747096,139625.72584174806,0.015438541926780402,0.1414748386599835,0
2019-07-19,30888.624454277116,109581.45668411255,109581.45668411255,109581.45668411255,140470.08113838965,0.0060472759697491885,0.13628310008238698,0
2019-07-22,30888.624454277116,109574.32961520553,109574.32961520553,109574.32961520553,140462.95406948263,-5.073727337001621e-05,0.13632692272285238,0
2019-07-23,30888.624454277116,110589.19400197268,110589.19400197268,110589.19400197268,141477.81845624978,0.007225139137150283,0.13008676457051432,0
2019-07-24,30888.624454277116,110920.5218089521,110920.5218089521,110920.5218089521,141809.1462632292,0.002341906389246917,0.12804950920637148,0
2019-07-25,30888.624454277116,110264.95945829153,110264.95945829153,110264.95945829153,141153.58391256863,-0.004622849568840182,0.1320804051567868,0
2019-07-26,30888.624454277116,111483.7802041173,111483.7802041173,111483.7802041173,142372.4046583944,0.008634713423788964,0.12458616818042469,0
2019-07-29,30888.624454277116,111951.7628930211,111951.7628930211,111951.7628930211,142840.3873472982,0.003287032273049606,0.1217086546629598,0
2019-07-30,30888.624454277116,111539.62835094333,111539.62835094333,111539.62835094333,142428.25280522043,-0.002885280204930618,0.12424277129582263,0
2019-07-31,30888.624454277116,111024.90973871946,111024.90973871946,111024.90973871946,141913.53419299657,-0.0036138799857903248,0.1274076528170478,0
2019-08-01,30888.624454277116,111513.48056185246,111513.48056185246,111513.48056185246,142402.10501612956,0.003442735930095031,0.12440354779107514,0
2019-08-02,30888.624454277116,110317.17958590388,110317.17958590388,110317.17958590388,141205.80404018098,-0.008400865814540248,0.1317593160937698,0
2019-08-05,30888.624454277116,109777.94199866056,109777.94199866056,109777.94199866056,140666.56645293767,-0.0038188061100510318,0.13507495892246585,0
2019-08-06,30888.624454277116,110347.43755605817,110347.43755605817,110347.43755605817,141236.06201033527,0.0040485495008377725,0.13157326707914932,0
2019-08-07,30888.624454277116,109659.54396501184,109659.54396501184,109659.54396501184,140548.16841928894,-0.004870523726411946,0.1358029600864908,0
2019-08-08,30888.624454277116,111123.17583110929,111123.17583110929,111123.17583110929,142011.8002853864,0.010413738453930454,0.12680343814017056,0
2019-08-09,77742.19235812992,65429.97028195858,65429.97028195858,65429.97028195858,143172.1626400885,0.008170886872571614,0.11966864781569547,0
2019-08-12,77742.19235812992,65429.97028195858,65429.97028195858,65429.97028195858,143172.1626400885,0.0,0.11966864781569547,0
2019-08-13,77742.19235812992,65429.97028195858,65429.97028195858,65429.97028195858,143172.1626400885,0.0,0.11966864781569547,0
2019-08-14,77742.19235812992,65429.97028195858,65429.97028195858,65429.97028195858,143172.1626400885,0.0,0.11966864781569547,0
2019-08-15,77742.19235812992,63580.09622049332,63580.09622049332,63580.09622049332,141322.28857862324,-0.012920626659216894,0.13104308055367245,0
2019-08-16,77742.19235812992,63472.349157869816,63472.349157869816,63472.349157869816,141214.54151599974,-0.0007624208729365423,0.13170559144674096,0
2019-08-19,77742.19235812992,63803.94905143976,63803.94905143976,63803.94905143976,141546.14140956968,0.0023481993427170167,0.12966666308729138,0
2019-08-20,77742.19235812992,64216.51335525513,64216.51335525513,64216.51335525513,141958.70571338505,0.00291469834293534,0.12712990395239052,0
2019-08-21,77742.19235812992,64107.90594989061,64107.90594989061,64107.90594989061,141850.09830802053,-0.0007650633669751272,0.12779770488700462,0
2019-08-22,77742.19235812992,64229.89040517807,64229.89040517807,64229.89040517807,141972.082763308,0.0008599532657536102,0.12704765167492438,0
2019-08-23,77742.19235812992,65635.73676782846,65635.73676782846,65635.73676782846,143377.92912595838,0.009902273287024865,0.11840343895525932,0
2019-08-26,77742.19235812992,66009.75854432583,66009.75854432583,66009.75854432583,143751.95090245575,0.0026086426186890943,0.11610366859362824,0
2019-08-27,77742.19235812992,66004.72768872976,66004.72768872976,66004.72768872976,143746.92004685968,-3.499678136176243e-05,0.11613460212028495,0
2019-08-28,77742.19235812992,65881.89680749178,65881.89680749178,65881.89680749178,143624.0891656217,-0.0008544940037528148,0.11688985980289782,0
2019-08-29,77742.19235812992,65825.92932260036,65825.92932260036,65825.92932260036,143568.12168073028,-0.0003896803469150001,0.117233990468694,0
2019-08-30,77742.19235812992,65825.92932260036,65825.92932260036,65825.92932260036,143568.12168073028,0.0,0.117233990468694,0
2019-09-02,77742.19235812992,66610.12026572227,66610.12026572227,66610.12026572227,144352.3126238522,0.005462152279639199,0.11241218809734463,0
2019-09-03,77742.19235812992,67275.61766040325,67275.61766040325,67275.61766040325,145017.81001853317,0.004610230224818768,0.10832020393973021,0
2019-09-04,77742.19235812992,68083.33156085014,68083.33156085014,68083.33156085014,145825.52391898006,0.005569756572269657,0.10335376453526338,0
2019-09-05,77742.19235812992,68915.49208128452,68915.49208128452,68915.49208128452,146657.68443941444,0.005706549155940044,0.0982370087170952,0
2019-09-06,77742.19235812992,68036.66216921806,68036.66216921806,68036.66216921806,145778.85452734798,-0.005992389116367902,0.10364072345160222,0
2019-09-09,77742.19235812992,68920.01549428701,68920.01549428701,68920.01549428701,146662.20785241693,0.00605954360070271,0.09820919533346294,0
2019-09-10,77742.19235812992,69324.4474143982,69324.4474143982,69324.4474143982,147066.6397725281,0.002757574197424839,0.09572244027903953,0
2019-09-11,77742.19235812992,69986.72063452005,69986.72063452005,69986.72063452005,147728.91299264997,0.004503218548721932,0.09165028079891106,0
2019-09-12,77742.19235812992,69835.22002506256,69835.22002506256,69835.22002506256,147577.41238319248,-0.0010255312002805939,0.09258182177671787,0
2019-09-13,77742.19235812992,70064.05338096619,70064.05338096619,70064.05338096619,147806.2457390961,0.001550598782078083,0.09117478025472925,0
2019-09-16,77742.19235812992,70344.19130051136,70344.19130051136,70344.19130051136,148086.38365864128,0.001895305020057636,0.08945227925339111,0
2019-09-17,77742.19235812992,69848.72622215748,69848.72622215748,69848.72622215748,147590.9185802874,-0.0033457841707850156,0.0924987754042095,0
2019-09-18,77742.19235812992,70326.13795244694,70326.13795244694,70326.13795244694,148068.33031057686,0.0032346958395665926,0.08956328496860796,0
2019-09-19,77742.19235812992,69462.67272937298,69462.67272937298,69462.67272937298,147204.8650875029,-0.005831532112659188,0.09487252590885747,0
2019-09-20,77742.19235812992,69626.61068487167,69626.61068487167,69626.61068487167,147368.8030430016,0.0011136721289832785,0.09386451066778514,0
2019-09-23,77742.19235812992,69620.82038515806,69620.82038515806,69620.82038515806,147363.01274328798,-3.929121763934784e-05,0.09390011383450722,0
2019-09-24,77742.19235812992,70452.7518478632,70452.7518478632,70452.7518478632,148194.94420599312,0.005645456395183768,0.088784766437479,0
2019-09-25,77742.19235812992,71263.08586972952,71263.08586972952,71263.08586972952,149005.27822785944,0.005468027443230161,0.08380221653366983,0
2019-09-26,77742.19235812992,71498.13490849733,71498.13490849733,71498.13490849733,149240.32726662725,0.0015774544470052998,0.08235695626580436,0
2019-09-27,77742.19235812992,72536.9411380887,72536.9411380887,72536.9411380887,150279.13349621862,0.006960626853460772,0.07596958545369659,0
2019-09-30,77742.19235812992,73406.86038410664,73406.86038410664,73406.86038410664,151149.05274223656,0.005788689525813684,0.07062066027147902,0
2019-10-01,77742.19235812992,73703.57796794176,73703.57796794176,73703.57796794176,151445.77032607168,0.0019630793475176045,0.06879621488364847,0
2019-10-02,77742.19235812992,73997.60423970222,73997.60423970222,73997.60423970222,151739.79659783214,0.0019414624200293495,0.06698831772945599,0
2019-10-03,77742.19235812992,73705.84642535448,73705.84642535448,73705.84642535448,151448.0387834844,-0.0019227507937222832,0.06878226668209388,0
2019-10-04,77742.19235812992,74663.13050723076,74663.13050723076,74663.13050723076,152405.32286536068,0.006320874734105031,0.06289615603961421,0
2019-10-07,77742.19235812992,73887.36827230453,73887.36827230453,73887.36827230453,151629.56063043445,-0.005090125596279527,0.06766613230212894,0
2019-10-08,77742.19235812992,73062.99115252495,73062.99115252495,73062.99115252495,150805.18351065487,-0.005436783674318213,0.07273502985304266,0
2019-10-09,77742.19235812992,72030.63247984648,72030.63247984648,72030.63247984648,149772.8248379764,-0.006845644484133606,0.0790827561812595,0
2019-10-10,77742.19235812992,71578.20356583595,71578.20356583595,71578.20356583595,149320.39592396587,-0.0030207677160389856,0.08186463326053077,0
2019-10-11,77742.19235812992,71875.10832500458,71875.10832500458,71875.10832500458,149617.3006831345,0.0019883737739339047,0.08003903697638493,0
2019-10-14,77742.19235812992,68854.4542426467,68854.4542426467,68854.4542426467,146596.6466007766,-0.020189203177479742,0.09861231577421863,0
2019-10-15,77742.19235812992,70438.19691640139,70438.19691640139,70438.19691640139,148180.3892745313,0.010803403150603241,0.08887426122653891,0
2019-10-16,77742.19235812992,70011.44240707159,70011.44240707159,70011.44240707159,147753.6347652015,-0.002879966177839921,0.09149827253796584,0
2019-10-17,77742.19235812992,70572.60405421257,70572.60405421257,70572.60405421257,148314.7964123425,0.0037979549405517954,0.08804782391365158,0
2019-10-18,77742.19235812992,72810.42130839825,72810.42130839825,72810.42130839825,150552.61366652817,0.015088294009210967,0.07428802135852113,0
2019-10-21,77742.19235812992,72459.0527034998,72459.0527034998,72459.0527034998,150201.2450616297,-0.0023338592159996008,0.07644850279123476,0
2019-10-22,77742.19235812992,72624.24616670609,72624.24616670609,72624.24616670609,150366.438524836,0.0010998142068563421,0.07543276773384111,0
2019-10-23,77742.19235812992,73696.06340366602,73696.06340366602,73696.06340366602,151438.25576179594,0.007128035002191613,0.06884242014036844,0
2019-10-24,77742.19235812992,74458.73376429081,74458.73376429081,74458.73376429081,152200.92612242073,0.005036180301920767,0.06415294267869519,0
2019-10-25,77742.19235812992,74366.39897298813,74366.39897298813,74366.39897298813,152108.59133111805,-0.0006066637940719266,0.06472068720516073,0
2019-10-28,77742.19235812992,74484.77364265919,74484.77364265919,74484.77364265919,152226.9660007891,0.0007782247448033797,0.0639928297006411,0
2019-10-30,77742.19235812992,73944.7721568346,73944.7721568346,73944.7721568346,151686.96451496452,-0.0035473444686652256,0.0673131695588335,0
2019-10-31,77742.19235812992,73456.29114061594,73456.29114061594,73456.29114061594,151198.48349874586,-0.0032203229709331094,0.07031672238359002,0
2019-11-01,77742.19235812992,73497.98629677296,73497.98629677296,73497.98629677296,151240.17865490288,0.00027576438064835784,0.07006034885033892,0
2019-11-04,77742.19235812992,74578.78912466764,74578.78912466764,74578.78912466764,152320.98148279756,0.007146267860214772,0.06341475100938866,0
2019-11-05,77742.19235812992,74986.80073523521,74986.80073523521,74986.80073523521,152728.99309336513,0.0026786303935000255,0.06090598529533866,0
2019-11-06,77742.19235812992,75590.41387569904,75590.41387569904,75590.41387569904,153332.60623382896,0.003952184377296497,0.05719451260161021,0
2019-11-07,77742.19235812992,76618.94501316547,76618.94501316547,76618.94501316547,154361.1373712954,0.006707843574366379,0.050870320871087615,0
2019-11-08,36614.50769953417,117344.77993173152,117344.77993173152,117344.77993173152,153959.2876312657,-0.002603309012054633,0.0533411987183724,0
2019-11-11,36614.50769953417,117320.79280439764,117320.79280439764,117320.79280439764,153935.30050393182,-0.0001558017557948821,0.05348868982175075,0
2019-11-12,36614.50769953417,118407.70538449287,118407.70538449287,118407.70538449287,155022.21308402705,0.007060840343553698,0.04680552457721425,0
2019-11-13,36614.50769953417,119528.98456425965,119528.98456425965,119528.98456425965,156143.49226379383,0.007233022658236665,0.039911047338775145,0
2019-11-14,36614.50769953417,120242.21797285974,120242.21797285974,120242.21797285974,156856.72567239392,0.004567807458764506,0.03552554585973182,0
2019-11-15,36614.50769953417,122738.77022126317,122738.77022126317,122738.77022126317,159353.27792079735,0.015916131346625617,0.020174843767170353,0
2019-11-18,36614.50769953417,124752.46373812854,124752.46373812854,124752.46373812854,161366.97143766272,0.012636662032557755,0.007793124416857929,0
2019-11-19,36614.50769953417,124839.69472660124,124839.69472660124,124839.69472660124,161454.20242613542,0.0005405752347926729,0.007256761952126648,0
2019-11-20,36614.50769953417,123753.18111991882,123753.18111991882,123753.18111991882,160367.688819453,-0.00672954677150317,0.013937474004663322,0
2019-11-21,36614.50769953417,124434.78335888684,124434.78335888684,124434.78335888684,161049.29105842102,0.004250246692370618,0.00974646501508094,0
2019-11-22,36614.50769953417,123931.1260401383,123931.1260401383,123931.1260401383,160545.63373967248,-0.003127348872127844,0.012843333290836588,0
2019-11-25,36614.50769953417,122907.23519814014,122907.23519814014,122907.23519814014,159521.74289767432,-0.006377568907656617,0.019138992955426877,0
2019-11-26,36614.50769953417,124370.19812063873,124370.19812063873,124370.19812063873,160984.7058201729,0.00917093115912726,0.01014358418314877,0
2019-11-27,36614.50769953417,123541.92937383801,123541.92937383801,123541.92937383801,160156.4370733722,-0.005145015127871466,0.015236410416947057,0
2019-11-28,36614.50769953417,125447.67520876229,125447.67520876229,125447.67520876229,162062.18290829647,0.011899277167680689,0.003518435519858073,0
2019-11-29,36614.50769953417,126901.26753610373,126901.26753610373,126901.26753610373,163515.7752356379,0.008969349303186602,0.0,0
2019-12-02,36614.50769953417,129556.93128806353,129556.93128806353,129556.93128806353,166171.4389875977,0.016241024745978105,0.0,0
2019-12-03,36614.50769953417,129670.32460206747,129670.32460206747,129670.32460206747,166284.83230160165,0.0006823875071118035,0.0,0
2019-12-04,36614.50769953417,131930.2710392624,131930.2710392624,131930.2710392624,168544.7787387966,0.01359081526507433,0.0,0
2019-12-05,36614.50769953417,133006.73138189316,133006.73138189316,133006.73138189316,169621.23908142734,0.006386791395650349,0.0,0
2019-12-06,36614.50769953417,133804.7048726976,133804.7048726976,133804.7048726976,170419.21257223177,0.004704443235562961,0.0,0
2019-12-09,36614.50769953417,136241.45282432437,136241.45282432437,136241.45282432437,172855.96052385855,0.014298551875974397,0.0,0
2019-12-10,36614.50769953417,134833.98666366935,134833.98666366935,134833.98666366935,171448.49436320353,-0.008142421912380349,0.008142421912380368,0
2019-12-11,36614.50769953417,134987.9974990934,134987.9974990934,134987.9974990934,171602.5051986276,0.0008982921430491508,0.007251444042960538,0
2019-12-12,36614.50769953417,136380.61852529645,136380.61852529645,136380.61852529645,172995.12622483063,0.00811538866866246,0.0,0
2019-12-13,36614.50769953417,136507.02149535716,136507.02149535716,136507.02149535716,173121.52919489134,0.0007306735907486317,0.0,0
2019-12-16,36614.50769953417,137142.71289129555,137142.71289129555,137142.71289129555,173757.22059082973,0.0036719372737445966,0.0,0
2019-12-17,36614.50769953417,136212.1423265338,136212.1423265338,136212.1423265338,172826.65002606797,-0.005355579247858122,0.0053555792478581455,0
2019-12-18,36614.50769953417,135301.19239385426,135301.19239385426,135301.19239385426,171915.70009338844,-0.0052708880982309525,0.010598238687172466,0
2019-12-19,36614.50769953417,136243.23569649458,136243.23569649458,136243.23569649458,172857.74339602876,0.005479681623775878,0.0051766320371750005,0
2019-12-20,36614.50769953417,137193.77895209193,137193.77895209193,137193.77895209193,173808.2866516261,0.005498991465019865,0.0,0
2019-12-23,36614.50769953417,139433.1175481677,139433.1175481677,139433.1175481677,176047.6252477019,0.012883957601884655,0.0,0
2019-12-24,36614.50769953417,140943.5329657048,140943.5329657048,140943.5329657048,177558.04066523898,0.008579584163159959,0.0,0
2019-12-25,36614.50769953417,142482.88789740205,142482.88789740205,142482.88789740205,179097.39559693623,0.008669587284979574,0.0,0
2019-12-26,36614.50769953417,142813.4496331066,142813.4496331066,142813.4496331066,179427.95733264077,0.001845709339338919,0.0,0
2019-12-27,36614.50769953417,142264.1495720297,142264.1495720297,142264.1495720297,178878.6572715639,-0.003061396168371533,0.003061396168371545,0
2019-12-30,36614.50769953417,143310.39460915327,143310.39460915327,143310.39460915327,179924.90230868745,0.005848909272251568,0.0,0
2019-12-31,36614.50769953417,143836.21912568808,143836.21912568808,143836.21912568808,180450.72682522226,0.0029224665946054884,0.0,0
2020-01-02,36614.50769953417,145648.64309997857,145648.64309997857,145648.64309997857,182263.15079951275,0.010043871843453012,0.0,0
2020-01-03,36614.50769953417,141682.2332956046,141682.2332956046,141682.2332956046,178296.74099513877,-0.021761995153573244,0.02176199515357321,0
2020-01-06,36614.50769953417,137653.98432658613,137653.98432658613,137653.98432658613,174268.4920261203,-0.022592947838167676,0.04386327537038173,0
2020-01-07,36614.50769953417,141354.14585782588,141354.14585782588,141354.14585782588,177968.65355736006,0.021232533134475817,0.023562070683594106,0
2020-01-08,36614.50769953417,140040.92830762267,140040.92830762267,140040.92830762267,176655.43600715685,-0.00737892614206892,0.03076713404633454,0
2020-01-09,36614.50769953417,146766.8285434842,146766.8285434842,146766.8285434842,183381.3362430184,0.038073553737622,0.0,0
2020-01-10,36614.50769953417,148319.54155676067,148319.54155676067,148319.54155676067,184934.04925629485,0.008467126726674046,0.0,0
2020-01-13,36614.50769953417,151214.48126634955,151214.48126634955,151214.48126634955,187828.98896588373,0.015653903222423216,0.0,0
2020-01-14,36614.50769953417,153080.5565188229,153080.5565188229,153080.5565188229,189695.0642183571,0.009934969371593105,0.0,0
2020-01-15,36614.50769953417,153141.4602379501,153141.4602379501,153141.4602379501,189755.96793748427,0.00032106116929364603,0.0,0
2020-01-16,36614.50769953417,151933.1188787371,151933.1188787371,151933.1188787371,188547.62657827127,-0.006367870124701858,0.006367870124701884,0
2020-01-17,36614.50769953417,152065.52748087049,152065.52748087049,152065.52748087049,188680.03518040467,0.000702255470070412,0.005670086526259195,0
2020-01-20,36614.50769953417,153675.74396501482,153675.74396501482,153675.74396501482,190290.251664549,0.008534111638280883,0.0,0
2020-01-21,36614.50769953417,157111.15812538564,157111.15812538564,157111.15812538564,193725.66582491982,0.01805354783190327,0.0,0
2020-01-22,36614.50769953417,155474.00731566548,155474.00731566548,155474.00731566548,192088.51501519966,-0.008450872024359124,0.00845087202435912,0
2020-01-23,36614.50769953417,156045.65884172916,156045.65884172916,156045.65884172916,192660.16654126334,0.0029759797248598563,0.0055000419233010986,0
2020-01-24,36614.50769953417,157206.28018441796,157206.28018441796,157206.28018441796,193820.78788395214,0.006024189449873818,0.0,0
2020-01-27,36614.50769953417,157711.4551333636,157711.4551333636,157711.4551333636,194325.96283289779,0.002606402308343192,0.0,0
2020-01-28,36614.50769953417,158091.93278360367,158091.93278360367,158091.93278360367,194706.44048313785,0.001957935237749231,0.0,0
2020-01-29,36614.50769953417,158998.91098344326,158998.91098344326,158998.91098344326,195613.41868297744,0.00465818283971009,0.0,0
2020-01-30,36614.50769953417,156537.8136523664,156537.8136523664,156537.8136523664,193152.32135190058,-0.012581434073627884,0.01258143407362794,0
2020-01-31,36614.50769953417,158246.0178013742,158246.0178013742,158246.0178013742,194860.52550090838,0.008843818894082256,0.003848883103920626,0
2020-02-03,36614.50769953417,159109.94001089036,159109.94001089036,159109.94001089036,195724.44771042455,0.004433541412738107,0.0,0
2020-02-04,36614.50769953417,161630.72830207646,161630.72830207646,161630.72830207646,198245.23600161064,0.012879271448580587,0.0,0
2020-02-05,113500.0223726994,86269.81780922413,86269.81780922413,86269.81780922413,199769.84018192353,0.0076904959284898045,0.0,0
2020-02-06,48280.55603192865,151479.72482979298,151479.72482979298,151479.72482979298,199760.28086172164,-4.785166866627666e-05,4.7851668666242235e-05,0
2020-02-07,48280.55603192865,150567.37594258785,150567.37594258785,150567.37594258785,198847.9319745165,-0.004567218684662699,0.004614851804293718,0
2020-02-10,48280.55603192865,147476.9806331396,147476.9806331396,147476.9806331396,195757.53666506827,-0.015541500878391346,0.020084630959314943,0
2020-02-11,48280.55603192865,150223.00899600983,150223.00899600983,150223.00899600983,198503.5650279385,0.014027701868605691,0.006338670305947535,0
2020-02-12,48280.55603192865,151153.09311199188,151153.09311199188,151153.09311199188,199433.64914392054,0.004685478146708055,0.001682891860437141,0
2020-02-13,48280.55603192865,152094.72202396393,152094.72202396393,152094.72202396393,200375.2780558926,0.004721514729405074,0.0,0
2020-02-14,48280.55603192865,153393.14264523983,153393.14264523983,153393.14264523983,201673.6986771685,0.006479944202067323,0.0,0
2020-02-17,48280.55603192865,156236.4495755434,156236.4495755434,156236.4495755434,204517.00560747206,0.014098551020552463,0.0,0
2020-02-18,48280.55603192865,154701.1964097023,154701.1964097023,154701.1964097023,202981.75244163096,-0.007506726207343828,0.007506726207343864,0
2020-02-19,48280.55603192865,152784.5718792677,152784.5718792677,152784.5718792677,201065.12791119635,-0.009442348917475973,0.01687819399674213,0
2020-02-20,48280.55603192865,145962.11046653986,145962.11046653986,145962.11046653986,194242.66649846852,-0.033931599594640205,0.05023708947080423,0
2020-02-21,48280.55603192865,149659.4337540269,149659.4337540269,149659.4337540269,197939.98978595555,0.01903455792765385,0.032158772332799214,0
2020-02-24,48280.55603192865,149964.24281454086,149964.24281454086,149964.24281454086,198244.79884646952,0.0015399064173116095,0.030668387415375812,0
2020-02-25,48280.55603192865,150900.2974447608,150900.2974447608,150900.2974447608,199180.85347668946,0.004721710913307975,0.02609148376162049,0
2020-02-26,48280.55603192865,151871.47579723597,151871.47579723597,151871.47579723597,200152.03182916463,0.004875861989359409,0.021342840246180304,0
2020-02-27,48280.55603192865,144516.16745364666,144516.16745364666,144516.16745364666,192796.72348557532,-0.03674860692829374,0.05730712752753379,0
2020-02-28,48280.55603192865,139271.22509133816,139271.22509133816,139271.22509133816,187551.78112326682,-0.027204520219457518,0.08295263483744952,0
2020-03-02,48280.55603192865,143659.8337494731,143659.8337494731,143659.8337494731,191940.38978140175,0.023399450710897662,0.061494230216769905,0
2020-03-03,48280.55603192865,147198.58490347862,147198.58490347862,147198.58490347862,195479.14093540728,0.01843671964007032,0.04419126245868809,0
2020-03-04,48280.55603192865,145082.679849267,145082.679849267,145082.679849267,193363.23588119567,-0.01082419865406914,0.054537126109130224,0
2020-03-05,48280.55603192865,145985.7436683774,145985.7436683774,145985.7436683774,194266.29970030606,0.004670297406820678,0.05012153330095252,0
2020-03-06,48280.55603192865,141361.91035461426,141361.91035461426,141361.91035461426,189642.46638654292,-0.023801520494786343,0.07273008509364613,0
2020-03-09,48280.55603192865,130512.51300501823,130512.51300501823,130512.51300501823,178793.0690369469,-0.05720974608863183,0.1257789614810659,0
2020-03-10,48280.55603192865,123515.92846095562,123515.92846095562,123515.92846095562,171796.48449288428,-0.03913230295642389,0.15998924401126835,0
2020-03-11,48280.55603192865,123515.92846095562,123515.92846095562,123515.92846095562,171796.48449288428,0.0,0.15998924401126835,0
2020-03-12,48280.55603192865,113648.33007752895,113648.33007752895,113648.33007752895,161928.8861094576,-0.05743772005902359,0.20823754666031785,0
2020-03-13,48280.55603192865,116460.650585711,116460.650585711,116460.650585711,164741.20661763966,0.01736762708465145,0.19448651163108555,0
2020-03-16,48280.55603192865,106592.08125025034,106592.08125025034,106592.08125025034,154872.637282179,-0.05990346640088273,0.24273956181705067,0
2020-03-17,48280.55603192865,102346.64820945263,102346.64820945263,102346.64820945263,150627.2042413813,-0.027412415229053688,0.2634978993850568,0
2020-03-18,48280.55603192865,100758.35305303335,100758.35305303335,100758.35305303335,149038.909084962,-0.010544543825390384,0.2712639780624832,0
2020-03-19,48280.55603192865,100077.2451787591,100077.2451787591,100077.2451787591,148357.80121068776,-0.004570000400942131,0.27459430197491863,0
2020-03-20,48280.55603192865,103868.40216255188,103868.40216255188,103868.40216255188,152148.95819448054,0.025554146481375994,0.2560571785091608,0
2020-03-23,48280.55603192865,104541.64295852184,104541.64295852184,104541.64295852184,152822.1989904505,0.004424879433675866,0.25276532121851525,0
2020-03-24,48280.55603192865,111822.9174797535,111822.9174797535,111822.9174797535,160103.47351168215,0.04764539817730706,0.21716302741607935,0
2020-03-25,48280.55603192865,113682.83869075775,113682.83869075775,113682.83869075775,161963.3947226864,0.011616994748515186,0.2080688144166284,0
2020-03-26,48280.55603192865,117251.86093896627,117251.86093896627,117251.86093896627,165532.41697089493,0.022035980749350204,0.19061783405630314,0
2020-03-27,48280.55603192865,113932.73832291365,113932.73832291365,113932.73832291365,162213.2943548423,-0.020051194060896393,0.20684691293506882,0
2020-03-30,48280.55603192865,114062.76318788528,114062.76318788528,114062.76318788528,162343.31921981394,0.0008015672543288943,0.2062111473928078,0
2020-03-31,48280.55603192865,116732.02678740025,116732.02678740025,116732.02678740025,165012.5828193289,0.01644209082543613,0.19315959898202156,0
2020-04-01,48280.55603192865,114587.45338869095,114587.45338869095,114587.45338869095,162868.0094206196,-0.012996423436735016,0.20364563847951625,0
2020-04-02,48280.55603192865,114305.0914464593,114305.0914464593,114305.0914464593,162585.64747838795,-0.0017336857203333889,0.20502626666440954,0
2020-04-03,48280.55603192865,114536.465934515,114536.465934515,114536.465934515,162817.02196644366,0.001423092946051474,0.20389494515220347,0
2020-04-06,48280.55603192865,117900.14526629448,117900.14526629448,117900.14526629448,166180.70129822314,0.020659260875516727,0.18744800313978535,0
2020-04-07,48280.55603192865,118000.84054291248,118000.84054291248,118000.84054291248,166281.39657484114,0.0006059384503216414,0.18695564664200215,0
2020-04-08,48280.55603192865,118997.38587200642,118997.38587200642,118997.38587200642,167277.94190393508,0.005993125807344235,0.18208296954537678,0
2020-04-09,48280.55603192865,121935.27884876728,121935.27884876728,121935.27884876728,170215.83488069594,0.01756294310727502,0.1677179392730309,0
2020-04-10,48280.55603192865,123619.67518353462,123619.67518353462,123619.67518353462,171900.23121546328,0.009895650048938887,0.15948196725806707,0
2020-04-13,48280.55603192865,124689.73795956373,124689.73795956373,124689.73795956373,172970.2939914924,0.006224905972859851,0.1542498215357555,0
2020-04-14,48280.55603192865,125646.55434703827,125646.55434703827,125646.55434703827,173927.11037896693,0.005531680413988216,0.14957140183841772,0
2020-04-15,48280.55603192865,122018.81525939703,122018.81525939703,122018.81525939703,170299.3712913257,-0.020857812676452925,0.16730948223357045,0
2020-04-16,48280.55603192865,125792.435600698,125792.435600698,125792.435600698,174072.99163262665,0.02215874499527981,0.1488581053903966,0
2020-04-17,48280.55603192865,127514.9802223444,127514.9802223444,127514.9802223444,175795.53625427306,0.009895530636261807,0.14043560469648134,0
2020-04-20,48280.55603192865,129209.97575706244,129209.97575706244,129209.97575706244,177490.5317889911,0.00964185764231451,0.1321478071625627,0
2020-04-21,48280.55603192865,129117.44459277391,129117.44459277391,129117.44459277391,177398.00062470257,-0.0005213301428299566,0.13260024467020992,0
2020-04-22,48280.55603192865,130531.47838622332,130531.47838622332,130531.47838622332,178812.03441815198,0.007970968040620141,0.1256862289420345,0
2020-04-24,48280.55603192865,132353.1302704215,132353.1302704215,132353.1302704215,180633.68630235016,0.01018752395567657,0.11677913645460354,0
2020-04-27,48280.55603192865,136196.23761963844,136196.23761963844,136196.23761963844,184476.7936515671,0.02127569573476018,0.09798799809521946,0
2020-04-28,48280.55603192865,135348.49195492268,135348.49195492268,135348.49195492268,183629.04798685134,-0.004595405459599244,0.1021331089733967,0
2020-04-29,48280.55603192865,137766.14284306765,137766.14284306765,137766.14284306765,186046.6988749963,0.013165950129622628,0.0903118382631011,0
2020-04-30,48280.55603192865,138190.45982307196,138190.45982307196,138190.45982307196,186471.01585500062,0.0022807014721040186,0.08823711113347209,0
2020-05-04,48280.55603192865,136341.43884080648,136341.43884080648,136341.43884080648,184621.99487273514,-0.00991586265451172,0.09727802671295346,0
2020-05-05,48280.55603192865,136478.7796779275,136478.7796779275,136478.7796779275,184759.33570985615,0.0007439028985452012,0.09660648922044486,0
2020-05-06,119342.22536107965,65980.21624165773,65980.21624165773,65980.21624165773,185322.44160273738,0.0030477804583879387,0.09385314413205649,0
2020-05-07,51395.79997580529,134152.03598618507,134152.03598618507,134152.03598618507,185547.83596199035,0.0012162280903686984,0.09275106287195059,0
2020-05-08,51395.79997580529,131814.81927341223,131814.81927341223,131814.81927341223,183210.6192492175,-0.012596302730534803,0.10417904513597145,0
2020-05-11,51395.79997580529,133150.10651534796,133150.10651534796,133150.10651534796,184545.90649115323,0.007288263351805879,0.09765006610085622,0
2020-05-12,51395.79997580529,137850.77164971828,137850.77164971828,137850.77164971828,189246.57162552356,0.025471522093044374,0.07466583982388697,0
2020-05-13,51395.79997580529,143065.22407352924,143065.22407352924,143065.22407352924,194461.02404933452,0.027553748419438584,0.04916941517048178,0
2020-05-14,51395.79997580529,142385.67129462957,142385.67129462957,142385.67129462957,193781.47127043485,-0.0034945448951624325,0.052492135336862124,0
2020-05-15,51395.79997580529,143057.9368864894,143057.9368864894,143057.9368864894,194453.73686229467,0.003469194384026597,0.04920504637395167,0
2020-05-18,51395.79997580529,143760.44638830423,143760.44638830423,143760.44638830423,195156.2463641095,0.003612733358332676,0.04577007772805254,0
2020-05-20,51395.79997580529,144665.79478389025,144665.79478389025,144665.79478389025,196061.59475969552,0.004639095147878969,0.04134331432567982,0
2020-05-21,51395.79997580529,143027.27870327234,143027.27870327234,143027.27870327234,194423.07867907762,-0.008357149612223447,0.049354951674618404,0
2020-05-22,51395.79997580529,142801.63282984495,142801.63282984495,142801.63282984495,194197.43280565023,-0.0011605920190156382,0.0504582627306216,0
2020-05-27,51395.79997580529,144560.46345239878,144560.46345239878,144560.46345239878,195956.26342820405,0.009056920048546857,0.04185833913341455,0
2020-05-28,51395.79997580529,143601.52087157965,143601.52087157965,143601.52087157965,194997.32084738492,-0.004893656186552464,0.04654715499970794,0
2020-05-29,51395.79997580529,143514.1077479124,143514.1077479124,143514.1077479124,194909.90772371768,-0.0004482785880717266,0.04697456749485767,0
2020-06-01,51395.79997580529,145926.81102865934,145926.81102865934,145926.81102865934,197322.61100446462,0.01237855637470675,0.03517748845206345,0
2020-06-02,51395.79997580529,146611.45096546412,146611.45096546412,146611.45096546412,198007.2509412694,0.003469647666426212,0.03182989427635566,0
2020-06-03,51395.79997580529,148946.97579556704,148946.97579556704,148946.97579556704,200342.7757713723,0.011795148000896427,0.02041018458930168,0
2020-06-04,51395.79997580529,147536.96261000633,147536.96261000633,147536.96261000633,198932.7625858116,-0.007038003642166668,0.027304541277991576,0
2020-06-05,51395.79997580529,147504.96725046635,147504.96725046635,147504.96725046635,198900.76722627162,-0.00016083504357999878,0.027460984794485232,0
2020-06-08,51395.79997580529,147798.8753425479,147798.8753425479,147798.8753425479,199194.67531835317,0.0014776619325314044,0.026023900913814485,0
2020-06-09,51395.79997580529,148525.9207596779,148525.9207596779,148525.9207596779,199921.72073548316,0.0036499239548850593,0.022468962218274387,0
2020-06-10,51395.79997580529,150633.1119118333,150633.1119118333,150633.1119118333,202028.91188763856,0.010540081109763122,0.012165705792744105,0
2020-06-11,51395.79997580529,150041.34704732895,150041.34704732895,150041.34704732895,201437.14702313422,-0.002929109794114315,0.015059180898868567,0
2020-06-12,51395.79997580529,152064.65093380213,152064.65093380213,152064.65093380213,203460.4509096074,0.010044343440988035,0.005166097042768645,0
2020-06-15,51395.79997580529,152430.36257255077,152430.36257255077,152430.36257255077,203826.16254835605,0.0017974581158828329,0.003377924769942818,0
2020-06-16,51395.79997580529,156013.39925855398,156013.39925855398,156013.39925855398,207409.19923435926,0.017578885071503736,0.0,0
2020-06-17,51395.79997580529,157855.97694414854,157855.97694414854,157855.97694414854,209251.77691995382,0.008883779949955706,0.0,0
2020-06-18,51395.79997580529,158706.73548179865,158706.73548179865,158706.73548179865,210102.53545760392,0.004065717147891057,0.0,0
2020-06-19,51395.79997580529,156491.0156748891,156491.0156748891,156491.0156748891,207886.81565069436,-0.010545897516580305,0.01054589751658026,0
2020-06-22,51395.79997580529,157687.4648567438,157687.4648567438,157687.4648567438,209083.2648325491,0.005755291301710486,0.004851300927115715,0
2020-06-23,51395.79997580529,160219.20918434858,160219.20918434858,160219.20918434858,211615.00916015386,0.012108785127458166,0.0,0
2020-06-24,51395.79997580529,159855.6896907091,159855.6896907091,159855.6896907091,211251.4896665144,-0.0017178341700911925,0.0017178341700911743,0
2020-06-25,51395.79997580529,159738.3874694705,159738.3874694705,159738.3874694705,211134.18744527578,-0.000555272871324064,0.002272153174703162,0
2020-06-26,51395.79997580529,162731.29787158966,162731.29787158966,162731.29787158966,214127.09784739494,0.014175394512529582,0.0,0
2020-06-29,51395.79997580529,165683.26170378923,165683.26170378923,165683.26170378923,217079.0616795945,0.013786035779102424,0.0,0
2020-06-30,51395.79997580529,166685.7627583146,166685.7627583146,166685.7627583146,218081.56273411989,0.004618137957520085,0.0,0
2020-07-01,51395.79997580529,168391.25565809011,168391.25565809011,168391.25565809011,219787.0556338954,0.007820435979976947,0.0,0
2020-07-02,51395.79997580529,170975.93727457523,170975.93727457523,170975.93727457523,222371.7372503805,0.011759935584152448,0.0,0
2020-07-03,51395.79997580529,171004.99738878012,171004.99738878012,171004.99738878012,222400.7973645854,0.00013068258837312108,0.0,0
2020-07-06,51395.79997580529,177447.04563516378,177447.04563516378,177447.04563516378,228842.84561096906,0.028965940422520653,0.0,0
2020-07-07,51395.79997580529,177999.65171390772,177999.65171390772,177999.65171390772,229395.451689713,0.002414784160145178,0.0,0
2020-07-08,51395.79997580529,177889.1309249401,177889.1309249401,177889.1309249401,229284.93090074538,-0.00048179154448579897,0.0004817915444858212,0
2020-07-09,51395.79997580529,172573.43299651146,172573.43299651146,172573.43299651146,223969.23297231673,-0.023183808493414504,0.02365443027499918,0
2020-07-10,51395.79997580529,170923.8252927065,170923.8252927065,170923.8252927065,222319.62526851177,-0.007365331755227578,0.0308455393037705,0
2020-07-13,51395.79997580529,179783.77861392498,179783.77861392498,179783.77861392498,231179.57858973026,0.03985232212638756,0.0,0
2020-07-14,51395.79997580529,178317.43050694466,178317.43050694466,178317.43050694466,229713.23048274993,-0.006342896357565464,0.006342896357565485,0
2020-07-16,51395.79997580529,179712.57964861393,179712.57964861393,179712.57964861393,231108.3796244192,0.006073438341959392,0.0003079812055432707,0
2020-07-17,51395.79997580529,179053.89686387777,179053.89686387777,179053.89686387777,230449.69683968305,-0.002850103426827677,0.003157206854081663,0
2020-07-20,51395.79997580529,180259.34916204214,180259.34916204214,180259.34916204214,231655.14913784742,0.005230869533332294,0.0,0
2020-07-21,51395.79997580529,177382.51256126165,177382.51256126165,177382.51256126165,228778.31253706693,-0.012418617118968522,0.01241861711896856,0
2020-07-22,51395.79997580529,176071.39326268435,176071.39326268435,176071.39326268435,227467.19323848962,-0.005730959740184671,0.01807840626441562,0
2020-07-23,51395.79997580529,178244.84172338247,178244.84172338247,178244.84172338247,229640.64169918775,0.009554997491086015,0.00869614789982901,0
2020-07-24,51395.79997580529,181136.57197076082,181136.57197076082,181136.57197076082,232532.3719465661,0.012592414940062246,0.0,0
2020-07-27,51395.79997580529,184361.58611530066,184361.58611530066,184361.58611530066,235757.38609110593,0.01386909752626142,0.0,0
2020-07-28,51395.79997580529,176740.37833946943,176740.37833946943,176740.37833946943,228136.1783152747,-0.03232648572412522,0.032326485724125255,0
2020-07-29,51395.79997580529,175449.17059534788,175449.17059534788,175449.17059534788,226844.97057115316,-0.005659811405875126,0.03780333531738711,0
2020-07-30,51395.79997580529,174601.58919495344,174601.58919495344,174601.58919495344,225997.38917075872,-0.0037363905325314972,0.0413984778257406,0
2020-08-04,51395.79997580529,165330.15177202225,165330.15177202225,165330.15177202225,216725.95174782752,-0.04102453332293099,0.08072465791559087,0
2020-08-05,51395.79997580529,165344.25340253115,165344.25340253115,165344.25340253115,216740.05337833642,6.506664474259516e-05,0.08066484375348675,0
2020-08-06,51395.79997580529,153948.72636443377,153948.72636443377,153948.72636443377,205344.52634023904,-0.052576931953622896,0.1290006657060329,0
2020-08-07,51395.79997580529,159800.27113473415,159800.27113473415,159800.27113473415,211196.07111053943,0.02849622960294962,0.10418046869197575,0
2020-08-10,51395.79997580529,163071.74845474958,163071.74845474958,163071.74845474958,214467.54843055486,0.015490237592076905,0.09030401131239146,0
2020-08-11,131725.01900370943,86494.21355956793,86494.21355956793,86494.21355956793,218219.23256327736,0.017493015424369984,0.07439068535079169,0
2020-08-12,62572.14758277355,156036.90550464392,156036.90550464392,156036.90550464392,218609.05308741747,0.0017863710707857194,0.07273720364825248,0
2020-08-13,62572.14758277355,152713.89956623316,152713.89956623316,152713.89956623316,215286.0471490067,-0.015200678523967448,0.08683222732283045,0
2020-08-14,62572.14758277355,151887.94694137573,151887.94694137573,151887.94694137573,214460.0945241493,-0.0038365357894548646,0.09033562816448318,0
2020-08-17,62572.14758277355,151406.91738045216,151406.91738045216,151406.91738045216,213979.0649632257,-0.0022429793383748065,0.09237598655536594,0
2020-08-18,62572.14758277355,151553.7862598896,151553.7862598896,151553.7862598896,214125.93384266316,0.0006863703206791971,0.0917530203702018,0
2020-08-19,62572.14758277355,154765.7685239911,154765.7685239911,154765.7685239911,217337.91610676466,0.015000435521563826,0.07812892011460994,0
2020-08-20,62572.14758277355,156708.39141094685,156708.39141094685,156708.39141094685,219280.5389937204,0.00893826039079837,0.0698889963558479,0
2020-08-21,62572.14758277355,154353.26218128204,154353.26218128204,154353.26218128204,216925.4097640556,-0.010740256479086163,0.0798786270890063,0
2020-08-24,62572.14758277355,153786.9335256219,153786.9335256219,153786.9335256219,216359.08110839545,-0.0026107068612944984,0.0822807942704888,0
2020-08-25,62572.14758277355,151275.38829052448,151275.38829052448,151275.38829052448,213847.53587329804,-0.011608226575149483,0.09293388674296323,0
2020-08-26,62572.14758277355,152408.54941141605,152408.54941141605,152408.54941141605,214980.6969941896,0.005298920636443327,0.08812741539680709,0
2020-08-27,62572.14758277355,155230.06909108162,155230.06909108162,155230.06909108162,217802.21667385518,0.013124525685865862,0.07615952023794569,0
2020-08-28,62572.14758277355,155660.57755970955,155660.57755970955,155660.57755970955,218232.7251424831,0.0019766027876226833,0.07433345457032937,0
2020-08-31,62572.14758277355,153425.57579225302,153425.57579225302,153425.57579225302,215997.72337502657,-0.010241368548174035,0.0838135468147897,0
2020-09-01,62572.14758277355,154672.2702871561,154672.2702871561,154672.2702871561,217244.41786992966,0.005771794607013048,0.07852550678527684,0
2020-09-02,62572.14758277355,154182.6770005226,154182.6770005226,154182.6770005226,216754.82458329617,-0.002253651861041761,0.08060218949181268,0
2020-09-03,62572.14758277355,153405.15618413687,153405.15618413687,153405.15618413687,215977.30376691042,-0.003587098085961915,0.08390015961812414,0
2020-09-04,62572.14758277355,155185.65166521072,155185.65166521072,155185.65166521072,217757.79924798428,0.008243900863747378,0.07634792335272118,0
2020-09-07,62572.14758277355,157288.77764695883,157288.77764695883,157288.77764695883,219860.92522973238,0.009658097156616918,0.06742720185755084,0
2020-09-08,62572.14758277355,157348.9596555829,157348.9596555829,157348.9596555829,219921.10723835646,0.00027372762377475546,0.06717193092151823,0
2020-09-09,62572.14758277355,160618.79314357042,160618.79314357042,160618.79314357042,223190.94072634398,0.014868211282892396,0.05330244609984683,0
2020-09-10,62572.14758277355,160940.61389505863,160940.61389505863,160940.61389505863,223512.7614778322,0.001441907769378581,0.05193739554162659,0
2020-09-11,62572.14758277355,160727.94440937042,160727.94440937042,160727.94440937042,223300.09199214398,-0.0009514869946667392,0.05283946477989862,0
2020-09-14,62572.14758277355,162626.84297126532,162626.84297126532,162626.84297126532,225198.99055403887,0.008503796594771185,0.04478500424579224,0
2020-09-15,62572.14758277355,166882.82491707802,166882.82491707802,166882.82491707802,229454.97249985157,0.018898761203778314,0.02673262414276538,0
2020-09-16,62572.14758277355,169441.85259246826,169441.85259246826,169441.85259246826,232014.00017524182,0.01115263551497847,0.015878127841210125,0
2020-09-17,62572.14758277355,171950.10478156805,171950.10478156805,171950.10478156805,234522.2523643416,0.010810779466779108,0.005239003312867664,0
2020-09-18,62572.14758277355,172770.02807748318,172770.02807748318,172770.02807748318,235342.17566025673,0.0034961428506210535,0.0017611767662233258,0
2020-09-21,62572.14758277355,170620.02551931143,170620.02551931143,170620.02551931143,233192.17310208498,-0.009135644948211619,0.010880732228807661,0
2020-09-22,62572.14758277355,173016.67589968443,173016.67589968443,173016.67589968443,235588.82348245798,0.010277576423303847,0.0007149833625267919,0
2020-09-23,62572.14758277355,174479.42399543524,174479.42399543524,174479.42399543524,237051.5715782088,0.006208902757476098,0.0,0
2020-09-24,62572.14758277355,176665.52181500196,176665.52181500196,176665.52181500196,239237.66939777552,0.009222034703302961,0.0,0
2020-09-25,62572.14758277355,178200.1138279438,178200.1138279438,178200.1138279438,240772.26141071736,0.006414508287113874,0.0,0
2020-09-28,62572.14758277355,180074.6163264513,180074.6163264513,180074.6163264513,242646.76390922486,0.007785375638890146,0.0,0
2020-09-29,62572.14758277355,182394.6006270051,182394.6006270051,182394.6006270051,244966.74820977866,0.009561159041139078,0.0,0
2020-09-30,62572.14758277355,185118.1499053836,185118.1499053836,185118.1499053836,247690.29748815714,0.011118036624489847,0.0,0
2020-10-01,62572.14758277355,182913.04327386618,182913.04327386618,182913.04327386618,245485.19085663973,-0.008902676664687803,0.008902676664687859,0
2020-10-02,62572.14758277355,185158.9552925825,185158.9552925825,185158.9552925825,247731.10287535607,0.009148869676737226,0.0,0
2020-10-05,62572.14758277355,187307.23266339302,187307.23266339302,187307.23266339302,249879.38024616658,0.008671811273901264,0.0,0
2020-10-06,62572.14758277355,187408.60209095478,187408.60209095478,187408.60209095478,249980.74967372834,0.00040567343916841914,0.0,0
2020-10-07,62572.14758277355,186687.0089917183,186687.0089917183,186687.0089917183,249259.15657449185,-0.0028865946685027177,0.0028865946685026843,0
2020-10-08,62572.14758277355,185294.78821623325,185294.78821623325,185294.78821623325,247866.9357990068,-0.005585434832637626,0.008455906614731133,0
2020-10-09,62572.14758277355,187073.97713768482,187073.97713768482,187073.97713768482,249646.12472045838,0.007178000227082704,0.001338602887249145,0
2020-10-12,62572.14758277355,189637.38056737185,189637.38056737185,189637.38056737185,252209.5281501454,0.010268148294140023,0.0,0
2020-10-13,62572.14758277355,192108.3337044716,192108.3337044716,192108.3337044716,254680.48128724514,0.009797223583197567,0.0,0
2020-10-14,62572.14758277355,194756.68981134892,194756.68981134892,194756.68981134892,257328.83739412247,0.01039873999566665,0.0,0
2020-10-15,62572.14758277355,192833.94142478704,192833.94142478704,192833.94142478704,255406.0890075606,-0.00747195069947415,0.007471950699474101,0
2020-10-16,62572.14758277355,192011.37276881933,192011.37276881933,192011.37276881933,254583.5203515929,-0.003220630561957205,0.010668516868651145,0
2020-10-19,62572.14758277355,195409.44496536255,195409.44496536255,195409.44496536255,257981.5925481361,0.013347573290880321,0.0,0
2020-10-20,62572.14758277355,197889.84951519966,197889.84951519966,197889.84951519966,260461.99709797322,0.009614657097576806,0.0,0
2020-10-21,62572.14758277355,199703.66452604532,199703.66452604532,199703.66452604532,262275.81210881885,0.006963837454426747,0.0,0
2020-10-22,62572.14758277355,198887.57242190838,198887.57242190838,198887.57242190838,261459.72000468193,-0.0031115797433821646,0.0031115797433821928,0
2020-10-23,62572.14758277355,200644.16017448902,200644.16017448902,200644.16017448902,263216.30775726255,0.006718387645137769,0.0,0
2020-10-26,62572.14758277355,189133.41663074493,189133.41663074493,189133.41663074493,251705.5642135185,-0.04373111849270084,0.04373111849270083,0
2020-10-27,62572.14758277355,191594.53167122602,191594.53167122602,191594.53167122602,254166.67925399958,0.00977775381394963,0.03438095678938143,0
2020-10-28,62572.14758277355,189027.50244027376,189027.50244027376,189027.50244027376,251599.65002304732,-0.010099786637991714,0.04413350309939035,0
2020-10-30,62572.14758277355,186285.52904850245,186285.52904850245,186285.52904850245,248857.676631276,-0.01089816059569293,0.05455068969065565,0
2020-11-02,62572.14758277355,192773.96525663137,192773.96525663137,192773.96525663137,255346.11283940493,0.026072879470552257,0.029900103777443354,0
2020-11-03,62572.14758277355,194272.44611680508,194272.44611680508,194272.44611680508,256844.59369957863,0.0058684302788512,0.024207140172940556,0
2020-11-04,62572.14758277355,200342.33483076096,200342.33483076096,200342.33483076096,262914.4824135345,0.02363253446967839,0.0011466817778114573,0
2020-11-05,62572.14758277355,202085.40854340792,202085.40854340792,202085.40854340792,264657.55612618144,0.0066298124646679835,0.0,0
2020-11-06,62572.14758277355,206340.0349600315,206340.0349600315,206340.0349600315,268912.18254280504,0.01607596805055933,0.0,0
2020-11-09,152467.04293450972,119191.20513904095,119191.20513904095,119191.20513904095,271658.24807355064,0.010211755766433184,0.0,0
2020-11-10,66398.31828644377,209295.29906266928,209295.29906266928,209295.29906266928,275693.61734911305,0.014854580356676195,0.0,0
2020-11-11,66398.31828644377,214914.9754460454,214914.9754460454,214914.9754460454,281313.29373248917,0.020383773978560615,0.0,0
2020-11-12,66398.31828644377,206706.44607889652,206706.44607889652,206706.44607889652,273104.7643653403,-0.029179315553265917,0.02917931555326589,0
2020-11-13,66398.31828644377,212860.72042107582,212860.72042107582,212860.72042107582,279259.0387075196,0.022534481800348782,0.007302374508198827,0
2020-11-16,66398.31828644377,214179.29564380646,214179.29564380646,214179.29564380646,280577.6139302502,0.00472169219242935,0.0026151618804709786,0
2020-11-17,66398.31828644377,207380.18005019426,207380.18005019426,207380.18005019426,273778.49833663803,-0.024232566163679747,0.026784355960853528,0
2020-11-18,66398.31828644377,209782.6784245968,209782.6784245968,209782.6784245968,276180.99671104056,0.008775336226179542,0.018244061463832194,0
2020-11-19,66398.31828644377,212079.79487770796,212079.79487770796,212079.79487770796,278478.1131641517,0.008317431251486873,0.010078373939318753,0
2020-11-20,66398.31828644377,215832.31626033783,215832.31626033783,215832.31626033783,282230.6345467816,0.013475103447063042,0.0,0
2020-11-23,66398.31828644377,219208.54819905758,219208.54819905758,219208.54819905758,285606.86648550135,0.01196266997784079,0.0,0
2020-11-24,66398.31828644377,227089.64360171556,227089.64360171556,227089.64360171556,293487.96188815933,0.027594208429362332,0.0,0
2020-11-25,66398.31828644377,229305.0802769065,229305.0802769065,229305.0802769065,295703.39856335026,0.007548645814764887,0.0,0
2020-11-26,66398.31828644377,228513.51294213533,228513.51294213533,228513.51294213533,294911.8312285791,-0.0026768963042593796,0.002676896304259331,0
2020-11-27,66398.31828644377,224810.53216409683,224810.53216409683,224810.53216409683,291208.8504505406,-0.012556229984440392,0.015199514563058918,0
2020-11-30,66398.31828644377,216973.45418161154,216973.45418161154,216973.45418161154,283371.7724680553,-0.02691222457820308,0.041702686391861254,0
2020-12-01,66398.31828644377,225519.29795193672,225519.29795193672,225519.29795193672,291917.6162383805,0.03015771012015156,0.012802633799146946,0
2020-12-02,66398.31828644377,227072.37336564064,227072.37336564064,227072.37336564064,293470.6916520844,0.005320252452444274,0.007550494590570369,0
2020-12-03,66398.31828644377,224458.91249269247,224458.91249269247,224458.91249269247,290857.23077913624,-0.008905355619110655,0.01638861037025179,0
2020-12-04,66398.31828644377,226026.03058761358,226026.03058761358,226026.03058761358,292424.34887405735,0.005387928953057841,0.011088982085508287,0
2020-12-07,66398.31828644377,227452.74434751272,227452.74434751272,227452.74434751272,293851.0626339565,0.004878915744849888,0.00626416854994966,0
2020-12-08,66398.31828644377,228199.33042162657,228199.33042162657,228199.33042162657,294597.64870807034,0.0025406955054774194,0.0037393883893526887,0
2020-12-09,66398.31828644377,230423.79751843214,230423.79751843214,230423.79751843214,296822.1158048759,0.007550865074995583,0.0,0
2020-12-10,66398.31828644377,233612.47225636244,233612.47225636244,233612.47225636244,300010.7905428062,0.01074271278366079,0.0,0
2020-12-11,66398.31828644377,237478.6322863698,237478.6322863698,237478.6322863698,303876.95057281357,0.012886736583748837,0.0,0
2020-12-14,66398.31828644377,237795.96435892582,237795.96435892582,237795.96435892582,304194.2826453696,0.0010442781920703137,0.0,0
2020-12-15,66398.31828644377,241499.13937407732,241499.13937407732,241499.13937407732,307897.4576605211,0.01217371668838596,0.0,0
2020-12-16,66398.31828644377,243188.70979118347,243188.70979118347,243188.70979118347,309587.02807762724,0.005487445170687444,0.0,0
2020-12-17,66398.31828644377,246811.89087855816,246811.89087855816,246811.89087855816,313210.2091650019,0.011703271645045144,0.0,0
2020-12-18,66398.31828644377,254802.43433380127,254802.43433380127,254802.43433380127,321200.75262024504,0.025511759263995293,0.0,0
2020-12-21,66398.31828644377,258079.26296061277,258079.26296061277,258079.26296061277,324477.58124705654,0.01020180868220355,0.0,0
2020-12-22,66398.31828644377,266679.9948826432,266679.9948826432,266679.9948826432,333078.313169087,0.026506398035190726,0.0,0
2020-12-23,66398.31828644377,275125.61038827896,275125.61038827896,275125.61038827896,341523.92867472273,0.025356245578643577,0.0,0
2020-12-24,66398.31828644377,279907.66125941277,279907.66125941277,279907.66125941277,346305.97954585653,0.014002096104043016,0.0,0
2020-12-25,66398.31828644377,270828.2190822959,270828.2190822959,270828.2190822959,337226.53736873966,-0.026217976914587493,0.02621797691458748,0
2020-12-28,66398.31828644377,271545.6055480242,271545.6055480242,271545.6055480242,337943.92383446795,0.002127313204132175,0.024146437558931366,0
2020-12-29,66398.31828644377,272831.30207031965,272831.30207031965,272831.30207031965,339229.6203567634,0.003804467047986426,0.020433834836964135,0
2020-12-30,66398.31828644377,269549.0901647806,269549.0901647806,269549.0901647806,335947.4084512244,-0.009675487364833257,0.029911614891017225,0
2020-12-31,66398.31828644377,266236.89690840244,266236.89690840244,266236.89690840244,332635.2151948462,-0.009859261220820148,0.03947596968709023,0
2021-01-04,66398.31828644377,270703.5803279877,270703.5803279877,270703.5803279877,337101.89861443144,0.013428173613454497,0.026577886248153347,0
2021-01-05,66398.31828644377,267507.70324504375,267507.70324504375,267507.70324504375,333906.0215314875,-0.009480448185191892,0.035806364159897665,0
2021-01-06,66398.31828644377,278912.3294682503,278912.3294682503,278912.3294682503,345310.64775469404,0.03415519783350485,0.002874139777972539,0
2021-01-07,66398.31828644377,289622.22866499424,289622.22866499424,289622.22866499424,356020.546951438,0.031015259061319744,0.0,0
2021-01-08,66398.31828644377,292953.97276449203,292953.97276449203,292953.97276449203,359352.2910509358,0.009358291615546133,0.0,0
2021-01-11,66398.31828644377,289812.6675956249,289812.6675956249,289812.6675956249,356210.9858820687,-0.008741575459781492,0.008741575459781476,0
2021-01-12,66398.31828644377,293418.56905663013,293418.56905663013,293418.56905663013,359816.8873430739,0.010122937258872255,0.0,0
2021-01-13,66398.31828644377,301613.1254786253,301613.1254786253,301613.1254786253,368011.44376506907,0.02277424076036194,0.0,0
2021-01-14,66398.31828644377,293143.2525808811,293143.2525808811,293143.2525808811,359541.5708673249,-0.02301524325192228,0.023015243251922272,0
2021-01-15,66398.31828644377,293911.2649348974,293911.2649348974,293911.2649348974,360309.5832213412,0.002136087774672779,0.020928318056991142,0
2021-01-18,66398.31828644377,301955.71013754606,301955.71013754606,301955.71013754606,368354.02842398983,0.02232648138505633,0.0,0
2021-01-19,66398.31828644377,301731.0705536604,301731.0705536604,301731.0705536604,368129.38884010416,-0.0006098469585001931,0.0006098469585002089,0
2021-01-20,66398.31828644377,307120.97623991966,307120.97623991966,307120.97623991966,373519.29452636343,0.014641334948132467,0.0,0
2021-01-21,66398.31828644377,305820.41719019413,305820.41719019413,305820.41719019413,372218.7354766379,-0.0034819059384193496,0.0034819059384193006,0
2021-01-22,66398.31828644377,303193.8128479719,303193.8128479719,303193.8128479719,369592.1311344157,-0.007056615081072581,0.01051395054953597,0
2021-01-25,66398.31828644377,306701.4372359514,306701.4372359514,306701.4372359514,373099.7555223952,0.009490527780484204,0.0011232057088248417,0
2021-01-26,66398.31828644377,303394.4000006318,303394.4000006318,303394.4000006318,369792.7182870756,-0.008863681056797468,0.009976931028458095,0
2021-01-27,66398.31828644377,280768.8411861658,280768.8411861658,280768.8411861658,347167.1594726096,-0.06118443575436072,0.07055093388728247,0
2021-01-28,66398.31828644377,290147.57986420393,290147.57986420393,290147.57986420393,356545.8981506477,0.027015051459030825,0.04544181953769923,0
2021-01-29,66398.31828644377,286721.5564174056,286721.5564174056,286721.5564174056,353119.8747038494,-0.009608926829809628,0.054614099248557674,0
2021-02-01,66398.31828644377,288977.42869889736,288977.42869889736,288977.42869889736,355375.74698534113,0.006388403607652249,0.04857459254957366,0
2021-02-02,66398.31828644377,297094.39713841677,297094.39713841677,297094.39713841677,363492.71542486054,0.022840524454400102,0.026843537264164562,0
2021-02-03,66398.31828644377,297785.52538472414,297785.52538472414,297785.52538472414,364183.8436711679,0.0019013537740353303,0.024993222551015007,0
2021-02-04,66398.31828644377,304857.5865262151,304857.5865262151,304857.5865262151,371255.90481265885,0.019418931576427934,0.00605963265317967,0
2021-02-05,177961.47302109166,191369.8090711236,191369.8090711236,191369.8090711236,369331.28209221526,-0.005184086489923412,0.011212305483331804,0
2021-02-08,77435.48472472143,297134.2956831455,297134.2956831455,297134.2956831455,374569.7804078669,0.014183738474510488,0.0,0
2021-02-09,77435.48472472143,297919.3501474261,297919.3501474261,297919.3501474261,375354.83487214753,0.0020958830779829185,0.0,0
2021-02-10,77435.48472472143,299538.8001154661,299538.8001154661,299538.8001154661,376974.2848401875,0.004314450801177427,0.0,0
2021-02-11,77435.48472472143,297774.432367146,297774.432367146,297774.432367146,375209.9170918674,-0.0046803397984244155,0.004680339798424392,0
2021-02-12,77435.48472472143,295603.75327694416,295603.75327694416,295603.75327694416,373039.23800166557,-0.005785239119013963,0.010438502032546227,0
2021-02-15,77435.48472472143,301929.23331326246,301929.23331326246,301929.23331326246,379364.71803798387,0.0169566077558041,0.0,0
2021-02-16,77435.48472472143,304898.70175921917,304898.70175921917,304898.70175921917,382334.1864839406,0.007827476580622328,0.0,0
2021-02-17,77435.48472472143,305987.9691362381,305987.9691362381,305987.9691362381,383423.4538609595,0.0028489928850887747,0.0,0
2021-02-18,77435.48472472143,302386.24247062206,302386.24247062206,302386.24247062206,379821.72719534347,-0.009393600285396486,0.009393600285396538,0
2021-02-19,77435.48472472143,306596.664634943,306596.664634943,306596.664634943,384032.1493596644,0.011085258853966273,0.0,0
2021-02-22,77435.48472472143,308317.06383514404,308317.06383514404,308317.06383514404,385752.54855986545,0.004479831188794137,0.0,0
2021-02-23,77435.48472472143,293924.5655579567,293924.5655579567,293924.5655579567,371360.0502826781,-0.037310183253277396,0.03731018325327735,0
2021-02-24,77435.48472472143,284118.82931417227,284118.82931417227,284118.82931417227,361554.3140388937,-0.02640493029963864,0.06272994076464648,0
2021-02-25,77435.48472472143,285678.3009402752,285678.3009402752,285678.3009402752,363113.7856649966,0.004313243033065239,0.05868726721154899,0
2021-02-26,77435.48472472143,283322.8204804659,283322.8204804659,283322.8204804659,360758.3052051873,-0.006486893510516345,0.06479346266924084,0
2021-03-01,77435.48472472143,301779.65115857124,301779.65115857124,301779.65115857124,379215.13588329265,0.0511612079661139,0.016947166521592665,0
2021-03-02,77435.48472472143,294402.8906952739,294402.8906952739,294402.8906952739,371838.3754199953,-0.019452705773768564,0.036070204051317646,0
2021-03-03,77435.48472472143,291600.7424541712,291600.7424541712,291600.7424541712,369036.2271788926,-0.007535930733178486,0.043334312225233776,0
2021-03-04,77435.48472472143,290985.69084227085,290985.69084227085,290985.69084227085,368421.17556699226,-0.001666642910919891,0.04492873231188391,0
2021-03-05,77435.48472472143,291662.02610731125,291662.02610731125,291662.02610731125,369097.51083203265,0.001835766535404737,0.04317544443973538,0
2021-03-08,77435.48472472143,289830.565633595,289830.565633595,289830.565633595,367266.0503583164,-0.004961996274609692,0.047923204319880494,0
2021-03-09,77435.48472472143,292037.33713942766,292037.33713942766,292037.33713942766,369472.82186414907,0.006008645513734923,0.042202512352785944,0
2021-03-10,77435.48472472143,296550.82628172636,296550.82628172636,296550.82628172636,373986.31100644777,0.01221602476611472,0.03050203452276522,0
2021-03-11,77435.48472472143,293040.5614492893,293040.5614492893,293040.5614492893,370476.0461740107,-0.009386078391453556,0.03960181842708925,0
2021-03-12,77435.48472472143,295327.5919549465,295327.5919549465,295327.5919549465,372763.0766796679,0.006173220993032746,0.03367306821093282,0
2021-03-15,77435.48472472143,298666.7753098011,298666.7753098011,298666.7753098011,376102.2600345225,0.008957924117908522,0.02501678488287499,0
2021-03-16,77435.48472472143,298320.8651148081,298320.8651148081,298320.8651148081,375756.3498395295,-0.0009197237872521358,0.025913500137989723,0
2021-03-17,77435.48472472143,291529.6820784211,291529.6820784211,291529.6820784211,368965.1668031425,-0.018073368658406475,0.04351852455517263,0
2021-03-18,77435.48472472143,289108.9722573161,289108.9722573161,289108.9722573161,366544.4569820375,-0.006560808550245989,0.049793816397422974,0
2021-03-19,77435.48472472143,284166.7982259989,284166.7982259989,284166.7982259989,361602.2829507203,-0.013483150371468966,0.06260558925483613,0
2021-03-22,77435.48472472143,256094.11387622356,256094.11387622356,256094.11387622356,333529.59860094497,-0.07763414578220762,0.13537940359405282,0
2021-03-23,77435.48472472143,261906.80514383316,261906.80514383316,261906.80514383316,339342.28986855457,0.01742781238004687,0.12031095805996578,0
2021-03-24,77435.48472472143,275089.40657156706,275089.40657156706,275089.40657156706,352524.89129628846,0.03884750536940218,0.08613723327979605,0
2021-03-25,77435.48472472143,269759.1407966614,269759.1407966614,269759.1407966614,347194.6255213828,-0.01512025365160874,0.09995507011536649,0
2021-03-26,77435.48472472143,266904.73104959726,266904.73104959726,266904.73104959726,344340.21577431867,-0.008221353492375183,0.10735465764296809,0
2021-03-29,77435.48472472143,264818.30768328905,264818.30768328905,264818.30768328905,342253.79240801046,-0.006059191667800001,0.11276336686367831,0
2021-03-30,77435.48472472143,269311.50249552727,269311.50249552727,269311.50249552727,346746.9872202487,0.01312825427185249,0.10111549874456228,0
2021-03-31,77435.48472472143,269176.8775230646,269176.8775230646,269176.8775230646,346612.362247786,-0.00038825131125697077,0.10146449183084325,0
2021-04-01,77435.48472472143,273099.43447476625,273099.43447476625,273099.43447476625,350534.91919948766,0.011316840883180967,0.09129590845700483,0
2021-04-02,77435.48472472143,272034.28580868244,272034.28580868244,272034.28580868244,349469.77053340385,-0.0030386378296242134,0.09405713108550164,0
2021-04-05,77435.48472472143,272041.9270245433,272041.9270245433,272041.9270245433,349477.4117492647,2.1865169766099868e-05,0.0940373224908744,0
2021-04-06,77435.48472472143,269591.49720311165,269591.49720311165,269591.49720311165,347026.98192783305,-0.007011697291582686,0.10038965854304012,0
2021-04-07,77435.48472472143,266631.99325084686,266631.99325084686,266631.99325084686,344067.47797556827,-0.008528166702842288,0.10806168550258591,0
2021-04-08,77435.48472472143,270419.88375753164,270419.88375753164,270419.88375753164,347855.36848225305,0.011009150091639164,0.09824220272580023,0
2021-04-09,77435.48472472143,266354.85304129124,266354.85304129124,266354.85304129124,343790.33776601264,-0.011685979532173874,0.10878012588772472,0
2021-04-12,77435.48472472143,257816.5596293807,257816.5596293807,257816.5596293807,335252.0443541021,-0.02483575736128396,0.1309142464367312,0
2021-04-13,77435.48472472143,257581.46367424726,257581.46367424726,257581.46367424726,335016.94839896867,-0.0007012513692090661,0.13152369401137748,0
2021-04-14,77435.48472472143,262898.80886262655,262898.80886262655,262898.80886262655,340334.29358734796,0.015871869210768663,0.1177393516700745,0
2021-04-15,77435.48472472143,258867.23553425074,258867.23553425074,258867.23553425074,336302.72025897214,-0.011845921508174762,0.12819054205994215,0
2021-04-16,77435.48472472143,257345.26356202364,257345.26356202364,257345.26356202364,334780.74828674505,-0.004525601134165891,0.13213600393157227,0
2021-04-19,77435.48472472143,246988.7111862898,246988.7111862898,246988.7111862898,324424.1959110112,-0.030935328356645253,0.15898366161885935,0
2021-04-20,77435.48472472143,239947.93721926212,239947.93721926212,239947.93721926212,317383.4219439835,-0.02170237009374887,0.17723570944929642,0
2021-04-21,77435.48472472143,230571.59173703194,230571.59173703194,230571.59173703194,308007.07646175334,-0.029542644114175176,0.20154234207488764,0
2021-04-22,77435.48472472143,232877.9178994298,232877.9178994298,232877.9178994298,310313.4026241512,0.007487899917404173,0.19556357104405947,0
2021-04-26,77435.48472472143,239986.96836709976,239986.96836709976,239986.96836709976,317422.45309182117,0.022909260146524835,0.17713452762176643,0
2021-04-27,77435.48472472143,241720.49283134937,241720.49283134937,241720.49283134937,319155.9775560708,0.005461253441161329,0.17264065072912788,0
2021-04-28,77435.48472472143,236809.482514143,236809.482514143,236809.482514143,314244.9672388644,-0.015387492832853455,0.18537163678622773,0
2021-04-29,77435.48472472143,246142.21486485004,246142.21486485004,246142.21486485004,323577.69958957145,0.02969890793386365,0.16117806402682783,0
2021-04-30,77435.48472472143,244819.39074248075,244819.39074248075,244819.39074248075,322254.87546720216,-0.0040881189403570994,0.1646072678708667,0
2021-05-03,77435.48472472143,254648.43079018593,254648.43079018593,254648.43079018593,332083.91551490733,0.030500826507140033,0.13912709908287024,0
2021-05-04,77435.48472472143,254724.3406636715,254724.3406636715,254724.3406636715,332159.8253883929,0.00022858642029643939,0.1389303152281194,0
2021-05-05,77435.48472472143,255254.2375254035,255254.2375254035,255254.2375254035,332689.7222501249,0.001595306901165383,0.1375566448176185,0
2021-05-06,165227.4733895601,167328.0882834792,167328.0882834792,167328.0882834792,332555.56167303934,-0.00040326035976756547,0.13790443403530853,0
2021-05-07,59377.80246994974,273325.48500180244,273325.48500180244,273325.48500180244,332703.2874717522,0.0004442138870559553,0.13752147921293761,0
2021-05-10,59377.80246994974,277858.030087173,277858.030087173,277858.030087173,337235.83255712275,0.013623385328752846,0.1257716019864826,0
2021-05-11,59377.80246994974,273835.8002189994,273835.8002189994,273835.8002189994,333213.60268894915,-0.011927053651667574,0.13619857099340127,0
2021-05-12,59377.80246994974,272806.0009508729,272806.0009508729,272806.0009508729,332183.80342082266,-0.003090507889882854,0.13886815612503822,0
2021-05-17,59377.80246994974,275760.6661813855,275760.6661813855,275760.6661813855,335138.4686513353,0.008894669758385376,0.13120867275534098,0
2021-05-18,59377.80246994974,275807.19398254156,275807.19398254156,275807.19398254156,335184.9964524913,0.0001388315741348567,0.13108805708778482,0
2021-05-20,59377.80246994974,273235.8474240899,273235.8474240899,273235.8474240899,332613.64989403967,-0.007671424991172349,0.1377538498817697,0
2021-05-21,59377.80246994974,272984.24762642384,272984.24762642384,272984.24762642384,332362.0500963736,-0.0007564325689767282,0.13840608095219392,0
2021-05-24,59377.80246994974,270166.1293089986,270166.1293089986,270166.1293089986,329543.93177894835,-0.008479061663652865,0.14571158892082864,0
2021-05-25,59377.80246994974,258670.14514309168,258670.14514309168,258670.14514309168,318047.94761304144,-0.0348845269395468,0.17551303601126264,0
2021-05-26,59377.80246994974,261393.1858702302,261393.1858702302,261393.1858702302,320770.98834017996,0.008561730228335174,0.16845400104881203,0
2021-05-27,59377.80246994974,262210.9641326666,262210.9641326666,262210.9641326666,321588.76660261635,0.0025494146670432816,0.16633404548276481,0
2021-05-28,59377.80246994974,260434.51748996973,260434.51748996973,260434.51748996973,319812.3199599195,-0.005523969824766883,0.17093919105945352,0
2021-05-31,59377.80246994974,258464.85524338484,258464.85524338484,258464.85524338484,317842.6577133346,-0.006158806661456184,0.17604521629230876,0
2021-06-01,59377.80246994974,261328.2850766182,261328.2850766182,261328.2850766182,320706.08754656796,0.009008953844753975,0.16862224567572195,0
2021-06-02,59377.80246994974,260126.02103549242,260126.02103549242,260126.02103549242,319503.8235054422,-0.0037488033056161107,0.17173891734934849,0
2021-06-03,59377.80246994974,258864.37962192297,258864.37962192297,258864.37962192297,318242.18209187273,-0.003948752161170854,0.1750095150894789,0
2021-06-04,59377.80246994974,259390.21616905928,259390.21616905928,259390.21616905928,318768.01863900904,0.0016523156788326165,0.17364637037637354,0
2021-06-07,59377.80246994974,260127.15386092663,260127.15386092663,260127.15386092663,319504.9563308764,0.0023118307006257943,0.17173598068583598,0
2021-06-08,59377.80246994974,260462.74240869284,260462.74240869284,260462.74240869284,319840.5448786426,0.0010503390983978012,0.17086602260255418,0
2021-06-09,59377.80246994974,261124.32398700714,261124.32398700714,261124.32398700714,320502.1264569569,0.002068473146721761,0.16915098123527303,0
2021-06-10,59377.80246994974,261264.90015941858,261264.90015941858,261264.90015941858,320642.70262936834,0.0004386122924220359,0.16878656064249598,0
2021-06-11,59377.80246994974,260999.0555073619,260999.0555073619,260999.0555073619,320376.85797731165,-0.0008290993366656396,0.16947571915369486,0
2021-06-14,59377.80246994974,257214.95525240898,257214.95525240898,257214.95525240898,316592.75772235874,-0.011811403229445738,0.17928537632661604,0
2021-06-15,59377.80246994974,254263.10277998447,254263.10277998447,254263.10277998447,313640.90524993424,-0.009323815534065916,0.18693756808385703,0
2021-06-16,59377.80246994974,252279.3845669031,252279.3845669031,252279.3845669031,311657.1870368529,-0.006324807063991189,0.19208003109670607,0
2021-06-17,59377.80246994974,250443.88327932358,250443.88327932358,250443.88327932358,309821.68574927334,-0.0058894880783304515,0.1968382661218071,0
2021-06-18,59377.80246994974,244536.23393636942,244536.23393636942,244536.23393636942,303914.0364063192,-0.01906790135967107,0.21215287483925888,0
2021-06-21,59377.80246994974,244027.07361274958,244027.07361274958,244027.07361274958,303404.87608269934,-0.0016753432307388127,0.213472789187254,0
2021-06-22,59377.80246994974,244595.6442130208,244595.6442130208,244595.6442130208,303973.44668297056,0.0018739665875253664,0.21199886347401145,0
2021-06-23,59377.80246994974,246059.4266321063,246059.4266321063,246059.4266321063,305437.22910205607,0.004815494363269668,0.20820424844282046,0
2021-06-24,59377.80246994974,246280.73541516066,246280.73541516066,246280.73541516066,305658.5378851104,0.0007245638775108532,0.20763054184287558,0
2021-06-25,59377.80246994974,243183.0755442977,243183.0755442977,243183.0755442977,302560.87801424746,-0.010134380319607783,0.21566071528548142,0
2021-06-28,59377.80246994974,237725.54289871454,237725.54289871454,237725.54289871454,297103.3453686643,-0.018037800132660098,0.22980847053935552,0
2021-06-29,59377.80246994974,238379.16711974144,238379.16711974144,238379.16711974144,297756.9695896912,0.002199989435379246,0.2281140573113235,0
2021-06-30,59377.80246994974,236935.21384191513,236935.21384191513,236935.21384191513,296313.0163118649,-0.004849435698570104,0.23185726855702243,0
2021-07-01,59377.80246994974,241336.985776484,241336.985776484,241336.985776484,300714.7882464338,0.014855142002726307,0.22044639920307502,0
2021-07-02,59377.80246994974,242693.45495665073,242693.45495665073,242693.45495665073,302071.2574266005,0.004510816338886281,0.21692997608356265,0
2021-07-05,59377.80246994974,248711.27347755432,248711.27347755432,248711.27347755432,308089.0759475041,0.01992185079828679,0.2013297719024886,0
2021-07-06,59377.80246994974,246766.28177839518,246766.28177839518,246766.28177839518,306144.08424834494,-0.006313082322628505,0.20637184280110069,0
2021-07-07,59377.80246994974,247587.96385514736,247587.96385514736,247587.96385514736,306965.7663250971,0.0026839717604525415,0.2042417672388788,0
2021-07-08,59377.80246994974,243993.67783397436,243993.67783397436,243993.67783397436,303371.4803039241,-0.011709077739197826,0.21355936224788544,0
2021-07-09,59377.80246994974,243667.98876440525,243667.98876440525,243667.98876440525,303045.791234355,-0.0010735652185988043,0.21440365756306873,0
2021-07-12,59377.80246994974,237645.40682041645,237645.40682041645,237645.40682041645,297023.2092903662,-0.01987350465900828,0.23001621013458895,0
2021-07-13,59377.80246994974,236451.94630646706,236451.94630646706,236451.94630646706,295829.7487764168,-0.004018071573601123,0.2331100601127808,0
2021-07-14,59377.80246994974,242828.54000419378,242828.54000419378,242828.54000419378,302206.34247414354,0.02155494409910097,0.21657979032834895,0
2021-07-16,59377.80246994974,246424.01257538795,246424.01257538795,246424.01257538795,305801.8150453377,0.01189740937188244,0.20725911938367939,0
2021-07-19,59377.80246994974,245352.72520565987,245352.72520565987,245352.72520565987,304730.5276756096,-0.0035032080158492462,0.21003625559114592,0
2021-07-26,59377.80246994974,243222.21340572834,243222.21340572834,243222.21340572834,302600.0158756781,-0.006991461656902009,0.2155592568205231,0
2021-07-27,59377.80246994974,244037.6734072566,244037.6734072566,244037.6734072566,303415.47587720637,0.002694844543112307,0.21344531096437094,0
2021-07-28,59377.80246994974,246497.33191031218,246497.33191031218,246497.33191031218,305875.13438026194,0.00810656904017315,0.20706905107383167,0
2021-07-29,59377.80246994974,249214.8226468563,249214.8226468563,249214.8226468563,308592.62511680607,0.008884313993192228,0.20002440354865167,0
2021-07-30,59377.80246994974,250318.49673867226,250318.49673867226,250318.49673867226,309696.299208622,0.003576475916746924,0.19716331009395824,0
2021-08-02,59377.80246994974,253624.77511531115,253624.77511531115,253624.77511531115,313002.5775852609,0.010675873057209628,0.18859232750685087,0
2021-08-03,59377.80246994974,253271.76755785942,253271.76755785942,253271.76755785942,312649.5700278092,-0.0011278103847421894,0.18950744150614812,0
2021-08-04,59377.80246994974,253667.91941070557,253667.91941070557,253667.91941070557,313045.7218806553,0.0012670794743485647,0.1884804830211683,0
2021-08-05,59377.80246994974,255825.71113604307,255825.71113604307,255825.71113604307,315203.51360599283,0.0068928963870655835,0.1828867630745517,0
2021-08-06,59377.80246994974,257830.37639957666,257830.37639957666,257830.37639957666,317208.1788695264,0.006359907732625958,0.17768999828059862,0
2021-08-09,59377.80246994974,261647.87514907122,261647.87514907122,261647.87514907122,321025.677619021,0.012034679443321483,0.16779376100686844,0
2021-08-10,59377.80246994974,261743.6171503067,261743.6171503067,261743.6171503067,321121.41962025646,0.00029823782927773657,0.1675455656246398,0
2021-08-11,59377.80246994974,260451.8138589859,260451.8138589859,260451.8138589859,319829.61632893566,-0.0040227876821434805,0.17089435306919074,0
2021-08-12,59377.80246994974,262441.15070182085,262441.15070182085,262441.15070182085,321818.9531717706,0.006219989460853892,0.16573732468334657,0
2021-08-13,184276.75034505423,139444.46698898077,139444.46698898077,139444.46698898077,323721.21733403497,0.005910976166928927,0.16080601789259147,0
2021-08-16,75307.51961405032,252172.1252014041,252172.1252014041,252172.1252014041,327479.64481545443,0.011610074595578057,0.1510629131601643,0
2021-08-17,75307.51961405032,257548.60937827826,257548.60937827826,257548.60937827826,332856.1289923286,0.016417765995514033,0.13712526272351455,0
2021-08-18,75307.51961405032,254400.162863791,254400.162863791,254400.162863791,329707.6824778413,-0.009458881000685482,0.1452870921819106,0
2021-08-19,75307.51961405032,247681.34771841764,247681.34771841764,247681.34771841764,322988.867332468,-0.020378097030920417,0.16270451475100775,0
2021-08-20,75307.51961405032,248847.5731343627,248847.5731343627,248847.5731343627,324155.09274841304,0.0036107294519986954,0.15968126728239365,0
2021-08-23,75307.51961405032,255020.7225716114,255020.7225716114,255020.7225716114,330328.24218566174,0.019043814443600038,0.1436783932630385,0
2021-08-24,75307.51961405032,256098.22310882807,256098.22310882807,256098.22310882807,331405.7427228784,0.0032619086097127603,0.14088515044134023,0
2021-08-25,75307.51961405032,253568.8455798626,253568.8455798626,253568.8455798626,328876.36519391293,-0.007632268252757868,0.14744214543309964,0
2021-08-26,75307.51961405032,252173.04116630554,252173.04116630554,252173.04116630554,327480.5607803559,-0.0042441615186730175,0.1510605386718949,0
2021-08-27,75307.51961405032,257805.51280492544,257805.51280492544,257805.51280492544,333113.0324189758,0.01719940757765359,0.13645928286775913,0
2021-08-31,75307.51961405032,258922.08394628763,258922.08394628763,258922.08394628763,334229.603560338,0.0033519287229741845,0.13356475593454586,0
2021-09-01,75307.51961405032,258802.06756830215,258802.06756830215,258802.06756830215,334109.5871823525,-0.0003590836260672914,0.13387587864373737,0
2021-09-02,75307.51961405032,257709.45556384325,257709.45556384325,257709.45556384325,333016.9751778936,-0.0032702204497429,0.13670829545741225,0
2021-09-03,75307.51961405032,257961.25359153748,257961.25359153748,257961.25359153748,333268.7732055878,0.000756111689380834,0.13605555050826218,0
2021-09-06,75307.51961405032,255428.54223924875,255428.54223924875,255428.54223924875,330736.0618532991,-0.007599605951459254,0.14262118788834982,0
2021-09-07,75307.51961405032,254199.6350941062,254199.6350941062,254199.6350941062,329507.15470815654,-0.003715673272083775,0.14580692742456403,0
2021-09-08,75307.51961405032,247514.21957039833,247514.21957039833,247514.21957039833,322821.73918444867,-0.020289136148285203,0.16313776697096913,0
2021-09-09,75307.51961405032,252352.4072880149,252352.4072880149,252352.4072880149,327659.9269020652,0.014987180633619479,0.1505955615191088,0
2021-09-10,75307.51961405032,251618.28679168224,251618.28679168224,251618.28679168224,326925.8064057326,-0.002240495208778004,0.15249864809384006,0
2021-09-13,75307.51961405032,250736.1606182456,250736.1606182456,250736.1606182456,326043.68023229594,-0.0026982457675485128,0.15478541502961246,0
2021-09-14,75307.51961405032,247931.48929208517,247931.48929208517,247931.48929208517,323239.0089061355,-0.008602133690069347,0.1620560638863242,0
2021-09-15,75307.51961405032,246291.05910474062,246291.05910474062,246291.05910474062,321598.57871879096,-0.005074975922293223,0.1663086091863327,0
2021-09-16,75307.51961405032,245773.6351478696,245773.6351478696,245773.6351478696,321081.1547619199,-0.0016089124489678808,0.16764994564361013,0
2021-09-17,75307.51961405032,242367.686930418,242367.686930418,242367.686930418,317675.20654446835,-0.010607748748060475,0.17647930589065722,0
2021-09-20,75307.51961405032,233166.30637681484,233166.30637681484,233166.30637681484,308473.8259908652,-0.028964742491841777,0.20033237073223711,0
2021-09-21,75307.51961405032,230665.27061903477,230665.27061903477,230665.27061903477,305972.7902330851,-0.008107773000663343,0.20681589434631878,0
2021-09-22,75307.51961405032,232984.53610771894,232984.53610771894,232984.53610771894,308292.0557217693,0.007579972999943507,0.2008035802414795,0
2021-09-23,75307.51961405032,232514.62403917313,232514.62403917313,232514.62403917313,307822.14365322347,-0.0015242431967494863,0.202021749947163,0
2021-09-24,75307.51961405032,230645.0770061016,230645.0770061016,230645.0770061016,305952.59662015195,-0.006073465056424476,0.20686824296464562,0
2021-09-27,75307.51961405032,228734.39814132452,228734.39814132452,228734.39814132452,304041.91775537486,-0.006245016011906079,0.2118213634868826,0
2021-09-28,75307.51961405032,226407.47862136364,226407.47862136364,226407.47862136364,301714.998235414,-0.007653285234942686,0.21785351940820571,0
2021-09-29,75307.51961405032,227430.15741807222,227430.15741807222,227430.15741807222,302737.67703212256,0.0033895524010729705,0.215202392926925,0
2021-09-30,75307.51961405032,227985.08610862494,227985.08610862494,227985.08610862494,303292.6057226753,0.0018330347778081624,0.2137638316196195,0
2021-10-01,75307.51961405032,228301.7597591281,228301.7597591281,228301.7597591281,303609.27937317843,0.00104411925819492,0.21294290729472418,0
2021-10-04,75307.51961405032,227073.28247475624,227073.28247475624,227073.28247475624,302380.8020888066,-0.004046244195527016,0.21612753248763125,0
2021-10-05,75307.51961405032,227112.54627907276,227112.54627907276,227112.54627907276,302420.0658931231,0.00012984886621536518,0.21602574753646733,0
2021-10-06,75307.51961405032,222274.70218414068,222274.70218414068,222274.70218414068,297582.221798191,-0.01599710019454137,0.2285670622030671,0
2021-10-07,75307.51961405032,225658.3524186015,225658.3524186015,225658.3524186015,300965.87203265185,0.011370471710354657,0.21979550580741125,0
2021-10-08,75307.51961405032,226736.9970368743,226736.9970368743,226736.9970368743,302044.51665092463,0.0035839432922673,0.21699929714385296,0
2021-10-11,75307.51961405032,230578.02353549004,230578.02353549004,230578.02353549004,305885.5431495404,0.012716756262305617,0.20704206805241732,0
2021-10-12,75307.51961405032,229737.59032034874,229737.59032034874,229737.59032034874,305045.1099343991,-0.002747541470864534,0.20922075285509428,0
2021-10-13,75307.51961405032,225801.34095591307,225801.34095591307,225801.34095591307,301108.8605699634,-0.012903827126690137,0.21942483155562634,0
2021-10-14,75307.51961405032,226510.7973265648,226510.7973265648,226510.7973265648,301818.3169406151,0.00235614577833676,0.21758568266782158,0
2021-10-15,75307.51961405032,226130.33538514376,226130.33538514376,226130.33538514376,301437.8549991941,-0.0012605661090340226,0.21857196763947354,0
2021-10-18,75307.51961405032,227861.1480294466,227861.1480294466,227861.1480294466,303168.66764349694,0.005741855628276893,0.2140851206937709,0
2021-10-19,75307.51961405032,230679.68664848804,230679.68664848804,230679.68664848804,305987.2062625384,0.00929693243351859,0.20677852316236395,0
2021-10-20,75307.51961405032,230447.19073158503,230447.19073158503,230447.19073158503,305754.71034563537,-0.000759822345982486,0.2073812305657784,0
2021-10-21,75307.51961405032,232366.8667013049,232366.8667013049,232366.8667013049,307674.38631535525,0.006278483715099092,0.2024047865296038,0
2021-10-22,75307.51961405032,236162.9965388775,236162.9965388775,236162.9965388775,311470.5161529278,0.012338140600633762,0.19256394464341353,0
2021-10-25,75307.51961405032,237061.48190164566,237061.48190164566,237061.48190164566,312369.001515696,0.0028846562232138773,0.1902347692014819,0
2021-10-26,75307.51961405032,239641.95884227753,239641.95884227753,239641.95884227753,314949.47845632787,0.008260989176617217,0.18354530739425448,0
2021-10-27,75307.51961405032,243517.637760818,243517.637760818,243517.637760818,318825.15737486834,0.012305716261339583,0.17349824760680888,0
2021-10-28,75307.51961405032,242382.1157040596,242382.1157040596,242382.1157040596,317689.63531810994,-0.003561582361028326,0.17644190166949145,0
2021-11-01,75307.51961405032,242688.5060825944,242688.5060825944,242688.5060825944,317996.02569664473,0.0009644330329756645,0.17564763503488684,0
2021-11-02,75307.51961405032,240407.7701883316,240407.7701883316,240407.7701883316,315715.28980238194,-0.007172215090633038,0.18156006750688863,0
2021-11-03,75307.51961405032,241080.03802525997,241080.03802525997,241080.03802525997,316387.5576393103,0.0021293483674773572,0.17981732377275608,0
2021-11-04,75307.51961405032,245405.79526525736,245405.79526525736,245405.79526525736,320713.3148793077,0.013672336776684668,0.16860351000497467,0
2021-11-05,75307.51961405032,246068.67497569323,246068.67497569323,246068.67497569323,321376.19458974357,0.002066891768074397,0.16688510344379806,0
2021-11-08,75307.51961405032,251097.82722473145,251097.82722473145,251097.82722473145,326405.3468387818,0.01564880141622882,0.15384785387068803,0
2021-11-09,75307.51961405032,249827.42929661274,249827.42929661274,249827.42929661274,325134.9489106631,-0.0038920867578379204,0.157141151433754,0
2021-11-10,75307.51961405032,252572.45342475176,252572.45342475176,252572.45342475176,327879.9730388021,0.00844272243674804,0.15002512812195207,0
2021-11-11,75307.51961405032,251092.14623594284,251092.14623594284,251092.14623594284,326399.6658499932,-0.00451478379447634,0.15386258089921917,0
2021-11-12,234526.6798837779,96436.63444781303,96436.63444781303,96436.63444781303,330963.3143315909,0.013981780495127882,0.14203207323663797,0
2021-11-15,122586.4011301457,211560.6729593277,211560.6729593277,211560.6729593277,334147.0740894734,0.009619675716362686,0.13377870000613443,0
2021-11-16,122586.4011301457,208375.3819746971,208375.3819746971,208375.3819746971,330961.7831048428,-0.009532601754213332,0.14203604268999295,0
2021-11-17,122586.4011301457,212382.70257735252,212382.70257735252,212382.70257735252,334969.10370749823,0.012108106758011994,0.13164772350035703,0
2021-11-18,122586.4011301457,213454.66116154194,213454.66116154194,213454.66116154194,336041.06229168765,0.0032001715152973897,0.12886884727985928,0
2021-11-19,122586.4011301457,216418.51547157764,216418.51547157764,216418.51547157764,339004.91660172335,0.008819917095319374,0.12118554273371773,0
2021-11-22,122586.4011301457,220793.5545529127,220793.5545529127,220793.5545529127,343379.9556830584,0.012905532831770206,0.10984397390243339,0
2021-11-23,122586.4011301457,222450.6120147705,222450.6120147705,222450.6120147705,345037.0131449162,0.004825725655889013,0.10554832512955008,0
2021-11-24,122586.4011301457,229469.5888904333,229469.5888904333,229469.5888904333,352055.990020579,0.020342678055570884,0.08735278267139437,0
2021-11-25,122586.4011301457,228887.7358393669,228887.7358393669,228887.7358393669,351474.1369695126,-0.001652728735086706,0.08886114095247025,0
2021-11-26,122586.4011301457,223887.81353145838,223887.81353145838,223887.81353145838,346474.2146616041,-0.014225576740920287,0.10182261671348546,0
2021-11-29,122586.4011301457,226371.87395054102,226371.87395054102,226371.87395054102,348958.2750806867,0.007169539070919884,0.09538309887139623,0
2021-11-30,122586.4011301457,223938.3430608511,223938.3430608511,223938.3430608511,346524.7441909968,-0.006973701624147566,0.10169162722402812,0
2021-12-01,122586.4011301457,227939.30546331406,227939.30546331406,227939.30546331406,350525.70659345976,0.01154596452211143,0.09131979062204118,0
2021-12-02,122586.4011301457,230714.9165136814,230714.9165136814,230714.9165136814,353301.3176438271,0.007918423665247865,0.08412447574796043,0
2021-12-03,122586.4011301457,234215.65267169476,234215.65267169476,234215.65267169476,356802.05380184046,0.009908641669835294,0.07504939336397443,0
2021-12-06,122586.4011301457,239126.03873717785,239126.03873717785,239126.03873717785,361712.43986732356,0.013762213566770098,0.06232002557673595,0
2021-12-07,122586.4011301457,243841.43729424477,243841.43729424477,243841.43729424477,366427.8384243905,0.013036318460035723,0.05009613081655622,0
2021-12-08,122586.4011301457,246144.68675100803,246144.68675100803,246144.68675100803,368731.08788115374,0.00628568360599191,0.044125335638761504,0
2021-12-09,122586.4011301457,249196.5528987646,249196.5528987646,249196.5528987646,371782.9540289103,0.008276671666860524,0.0362138748871731,0
2021-12-10,122586.4011301457,250032.46988403797,250032.46988403797,250032.46988403797,372618.8710141837,0.0022484005149099318,0.034046897667206304,0
2021-12-13,122586.4011301457,256975.5281522274,256975.5281522274,256975.5281522274,379561.9292823731,0.018633136451978505,0.01604816170522749,0
2021-12-14,122586.4011301457,263630.168086648,263630.168086648,263630.168086648,386216.5692167937,0.01753242203980343,0.0,0
2021-12-15,122586.4011301457,262840.1412037611,262840.1412037611,262840.1412037611,385426.5423339068,-0.002045554090258195,0.0020455540902581614,0
2021-12-16,122586.4011301457,277823.1353906393,277823.1353906393,277823.1353906393,400409.536520785,0.03887379965103177,0.0,0
2021-12-17,122586.4011301457,254993.21048152447,254993.21048152447,254993.21048152447,377579.6116116702,-0.0570164364902177,0.05701643649021768,0
2021-12-20,122586.4011301457,249711.47921204567,249711.47921204567,249711.47921204567,372297.8803421914,-0.013988391075816065,0.0702072593546592,0
2021-12-21,122586.4011301457,234619.9819610119,234619.9819610119,234619.9819610119,357206.3830911576,-0.040536081583818495,0.10789741374550096,0
2021-12-22,122586.4011301457,224425.99859392643,224425.99859392643,224425.99859392643,347012.39972407214,-0.02853807728425728,0.13335630629751763,0
2021-12-23,122586.4011301457,222502.92051959038,222502.92051959038,222502.92051959038,345089.3216497361,-0.005541813710014942,0.13815908420097603,0
2021-12-24,122586.4011301457,232830.9130642414,232830.9130642414,232830.9130642414,355417.3141943871,0.02992846169587904,0.11236551136454358,0
2021-12-27,122586.4011301457,237344.9933629036,237344.9933629036,237344.9933629036,359931.3944930493,0.012700788955355424,0.10109185305488975,0
2021-12-28,122586.4011301457,229893.64107513428,229893.64107513428,229893.64107513428,352480.04220528,-0.020702146024978663,0.11970118077599043,0
2021-12-29,122586.4011301457,234163.46716833115,234163.46716833115,234163.46716833115,356749.86829847685,0.012113667674580553,0.10903753342558516,0
2021-12-30,122586.4011301457,230784.73155009747,230784.73155009747,230784.73155009747,353371.1326802432,-0.009470881192888969,0.1174757330938348,0
2021-12-31,122586.4011301457,230544.86425614357,230544.86425614357,230544.86425614357,353131.2653862893,-0.000678797082643845,0.1180747879915731,0
2022-01-03,122586.4011301457,236547.56966924667,236547.56966924667,236547.56966924667,359133.9707993924,0.01699851019007559,0.10308337328836333,0
2022-01-04,122586.4011301457,242880.26704382896,242880.26704382896,242880.26704382896,365466.6681739747,0.01763324522179399,0.08726782246605277,0
2022-01-05,122586.4011301457,246495.081294775,246495.081294775,246495.081294775,369081.4824249207,0.009890954677227226,0.07824002986561754,0
2022-01-06,122586.4011301457,247100.74495625496,247100.74495625496,247100.74495625496,369687.14608640067,0.0016410025707620512,0.0767274193850015,0
2022-01-07,122586.4011301457,251823.32977473736,251823.32977473736,251823.32977473736,374409.73090488306,0.012774544282853295,0.06493303291879092,0
2022-01-10,122586.4011301457,254433.0185559988,254433.0185559988,254433.0185559988,377019.4196861445,0.006970141440913569,0.05841548390150877,0
2022-01-11,122586.4011301457,256614.17890942097,256614.17890942097,256614.17890942097,379200.5800395667,0.005785273223426701,0.052968160212930875,0
2022-01-12,122586.4011301457,256887.71621882915,256887.71621882915,256887.71621882915,379474.11734897486,0.0007213525606413196,0.05228501637029168,0
2022-01-13,122586.4011301457,260199.3659183979,260199.3659183979,260199.3659183979,382785.7670485436,0.008726944864393182,0.044014359960995994,0
2022-01-14,122586.4011301457,260369.98782408237,260369.98782408237,260369.98782408237,382956.3889542281,0.0004457373297863665,0.04358824147449083,0
2022-01-17,122586.4011301457,260776.12579226494,260776.12579226494,260776.12579226494,383362.52692241065,0.0010605332092556985,0.04257393504285197,0
2022-01-18,122586.4011301457,248644.33464562893,248644.33464562893,248644.33464562893,371230.73577577464,-0.03164574076665394,0.07287239209772348,0
2022-01-19,122586.4011301457,255092.62978875637,255092.62978875637,255092.62978875637,377679.0309189021,0.017370046501274272,0.056768142435845825,0
2022-01-20,122586.4011301457,254595.6312431097,254595.6312431097,254595.6312431097,377182.0323732554,-0.0013159283543952016,0.058009367981983306,0
2022-01-21,122586.4011301457,254066.71919584274,254066.71919584274,254066.71919584274,376653.12032598845,-0.0014022726478750691,0.05933029567981676,0
2022-01-24,122586.4011301457,241474.64265334606,241474.64265334606,241474.64265334606,364061.04378349177,-0.033431494027179154,0.09077828928134536,0
2022-01-25,122586.4011301457,242314.646597147,242314.646597147,242314.646597147,364901.0477272927,0.0023073161991495894,0.08868042729958579,0
2022-01-26,122586.4011301457,247679.4778945446,247679.4778945446,247679.4778945446,370265.8790246903,0.014702153723074485,0.07528206685089771,0
2022-01-27,122586.4011301457,257907.32623004913,257907.32623004913,257907.32623004913,380493.72736019484,0.027622983685251956,0.04973859847006005,0
2022-01-28,122586.4011301457,259291.82846820354,259291.82846820354,259291.82846820354,381878.22959834925,0.003638699244163268,0.04628088302655552,0
2022-01-31,122586.4011301457,260664.5715893507,260664.5715893507,260664.5715893507,383250.9727194964,0.003594714269496313,0.042852535307679705,0
2022-02-01,122586.4011301457,261269.69107413292,261269.69107413292,261269.69107413292,383856.0922042786,0.0015789118041589223,0.041341283877356166,0
2022-02-02,122586.4011301457,258054.59899163246,258054.59899163246,258054.59899163246,380641.00012177817,-0.008375774535810843,0.04937079314038933,0
2022-02-03,122586.4011301457,254661.66933965683,254661.66933965683,254661.66933965683,377248.07046980254,-0.008913726190531546,0.05784444159905811,0
2022-02-04,122586.4011301457,253279.5186738968,253279.5186738968,253279.5186738968,375865.9198040425,-0.003663771332319321,0.06129628412451278,0
2022-02-07,122586.4011301457,260059.56504750252,260059.56504750252,260059.56504750252,382645.9661776482,0.018038470678960472,0.04436350466946157,0
2022-02-08,122586.4011301457,259779.38586843014,259779.38586843014,259779.38586843014,382365.78699857584,-0.000732215164506167,0.04506323620309809,0
2022-02-09,260960.04473035454,127061.04394245148,127061.04394245148,127061.04394245148,388021.08867280604,0.014790292088165513,0.03093944254081444,0
2022-02-10,140471.40413046302,246315.71298658848,246315.71298658848,246315.71298658848,386787.1171170515,-0.003180166212035651,0.034021216183062565,0
2022-02-11,140471.40413046302,247352.34137129784,247352.34137129784,247352.34137129784,387823.74550176086,0.0026801006001335725,0.03143229586483846,0
2022-02-14,140471.40413046302,239978.88180541992,239978.88180541992,239978.88180541992,380450.28593588294,-0.01901239841912783,0.04984709095175608,0
2022-02-15,140471.40413046302,243484.67106854916,243484.67106854916,243484.67106854916,383956.0751990122,0.009214841972073229,0.04109158204557085,0
2022-02-16,140471.40413046302,245636.92630589008,245636.92630589008,245636.92630589008,386108.3304363531,0.005605472543247059,0.035716447237238914,0
2022-02-17,140471.40413046302,241642.4181303978,241642.4181303978,241642.4181303978,382113.8222608608,-0.010345563305971583,0.04569250377725325,0
2022-02-18,140471.40413046302,243649.09822642803,243649.09822642803,243649.09822642803,384120.50235689105,0.005251524491203252,0.04068093458870055,0
2022-02-21,140471.40413046302,243350.34751272202,243350.34751272202,243350.34751272202,383821.75164318504,-0.0007777525851209166,0.041427047471779964,0
2022-02-22,140471.40413046302,239863.38527941704,239863.38527941704,239863.38527941704,380334.78940988006,-0.009084847897173343,0.0501355369438432,0
2022-02-23,140471.40413046302,240068.70101583004,240068.70101583004,240068.70101583004,380540.10514629306,0.000539828966820366,0.04962277259213215,0
2022-02-24,140471.40413046302,217633.16036570072,217633.16036570072,217633.16036570072,358104.56449616374,-0.05895709899355894,0.10565425686964187,0
2022-02-25,140471.40413046302,232063.7052179575,232063.7052179575,232063.7052179575,372535.1093484205,0.040297014567685974,0.06961479343016984,0
2022-02-28,140471.40413046302,228963.78192710876,228963.78192710876,228963.78192710876,369435.1860575718,-0.008321157423982428,0.07735667519898184,0
2022-03-01,140471.40413046302,232316.9724520445,232316.9724520445,232316.9724520445,372788.3765825075,0.009076532640865276,0.06898227294554884,0
2022-03-02,140471.40413046302,234789.71091794968,234789.71091794968,234789.71091794968,375261.1150484127,0.006633088962090916,0.06280674953671307,0
2022-03-03,140471.40413046302,238913.6930809021,238913.6930809021,238913.6930809021,379385.0972113651,0.01098963361130667,0.052507339091132074,0
2022-03-04,140471.40413046302,237694.29471731186,237694.29471731186,237694.29471731186,378165.6988477749,-0.003214144078281689,0.05555271701640769,0
2022-03-07,140471.40413046302,239245.91368353367,239245.91368353367,239245.91368353367,379717.3178139967,0.0041030134963309095,0.051677637067753,0
2022-03-08,140471.40413046302,240459.9533598423,240459.9533598423,240459.9533598423,380931.3574903053,0.003197219666718931,0.048645642158596764,0
2022-03-09,140471.40413046302,243264.8645452261,243264.8645452261,243264.8645452261,383736.2686756891,0.007363298216937153,0.04164053631182781,0
2022-03-10,140471.40413046302,245592.8980846405,245592.8980846405,245592.8980846405,386064.3022151035,0.006066753990829898,0.035826405210848004,0
2022-03-11,140471.40413046302,247008.24171173573,247008.24171173573,247008.24171173573,387479.64584219875,0.003666082616223365,0.03229166515596983,0
2022-03-14,140471.40413046302,250649.65877902508,250649.65877902508,250649.65877902508,391121.0629094881,0.009397698966547408,0.023197433537686864,0
2022-03-15,140471.40413046302,252480.53687608242,252480.53687608242,252480.53687608242,392951.94100654544,0.004681103296861,0.018624919823437946,0
2022-03-16,140471.40413046302,255180.84296357632,255180.84296357632,255180.84296357632,395652.24709403934,0.006871848197459229,0.011881059247695325,0
2022-03-17,140471.40413046302,259641.5423207283,259641.5423207283,259641.5423207283,400112.9464511913,0.011274292993189494,0.0007407167975338452,0
2022-03-18,140471.40413046302,260601.60868394375,260601.60868394375,260601.60868394375,401073.0128144068,0.0023994883737974426,0.0,0
2022-03-21,140471.40413046302,265090.82914578915,265090.82914578915,265090.82914578915,405562.23327625217,0.011193025505116028,0.0,0
2022-03-22,140471.40413046302,267593.58413147926,267593.58413147926,267593.58413147926,408064.9882619423,0.006171075066512266,0.0,0
2022-03-23,140471.40413046302,264543.0390615463,264543.0390615463,264543.0390615463,405014.44319200935,-0.007475635395543301,0.007475635395543302,0
2022-03-24,140471.40413046302,265066.91312265396,265066.91312265396,265066.91312265396,405538.317253117,0.0012934700722742054,0.006191834833924538,0
2022-03-25,140471.40413046302,267964.2930865288,267964.2930865288,267964.2930865288,408435.6972169918,0.007144528249512838,0.0,0
2022-03-28,140471.40413046302,269552.1087913513,269552.1087913513,269552.1087913513,410023.51292181434,0.0038875536972935443,0.0,0
2022-03-29,140471.40413046302,270343.4726135731,270343.4726135731,270343.4726135731,410814.8767440361,0.0019300449785977225,0.0,0
2022-03-30,140471.40413046302,270878.23262262344,270878.23262262344,270878.23262262344,411349.63675308647,0.0013017055596640237,0.0,0
2022-03-31,140471.40413046302,271930.08099484444,271930.08099484444,271930.08099484444,412401.48512530746,0.002557066490987081,0.0,0
2022-04-01,140471.40413046302,273661.776691556,273661.776691556,273661.776691556,414133.180822019,0.004199053008224096,0.0,0
2022-04-04,140471.40413046302,277673.44814515114,277673.44814515114,277673.44814515114,418144.85227561416,0.00968691145595324,0.0,0
2022-04-05,140471.40413046302,277985.06314599514,277985.06314599514,277985.06314599514,418456.46727645816,0.0007452321824557018,0.0,0
2022-04-06,140471.40413046302,276589.768206954,276589.768206954,276589.768206954,417061.172337417,-0.003334384931657275,0.003334384931657227,0
2022-04-07,140471.40413046302,279862.8965471983,279862.8965471983,279862.8965471983,420334.3006776613,0.00784807735014037,0.0,0
2022-04-08,140471.40413046302,282660.56231963634,282660.56231963634,282660.56231963634,423131.96645009937,0.006655811262434863,0.0,0
2022-04-11,140471.40413046302,290108.3154871464,290108.3154871464,290108.3154871464,430579.7196176094,0.01760149021590962,0.0,0
2022-04-12,140471.40413046302,290965.28019058704,290965.28019058704,290965.28019058704,431436.68432105007,0.0019902579345858484,0.0,0
2022-04-13,140471.40413046302,288077.4338994026,288077.4338994026,288077.4338994026,428548.83802986564,-0.006693557585927157,0.0066935575859271585,0
2022-04-14,140471.40413046302,290332.6102261543,290332.6102261543,290332.6102261543,430804.01435661735,0.005262355481161052,0.0014664259842167714,0
2022-04-15,140471.40413046302,290907.52548873425,290907.52548873425,290907.52548873425,431378.92961919727,0.0013345169576437499,0.00013386599691606377,0
2022-04-18,140471.40413046302,294445.6183491945,294445.6183491945,294445.6183491945,434917.02247965755,0.008201821223821737,0.0,0
2022-04-19,140471.40413046302,294284.7531980276,294284.7531980276,294284.7531980276,434756.15732849063,-0.000369875500043082,0.0003698755000430917,0
2022-04-20,140471.40413046302,296188.2657980919,296188.2657980919,296188.2657980919,436659.6699285549,0.004378345350554813,0.0,0
2022-04-21,140471.40413046302,295574.45384180546,295574.45384180546,295574.45384180546,436045.8579722685,-0.0014056987593721315,0.0014056987593721688,0
2022-04-22,140471.40413046302,283498.6669104099,283498.6669104099,283498.6669104099,423970.07104087295,-0.027693846210467887,0.02906061576457977,0
2022-04-25,140471.40413046302,281204.98795330524,281204.98795330524,281204.98795330524,421676.39208376827,-0.00541000205857356,0.0343133998320435,0
2022-04-26,140471.40413046302,272063.1954565048,272063.1954565048,272063.1954565048,412534.59958696784,-0.021679640284401724,0.055249137951151626,0
2022-04-27,140471.40413046302,274170.16952216625,274170.16952216625,274170.16952216625,414641.5736526293,0.005107387520394413,0.05042392918844137,0
2022-04-28,140471.40413046302,273965.6306949854,273965.6306949854,273965.6306949854,414437.0348254484,-0.0004932906880973364,0.05089234622181276,0
2022-04-29,140471.40413046302,279160.62314498425,279160.62314498425,279160.62314498425,419632.02727544727,0.012535058437011637,0.0389952263186881,0
2022-05-05,140471.40413046302,282929.0817312002,282929.0817312002,282929.0817312002,423400.48586166324,0.008980388390951832,0.03036503020547124,0
2022-05-06,140471.40413046302,285239.98274052143,285239.98274052143,285239.98274052143,425711.38687098445,0.005457955497189193,0.025072805691814373,0
2022-05-09,140471.40413046302,289054.5992885828,289054.5992885828,289054.5992885828,429526.0034190458,0.008960569685718678,0.016336902628713748,0
2022-05-10,140471.40413046302,290668.41355252266,290668.41355252266,290668.41355252266,431139.8176829857,0.003757198053421229,0.012641085554048014,0
2022-05-11,140471.40413046302,285745.4851806164,285745.4851806164,285745.4851806164,426216.8893110794,-0.011418403427368107,0.023915147966800162,0
2022-05-12,334488.33487603074,80366.04718887806,80366.04718887806,80366.04718887806,414854.3820649088,-0.02665897933921979,0.04993657387047866,0
2022-05-13,222750.48445314617,192155.73160111904,192155.73160111904,192155.73160111904,414906.2160542652,0.00012494502070437008,0.04981786817603041,0
2022-05-16,222750.48445314617,190177.0669066906,190177.0669066906,190177.0669066906,412927.55135983677,-0.004768944445434964,0.05434923397574392,0
2022-05-17,222750.48445314617,188864.117536664,188864.117536664,188864.117536664,411614.6019898102,-0.0031796119336257034,0.057356036436436955,0
2022-05-18,222750.48445314617,187999.25895631313,187999.25895631313,187999.25895631313,410749.7434094593,-0.002101136782247326,0.05933666034084375,0
2022-05-20,222750.48445314617,185447.68995201588,185447.68995201588,185447.68995201588,408198.17440516205,-0.006211979545301172,0.0651800417658211,0
2022-05-23,222750.48445314617,187257.97687661648,187257.97687661648,187257.97687661648,410008.46132976265,0.004434823666809917,0.06103428009083793,0
2022-05-24,222750.48445314617,186957.402222991,186957.402222991,186957.402222991,409707.88667613716,-0.0007330937821395933,0.061722630021745606,0
2022-05-25,222750.48445314617,188516.2205389738,188516.2205389738,188516.2205389738,411266.70499212,0.00380470663776844,0.05815275988412134,0
2022-05-26,222750.48445314617,191430.0852214098,191430.0852214098,191430.0852214098,414180.56967455597,0.007085097449091693,0.05147968040574233,0
2022-05-27,222750.48445314617,190285.49469780922,190285.49469780922,190285.49469780922,413035.9791509554,-0.002763506082624656,0.05410092207843414,0
2022-05-30,222750.48445314617,195297.77420949936,195297.77420949936,195297.77420949936,418048.25866264553,0.012135212825753028,0.04262223545617238,0
2022-05-31,222750.48445314617,194342.1058678627,194342.1058678627,194342.1058678627,417092.5903210089,-0.0022860239741073762,0.04481082397819691,0
2022-06-01,222750.48445314617,197198.51818823814,197198.51818823814,197198.51818823814,419949.0026413843,0.006848389030783331,0.03826931690280614,0
2022-06-02,222750.48445314617,198085.1546484232,198085.1546484232,198085.1546484232,420835.63910156937,0.0021112955492412766,0.0362388191920143,0
2022-06-03,222750.48445314617,197571.82808756828,197571.82808756828,197571.82808756828,420322.31254071445,-0.001219779203944782,0.03741439503793316,0
2022-06-06,222750.48445314617,200086.8000380993,200086.8000380993,200086.8000380993,422837.28449124546,0.0059834366996336374,0.03165482500266405,0
2022-06-07,222750.48445314617,200969.4597593546,200969.4597593546,200969.4597593546,423719.94421250076,0.002087468994881325,0.029633434473514148,0
2022-06-08,222750.48445314617,194249.34547924995,194249.34547924995,194249.34547924995,416999.8299323961,-0.015859801672999385,0.0450232557528738,0
2022-06-09,222750.48445314617,196373.60320699215,196373.60320699215,196373.60320699215,419124.0876601383,0.005094145309571418,0.04015846545041752,0
2022-06-10,222750.48445314617,194505.8102772236,194505.8102772236,194505.8102772236,417256.29473036976,-0.004456419911811671,0.0444359223771682,0
2022-06-13,222750.48445314617,191172.60241556168,191172.60241556168,191172.60241556168,413923.08686870785,-0.007988394432289714,0.05206934513454646,0
2022-06-14,222750.48445314617,187713.17469334602,187713.17469334602,187713.17469334602,410463.6591464922,-0.008357658299240844,0.059991825639287545,0
2022-06-15,222750.48445314617,188357.72722315788,188357.72722315788,188357.72722315788,411108.21167630405,0.0015703035224898798,0.05851572749191955,0
2022-06-16,222750.48445314617,186269.0628825426,186269.0628825426,186269.0628825426,409019.5473356888,-0.005080570714213417,0.06329900491471661,0
2022-06-17,222750.48445314617,188874.0267829895,188874.0267829895,188874.0267829895,411624.5112361357,0.006368800507005945,0.05733334314230445,0
2022-06-20,222750.48445314617,186821.63161933422,186821.63161933422,186821.63161933422,409572.1160724804,-0.004986085880774649,0.06203356005033969,0
2022-06-21,222750.48445314617,190537.05514347553,190537.05514347553,190537.05514347553,413287.5395966217,0.009071475762973513,0.05352482022385372,0
2022-06-22,222750.48445314617,189615.44881999493,189615.44881999493,189615.44881999493,412365.9332731411,-0.0022299397760215944,0.05563540287425374,0
2022-06-23,222750.48445314617,190560.86157226562,190560.86157226562,190560.86157226562,413311.3460254118,0.0022926548387895984,0.05347030081107171,0
2022-06-24,222750.48445314617,192472.1024825573,192472.1024825573,192472.1024825573,415222.58693570347,0.004624215929881936,0.04909334309797587,0
2022-06-27,222750.48445314617,189219.39998233318,189219.39998233318,189219.39998233318,411969.88443547935,-0.007833635747584666,0.0565423994780998,0
2022-06-28,222750.48445314617,191522.5277659893,191522.5277659893,191522.5277659893,414273.0122191355,0.005590524624905724,0.05126797652982764,0
2022-06-29,222750.48445314617,183915.3026469946,183915.3026469946,183915.3026469946,406665.78710014076,-0.01836283053594323,0.0686893819008329,0
2022-06-30,222750.48445314617,183490.5410811901,183490.5410811901,183490.5410811901,406241.0255343363,-0.0010444979127292031,0.06966213389754004,0
2022-07-01,222750.48445314617,184292.92938947678,184292.92938947678,184292.92938947678,407043.41384262295,0.0019751533150333955,0.06782457397720677,0
2022-07-04,222750.48445314617,182923.55874872208,182923.55874872208,182923.55874872208,405674.04320186825,-0.0033641881779326033,0.07096058752519198,0
2022-07-05,222750.48445314617,180361.2373855114,180361.2373855114,180361.2373855114,403111.72183865757,-0.0063162073249425355,0.07682859306742564,0
2022-07-06,222750.48445314617,184876.10595870018,184876.10595870018,184876.10595870018,407626.59041184635,0.011200042887851813,0.06648903371694224,0
2022-07-07,222750.48445314617,186331.06358230114,186331.06358230114,186331.06358230114,409081.5480354473,0.003569339336108923,0.06315701630429908,0
2022-07-08,222750.48445314617,186566.90245378017,186566.90245378017,186566.90245378017,409317.38690692635,0.0005765082111661712,0.06261691863162502,0
2022-07-13,222750.48445314617,185698.8265426159,185698.8265426159,185698.8265426159,408449.31099576206,-0.0021207892430957775,0.06460491058725105,0
2022-07-14,222750.48445314617,185951.45653951168,185951.45653951168,185951.45653951168,408701.94099265785,0.0006185100331785875,0.06402635933946323,0
2022-07-18,222750.48445314617,189723.86092686653,189723.86092686653,189723.86092686653,412474.3453800127,0.009230209130380862,0.05538712689564243,0
2022-07-19,222750.48445314617,193187.3865751028,193187.3865751028,193187.3865751028,415937.871028249,0.008396948045448216,0.04745526167712347,0
2022-07-20,222750.48445314617,194097.9120157957,194097.9120157957,194097.9120157957,416848.3964689419,0.002189090015876527,0.045370055500785086,0
2022-07-21,222750.48445314617,193108.57075297832,193108.57075297832,193108.57075297832,415859.0552061245,-0.0023733838757638015,0.047635758818380815,0
2022-07-22,222750.48445314617,193870.95950853825,193870.95950853825,193870.95950853825,416621.4439616844,0.001833286412825652,0.045889802394961494,0
2022-07-25,222750.48445314617,196319.32471752167,196319.32471752167,196319.32471752167,419069.80917066784,0.005876714327764043,0.04028276932643007,0
2022-07-26,222750.48445314617,196637.4562447071,196637.4562447071,196637.4562447071,419387.9406978533,0.000759137308924851,0.039554212170607804,0
2022-07-27,222750.48445314617,195970.5367525816,195970.5367525816,195970.5367525816,418721.02120572777,-0.0015902209563197767,0.04108153318982313,0
2022-07-28,222750.48445314617,198182.4404860735,198182.4404860735,198182.4404860735,420932.92493921967,0.00528252373650262,0.03601602362752762,0
2022-07-29,222750.48445314617,201903.12107670307,201903.12107670307,201903.12107670307,424653.60552984924,0.00883912939613074,0.02749524452457464,0
2022-08-01,222750.48445314617,206743.78707373142,206743.78707373142,206743.78707373142,429494.2715268776,0.011399093129065951,0.016409572248450837,0
2022-08-02,222750.48445314617,204709.33792948723,204709.33792948723,204709.33792948723,427459.8223826334,-0.0047368481470349,0.021068690743587026,0
2022-08-03,222750.48445314617,205973.1799813509,205973.1799813509,205973.1799813509,428723.66443449707,0.0029566335493687035,0.018174349592112112,0
2022-08-04,222750.48445314617,208785.02762889862,208785.02762889862,208785.02762889862,431535.5120820448,0.006558648100884801,0.011734900654664353,0
2022-08-05,222750.48445314617,209335.66604685783,209335.66604685783,209335.66604685783,432086.150500004,0.0012759979249505893,0.010473876438598538,0
2022-08-08,222750.48445314617,213372.82252144814,213372.82252144814,213372.82252144814,436123.3069745943,0.009343406332090298,0.0012283317899460758,0
2022-08-09,222750.48445314617,213733.8806900978,213733.8806900978,213733.8806900978,436484.365143244,0.0008278809292590061,0.0004014677731506872,0
2022-08-10,222750.48445314617,216016.11152672768,216016.11152672768,216016.11152672768,438766.59597987385,0.005228665718371994,0.0,0
2022-08-11,222750.48445314617,216603.96439051628,216603.96439051628,216603.96439051628,439354.44884366245,0.001339784908821029,0.0,0
2022-08-12,222750.48445314617,217119.3692996502,217119.3692996502,217119.3692996502,439869.85375279636,0.00117309591490522,0.0,0
2022-08-15,392658.4950859139,46914.38535928726,46914.38535928726,46914.38535928726,439572.8804452012,-0.0006751390327423001,0.0006751390327423475,0
2022-08-16,210269.7822913604,230034.86624407768,230034.86624407768,230034.86624407768,440304.6485354381,0.0016647252885477748,0.0,0
2022-08-17,210269.7822913604,234071.25469255447,234071.25469255447,234071.25469255447,444341.0369839149,0.009167262852896929,0.0,0
2022-08-18,210269.7822913604,235343.8480272293,235343.8480272293,235343.8480272293,445613.63031858974,0.002864001361010615,0.0,0
2022-08-19,210269.7822913604,238009.8351509571,238009.8351509571,238009.8351509571,448279.61744231754,0.005982732444296479,0.0,0
2022-08-22,210269.7822913604,248066.33822917938,248066.33822917938,248066.33822917938,458336.1205205398,0.022433549701858402,0.0,0
2022-08-23,210269.7822913604,251287.7709388733,251287.7709388733,251287.7709388733,461557.5532302337,0.007028537716022187,0.0,0
2022-08-24,210269.7822913604,247084.73902916908,247084.73902916908,247084.73902916908,457354.5213205295,-0.009106192457016604,0.009106192457016635,0
2022-08-25,210269.7822913604,252765.75174331665,252765.75174331665,252765.75174331665,463035.5340346771,0.012421463983223857,0.0,0
2022-08-26,210269.7822913604,254591.68827605247,254591.68827605247,254591.68827605247,464861.4705674129,0.0039434047681512485,0.0,0
2022-08-29,210269.7822913604,255169.057025671,255169.057025671,255169.057025671,465438.83931703144,0.0012420232395551345,0.0,0
2022-08-31,210269.7822913604,253275.50644302368,253275.50644302368,253275.50644302368,463545.2887343841,-0.004068312359634341,0.004068312359634303,0
2022-09-01,210269.7822913604,250702.17664027214,250702.17664027214,250702.17664027214,460971.9589316326,-0.005551409679467323,0.009597137170489269,0
2022-09-02,210269.7822913604,258845.8244588375,258845.8244588375,258845.8244588375,469115.60675019794,0.017666254228216882,0.0,0
2022-09-05,210269.7822913604,270266.31209897995,270266.31209897995,270266.31209897995,480536.0943903404,0.02434471903260249,0.0,0
2022-09-06,210269.7822913604,274737.01968503,274737.01968503,274737.01968503,485006.8019763904,0.009303583306727647,0.0,0
2022-09-07,210269.7822913604,276961.39873194695,276961.39873194695,276961.39873194695,487231.1810233074,0.0045862842291133354,0.0,0
2022-09-08,210269.7822913604,278942.1713087559,278942.1713087559,278942.1713087559,489211.9536001163,0.004065364972432262,0.0,0
2022-09-09,210269.7822913604,284748.7212803364,284748.7212803364,284748.7212803364,495018.5035716968,0.011869190703232002,0.0,0
2022-09-12,210269.7822913604,294878.14679813385,294878.14679813385,294878.14679813385,505147.9290894943,0.020462720978530857,0.0,0
2022-09-13,210269.7822913604,274574.2515091896,274574.2515091896,274574.2515091896,484844.03380055004,-0.04019395927355596,0.040193959273555915,0
2022-09-14,210269.7822913604,273994.07120251656,273994.07120251656,273994.07120251656,484263.853493877,-0.0011966328679455795,0.04134249472874188,0
2022-09-15,210269.7822913604,267586.7425918579,267586.7425918579,267586.7425918579,477856.52488321834,-0.013231069311555932,0.054026558627029174,0
2022-09-16,210269.7822913604,271192.67612862587,271192.67612862587,271192.67612862587,481462.4584199863,0.007546059013527451,0.046888187213199,0
2022-09-19,210269.7822913604,257881.38461232185,257881.38461232185,257881.38461232185,468151.1669036823,-0.027647620875753454,0.07323946126533062,0
2022-09-20,210269.7822913604,264431.0793955326,264431.0793955326,264431.0793955326,474700.86168689304,0.0139905552869386,0.060273566710410294,0
2022-09-21,210269.7822913604,264725.17563033104,264725.17563033104,264725.17563033104,474994.9579216915,0.0006195401326076766,0.05969136847131521,0
2022-09-22,210269.7822913604,267434.69839811325,267434.69839811325,267434.69839811325,477704.4806894737,0.005704319009274483,0.05432754806990131,0
2022-09-23,210269.7822913604,267902.47650003433,267902.47650003433,267902.47650003433,478172.25879139476,0.0009792206705825368,0.053401526057370786,0
2022-09-26,210269.7822913604,265280.3674168587,265280.3674168587,265280.3674168587,475550.1497082191,-0.005483607706150084,0.058592300743712446,0
2022-09-27,210269.7822913604,263546.21706819534,263546.21706819534,263546.21706819534,473815.9993595558,-0.003646619288685593,0.062025256218337585,0
2022-09-28,210269.7822913604,255867.7114405632,255867.7114405632,255867.7114405632,466137.49373192363,-0.01620566979167226,0.07722576518899156,0
2022-09-29,210269.7822913604,252521.2510793209,252521.2510793209,252521.2510793209,462791.03337068134,-0.007179127202255997,0.08385047879966426,0
2022-09-30,210269.7822913604,255316.99060320854,255316.99060320854,255316.99060320854,465586.772894569,0.00604104082035728,0.0783159821445422,0
2022-10-03,210269.7822913604,270179.95931363106,270179.95931363106,270179.95931363106,480449.7416049915,0.03192309055091691,0.04889297978320951,0
2022-10-04,210269.7822913604,271408.6963312626,271408.6963312626,271408.6963312626,481678.478622623,0.0025574725329788883,0.04646054970308174,0
2022-10-05,210269.7822913604,272317.82791113853,272317.82791113853,272317.82791113853,482587.61020249897,0.0018874241225717014,0.04466081634276764,0
2022-10-06,210269.7822913604,277521.454808712,277521.454808712,277521.454808712,487791.23710007244,0.01078276107293763,0.03435962218177649,0
2022-10-07,210269.7822913604,280501.1995148659,280501.1995148659,280501.1995148659,490770.9818062263,0.006108647469496464,0.028460865531373662,0
2022-10-10,210269.7822913604,283113.80415940285,283113.80415940285,283113.80415940285,493383.5864507633,0.005323470093772764,0.023288906004099996,0
2022-10-11,210269.7822913604,285099.07212615013,285099.07212615013,285099.07212615013,495368.85441751056,0.0040237819442447975,0.01935883353933579,0
2022-10-12,210269.7822913604,282174.21616125107,282174.21616125107,282174.21616125107,492443.9984526115,-0.005904400203638804,0.025148931442282713,0
2022-10-13,210269.7822913604,282854.6154973507,282854.6154973507,282854.6154973507,493124.3977887111,0.0013816786035318884,0.023802000579226396,0
2022-10-14,210269.7822913604,290281.11526441574,290281.11526441574,290281.11526441574,500550.8975557762,0.015060093964864185,0.009100366979637124,0
2022-10-17,210269.7822913604,301576.10052108765,301576.10052108765,301576.10052108765,511845.8828124481,0.022565108387231136,0.0,0
2022-10-18,210269.7822913604,303116.69582390785,303116.69582390785,303116.69582390785,513386.4781152683,0.0030098812055594504,0.0,0
2022-10-19,210269.7822913604,305214.47148776054,305214.47148776054,305214.47148776054,515484.253779121,0.004086152934050791,0.0,0
2022-10-20,210269.7822913604,306546.01980543137,306546.01980543137,306546.01980543137,516815.8020967918,0.0025831018268918093,0.0,0
2022-10-21,210269.7822913604,309080.3419663906,309080.3419663906,309080.3419663906,519350.12425775104,0.0049037242102063505,0.0,0
2022-10-24,210269.7822913604,316411.64122724533,316411.64122724533,316411.64122724533,526681.4235186058,0.014116294419554754,0.0,0
2022-10-25,210269.7822913604,311568.1387517452,311568.1387517452,311568.1387517452,521837.92104310566,-0.009196266014362298,0.009196266014362292,0
2022-10-26,210269.7822913604,314780.25266337395,314780.25266337395,314780.25266337395,525050.0349547344,0.006155386149799158,0.0030974864330178004,0
2022-10-27,210269.7822913604,311599.7359585762,311599.7359585762,311599.7359585762,521869.51824993663,-0.006057549743943791,0.009136272998812424,0
2022-10-28,210269.7822913604,307545.0705845356,307545.0705845356,307545.0705845356,517814.85287589603,-0.007769500291256226,0.01683478901434333,0
2022-10-31,210269.7822913604,313210.2899749279,313210.2899749279,313210.2899749279,523480.07226628833,0.01094062744420743,0.006078344724843587,0
2022-11-01,210269.7822913604,316121.23157835007,316121.23157835007,316121.23157835007,526391.0138697105,0.005560749601832837,0.00055139527601927,0
2022-11-02,210269.7822913604,328500.1876256466,328500.1876256466,328500.1876256466,538769.969917007,0.02351665534009384,0.0,0
2022-11-03,210269.7822913604,333266.5593640804,333266.5593640804,333266.5593640804,543536.3416554409,0.008846765789800815,0.0,0
2022-11-04,210269.7822913604,345673.4575846195,345673.4575846195,345673.4575846195,555943.23987598,0.02282625331500654,0.0,0
2022-11-07,210269.7822913604,351831.3976545334,351831.3976545334,351831.3976545334,562101.1799458938,0.011076562548521185,0.0,0
2022-11-08,210269.7822913604,352707.68219947815,352707.68219947815,352707.68219947815,562977.4644908386,0.0015589445036019445,0.0,0
2022-11-09,210269.7822913604,358346.7292187214,358346.7292187214,358346.7292187214,568616.5115100818,0.01001647024067509,0.0,0
2022-11-10,210269.7822913604,368854.3123731613,368854.3123731613,368854.3123731613,579124.0946645217,0.018479208643686462,0.0,0
2022-11-11,502429.7822341634,84360.63437199593,84360.63437199593,84360.63437199593,586790.4166061593,0.013237787915003851,0.0,0
2022-11-14,276227.19679371227,312849.78138256073,312849.78138256073,312849.78138256073,589076.9781762729,0.0038967261656017715,0.0,0
2022-11-15,276227.19679371227,317592.84770965576,317592.84770965576,317592.84770965576,593820.044503368,0.008051691888858237,0.0,0
2022-11-16,276227.19679371227,310885.8265411854,310885.8265411854,310885.8265411854,587113.0233348976,-0.011294703219524527,0.011294703219524518,0
2022-11-17,276227.19679371227,304638.06121754646,304638.06121754646,304638.06121754646,580865.2580112587,-0.010641503552673015,0.02181601414776059,0
2022-11-18,276227.19679371227,310291.763538599,310291.763538599,310291.763538599,586518.9603323112,0.00973324233645756,0.012295112363818729,0
2022-11-21,276227.19679371227,315214.73065805435,315214.73065805435,315214.73065805435,591441.9274517666,0.008393534484658627,0.004004777328778638,0
2022-11-22,276227.19679371227,326462.9818305969,326462.9818305969,326462.9818305969,602690.1786243091,0.019018352691033913,0.0,0
2022-11-23,276227.19679371227,331098.80106163025,331098.80106163025,331098.80106163025,607325.9978553425,0.007691877842799677,0.0,0
2022-11-24,276227.19679371227,338011.7433767319,338011.7433767319,338011.7433767319,614238.9401704441,0.011382589152306055,0.0,0
2022-11-25,276227.19679371227,342972.9824371338,342972.9824371338,342972.9824371338,619200.179230846,0.008077050697933963,0.0,0
2022-11-28,276227.19679371227,342739.98716044426,342739.98716044426,342739.98716044426,618967.1839541565,-0.00037628425266111876,0.00037628425266115063,0
2022-11-29,276227.19679371227,347287.6536986828,347287.6536986828,347287.6536986828,623514.850492395,0.007347185208085749,0.0,0
2022-11-30,276227.19679371227,351678.016197443,351678.016197443,351678.016197443,627905.2129911552,0.007041311839314002,0.0,0
2022-12-01,276227.19679371227,356198.0121538639,356198.0121538639,356198.0121538639,632425.2089475761,0.007198532298989813,0.0,0
2022-12-02,276227.19679371227,352007.1077606678,352007.1077606678,352007.1077606678,628234.30455438,-0.006626719387372693,0.006626719387372656,0
2022-12-05,276227.19679371227,358246.9421517849,358246.9421517849,358246.9421517849,634474.1389454971,0.009932336304912859,0.0,0
2022-12-06,276227.19679371227,363634.3725566864,363634.3725566864,363634.3725566864,639861.5693503986,0.008491174145971447,0.0,0
2022-12-07,276227.19679371227,347548.96525359154,347548.96525359154,347548.96525359154,623776.1620473037,-0.025138886399170834,0.02513888639917087,0
2022-12-08,276227.19679371227,345209.3919723034,345209.3919723034,345209.3919723034,621436.5887660156,-0.0037506615732306736,0.028795260517190384,0
2022-12-09,276227.19679371227,354150.85135412216,354150.85135412216,354150.85135412216,630378.0481478344,0.01438836969605184,0.014821207674954,0
2022-12-12,276227.19679371227,366846.11016201973,366846.11016201973,366846.11016201973,643073.3069557319,0.020139119446177745,0.0,0
2022-12-13,276227.19679371227,373035.74217534065,373035.74217534065,373035.74217534065,649262.9389690529,0.009625079981351092,0.0,0
2022-12-14,276227.19679371227,356662.1791448593,356662.1791448593,356662.1791448593,632889.3759385715,-0.025218693456429908,0.02521869345642996,0
2022-12-15,276227.19679371227,365977.6566734314,365977.6566734314,365977.6566734314,642204.8534671436,0.014718966509363884,0.010870920051461123,0
2022-12-16,276227.19679371227,370116.92835474014,370116.92835474014,370116.92835474014,646344.1251484524,0.006445407036339779,0.004495580519712422,0
2022-12-19,276227.19679371227,378188.9920668602,378188.9920668602,378188.9920668602,654416.1888605724,0.012488801859637855,0.0,0
2022-12-20,276227.19679371227,379831.26114201546,379831.26114201546,379831.26114201546,656058.4579357277,0.0025095178009191255,0.0,0
2022-12-21,276227.19679371227,384721.5232448578,384721.5232448578,384721.5232448578,660948.72003857,0.007454003593261316,0.0,0
2022-12-22,276227.19679371227,384084.1750612259,384084.1750612259,384084.1750612259,660311.3718549381,-0.0009642929387845278,0.0009642929387845765,0
2022-12-23,276227.19679371227,389051.2256245613,389051.2256245613,389051.2256245613,665278.4224182735,0.007522285356652336,0.0,0
2022-12-26,276227.19679371227,395014.743894577,395014.743894577,395014.743894577,671241.9406882892,0.008963943619783254,0.0,0
2022-12-27,276227.19679371227,388152.4939985275,388152.4939985275,388152.4939985275,664379.6907922397,-0.010223213837045053,0.010223213837045062,0
2022-12-28,276227.19679371227,383429.3551135063,383429.3551135063,383429.3551135063,659656.5519072185,-0.007109095823487732,0.017259631853741277,0
2022-12-29,276227.19679371227,394941.0480232239,394941.0480232239,394941.0480232239,671168.2448169361,0.017451040054759837,0.00010979032579159448,0
2022-12-30,276227.19679371227,395447.0900206566,395447.0900206566,395447.0900206566,671674.2868143688,0.0007539719009959089,0.0,0
2023-01-02,276227.19679371227,403479.78836870193,403479.78836870193,403479.78836870193,679706.9851624141,0.011959216700319075,0.0,0
2023-01-03,276227.19679371227,402498.5282495022,402498.5282495022,402498.5282495022,678725.7250432144,-0.001443651662584089,0.0014436516625841108,0
2023-01-04,276227.19679371227,399932.526198864,399932.526198864,399932.526198864,676159.7229925762,-0.003780617053338875,0.005218810821828384,0
2023-01-05,276227.19679371227,387433.66770863533,387433.66770863533,387433.66770863533,663660.8645023475,-0.018485068047103814,0.023607408795765762,0
2023-01-06,276227.19679371227,387521.71844410896,387521.71844410896,387521.71844410896,663748.9152378212,0.00013267429222252325,0.02347786659979643,0
2023-01-09,276227.19679371227,375350.70044207573,375350.70044207573,375350.70044207573,651577.8972357879,-0.01833678025322627,0.04138413837236767,0
2023-01-10,276227.19679371227,357694.03250169754,357694.03250169754,357694.03250169754,633921.2292954098,-0.0270983224189828,0.0673610200667042,0
2023-01-11,276227.19679371227,337425.44040489197,337425.44040489197,337425.44040489197,613652.6371986042,-0.03197336066396406,0.09718062254138297,0
2023-01-12,276227.19679371227,354599.24364352226,354599.24364352226,354599.24364352226,630826.4404372345,0.027986196420552778,0.07191414211154502,0
2023-01-13,276227.19679371227,354379.4738075733,354379.4738075733,354379.4738075733,630606.6706012855,-0.0003483839957574286,0.07223747237112214,0
2023-01-16,276227.19679371227,367460.5171074867,367460.5171074867,367460.5171074867,643687.7139011989,0.020743585359540573,0.05299235118586946,0
2023-01-17,276227.19679371227,373899.0262489319,373899.0262489319,373899.0262489319,650126.2230426441,0.010002535394723067,0.04351987365953258,0
2023-01-18,276227.19679371227,378479.9989078045,378479.9989078045,378479.9989078045,654707.1957015167,0.0070462819318890535,0.03678024502708886,0
2023-01-19,276227.19679371227,379737.71551322937,379737.71551322937,379737.71551322937,655964.9123069416,0.0019210367835917896,0.034929864447103574,0
2023-01-20,276227.19679371227,381365.42349743843,381365.42349743843,381365.42349743843,657592.6202911506,0.002481394894255251,0.03253514434014436,0
2023-01-23,276227.19679371227,373927.6043753624,373927.6043753624,373927.6043753624,650154.8011690746,-0.011310679123471501,0.04347782888574865,0
2023-01-24,276227.19679371227,369504.90384340286,369504.90384340286,369504.90384340286,645732.1006371151,-0.006802534602539101,0.04998460405284914,0
2023-01-25,276227.19679371227,363114.0365366936,363114.0365366936,363114.0365366936,639341.2333304058,-0.009897087817693606,0.05938698985469904,0
2023-01-26,276227.19679371227,360563.76638936996,360563.76638936996,360563.76638936996,636790.9631830822,-0.003988902974455311,0.06313900388867903,0
2023-01-27,276227.19679371227,355008.16456770897,355008.16456770897,355008.16456770897,631235.3613614212,-0.008724372899217347,0.07131252857348641,0
2023-01-30,276227.19679371227,350797.9715538025,350797.9715538025,350797.9715538025,627025.1683475147,-0.006669767366685675,0.07750665796425686,0
2023-01-31,276227.19679371227,346658.78829193115,346658.78829193115,346658.78829193115,622885.9850856434,-0.006601303218465526,0.08359631623205042,0
2023-02-01,276227.19679371227,323839.1753387451,323839.1753387451,323839.1753387451,600066.3721324573,-0.03663529682731337,0.11716903720053268,0
2023-02-02,276227.19679371227,325867.9171681404,325867.9171681404,325867.9171681404,602095.1139618526,0.0033808623905815516,0.11418430720116313,0
2023-02-03,276227.19679371227,344553.1184203625,344553.1184203625,344553.1184203625,620780.3152140747,0.031033637076493426,0.08669422447418146,0
2023-02-06,276227.19679371227,343546.66932463646,343546.66932463646,343546.66932463646,619773.8661183487,-0.0016212645134839887,0.08817493471800149,0
2023-02-07,276227.19679371227,312554.5395410061,312554.5395410061,312554.5395410061,588781.7363347183,-0.050005544728328855,0.13377124380437183,0
2023-02-08,517079.19582766615,49189.26564717293,49189.26564717293,49189.26564717293,566268.4614748391,-0.038237046889444515,0.16689327337200924,0
2023-02-15,345047.9302952024,229189.24174499512,229189.24174499512,229189.24174499512,574237.1720401975,0.014072319239895492,0.15516952955399582,0
2023-02-16,345047.9302952024,224463.60568261147,224463.60568261147,224463.60568261147,569511.5359778139,-0.008229415113608973,0.1621219901959215,0
2023-02-17,345047.9302952024,222576.68553876877,222576.68553876877,222576.68553876877,567624.6158339712,-0.0033132255005212663,0.16489806898433032,0
2023-02-20,345047.9302952024,227257.92439317703,227257.92439317703,227257.92439317703,572305.8546883794,0.008247068086591813,0.15801092649999984,0
2023-02-21,345047.9302952024,230542.09502506256,230542.09502506256,230542.09502506256,575590.025320265,0.005738488615800952,0.15317918178709125,0
2023-02-22,345047.9302952024,228575.7647471428,228575.7647471428,228575.7647471428,573623.6950423452,-0.003416199363124317,0.15607209052695056,0
2023-02-23,345047.9302952024,230534.574385643,230534.574385643,230534.574385643,575582.5046808454,0.0034147990318906807,0.15319024631869638,0
2023-02-24,345047.9302952024,230529.81846165657,230529.81846165657,230529.81846165657,575577.748756859,-8.26280150589831e-06,0.15319724333960427,0
2023-02-27,345047.9302952024,238527.9548678398,238527.9548678398,238527.9548678398,583575.8851630422,0.01389584017703549,0.1414302075715783,0
2023-02-28,345047.9302952024,240155.77758264542,240155.77758264542,240155.77758264542,585203.7078778478,0.0027893933868614607,0.13903531867041943,0
2023-03-01,345047.9302952024,243589.478058815,243589.478058815,243589.478058815,588637.4083540174,0.005867530280389666,0.1339835823323721,0
2023-03-02,345047.9302952024,246803.9036836624,246803.9036836624,246803.9036836624,591851.8339788648,0.00546079059745086,0.12925444802153468,0
2023-03-03,345047.9302952024,242357.71352386475,242357.71352386475,242357.71352386475,587405.6438190672,-0.007512336541913078,0.13579578165037076,0
2023-03-06,345047.9302952024,250071.18326711655,250071.18326711655,250071.18326711655,595119.113562319,0.013131419189475357,0.12444755379390891,0
2023-03-07,345047.9302952024,250235.72865724564,250235.72865724564,250235.72865724564,595283.658952448,0.00027649152309039415,0.12420547096451182,0
2023-03-08,345047.9302952024,254928.44423103333,254928.44423103333,254928.44423103333,599976.3745262357,0.007883158731495588,0.11730144367594955,0
2023-03-09,345047.9302952024,255949.00762701035,255949.00762701035,255949.00762701035,600996.9379222128,0.0017010059717483816,0.11579996816038875,0
2023-03-10,345047.9302952024,258070.1940560341,258070.1940560341,258070.1940560341,603118.1243512365,0.00352944631690999,0.11267923161460072,0
2023-03-13,345047.9302952024,258200.60356855392,258200.60356855392,258200.60356855392,603248.5338637563,0.00021622549091881993,0.1124873702458542,0
2023-03-14,345047.9302952024,255651.2987561226,255651.2987561226,255651.2987561226,600699.229051325,-0.004225961058045624,0.11623796405771886,0
2023-03-15,345047.9302952024,251089.98080968857,251089.98080968857,251089.98080968857,596137.911104891,-0.00759334742885831,0.12294867624106372,0
2023-03-16,345047.9302952024,258543.80991744995,258543.80991744995,258543.80991744995,603591.7402126524,0.012503531429407522,0.11198243744924034,0
2023-03-17,345047.9302952024,260248.41837215424,260248.41837215424,260248.41837215424,605296.3486673567,0.002824108318817853,0.10947457966358441,0
2023-03-20,345047.9302952024,250188.41584205627,250188.41584205627,250188.41584205627,595236.3461372587,-0.01661996235768881,0.12427507862814066,0
2023-03-21,345047.9302952024,246881.78322601318,246881.78322601318,246881.78322601318,591929.7135212156,-0.005555159118728614,0.12913986991059745,0
2023-03-22,345047.9302952024,249693.72153377533,249693.72153377533,249693.72153377533,594741.6518289777,0.004750459798739781,0.12500288387228237,0
2023-03-23,345047.9302952024,252876.38589286804,252876.38589286804,252876.38589286804,597924.3161880705,0.005351339273624411,0.12032047744043993,0
2023-03-24,345047.9302952024,250715.6572766304,250715.6572766304,250715.6572766304,595763.5875718328,-0.0036137159130990026,0.1234993893295407,0
2023-03-27,345047.9302952024,249068.37618350983,249068.37618350983,249068.37618350983,594116.3064787122,-0.0027649912271987542,0.12592290582867888,0
2023-03-28,345047.9302952024,243367.30419826508,243367.30419826508,243367.30419826508,588415.2344934675,-0.0095958853899073,0.13431044944629006,0
2023-03-29,345047.9302952024,247441.30090665817,247441.30090665817,247441.30090665817,592489.2312018606,0.006923676461062733,0.1283166950825334,0
2023-03-30,345047.9302952024,248998.82674360275,248998.82674360275,248998.82674360275,594046.7570388052,0.0026287833684084383,0.12602522850804704,0
2023-03-31,345047.9302952024,246926.93835258484,246926.93835258484,246926.93835258484,591974.8686477873,-0.0034877530538940382,0.12907343668634438,0
2023-04-03,345047.9302952024,245766.2692656517,245766.2692656517,245766.2692656517,590814.1995608541,-0.0019606729075921647,0.1307810388035358,0
2023-04-04,345047.9302952024,249734.12805700302,249734.12805700302,249734.12805700302,594782.0583522054,0.006715916432442848,0.12494343689864557,0
2023-04-05,345047.9302952024,248652.60946893692,248652.60946893692,248652.60946893692,593700.5397641393,-0.0018183443378610997,0.1265345910454691,0
2023-04-06,345047.9302952024,249993.33388428664,249993.33388428664,249993.33388428664,595041.2641794891,0.002258250288743824,0.12456208753348973,0
2023-04-07,345047.9302952024,250291.06868600845,250291.06868600845,250291.06868600845,595338.9989812109,0.0005003599240001044,0.1241240534861412,0
2023-04-10,345047.9302952024,255537.58005094528,255537.58005094528,255537.58005094528,600585.5103461477,0.008812645188564838,0.11640526954031609,0
2023-04-11,345047.9302952024,260368.672082901,260368.672082901,260368.672082901,605416.6023781034,0.008043970340162465,0.10929765973577459,0
2023-04-12,345047.9302952024,264871.14140605927,264871.14140605927,264871.14140605927,609919.0717012617,0.0074369769601170255,0.10267352695290725,0
2023-04-13,345047.9302952024,264900.4445900917,264900.4445900917,264900.4445900917,609948.3748852941,4.804438062699923e-05,0.10263041545828956,0
2023-04-14,345047.9302952024,265893.18956661224,265893.18956661224,265893.18956661224,610941.1198618147,0.0016275885261720635,0.10116986701875377,0
2023-04-17,345047.9302952024,261387.68401622772,261387.68401622772,261387.68401622772,606435.6143114301,-0.007374696847060491,0.10779846676649352,0
2023-04-18,345047.9302952024,263615.59927511215,263615.59927511215,263615.59927511215,608663.5295703146,0.003673786971456261,0.10452070839778693,0
2023-04-19,345047.9302952024,266631.75061798096,266631.75061798096,266631.75061798096,611679.6809131834,0.004955367286418655,0.10008327961051604,0
2023-04-20,345047.9302952024,266463.79444503784,266463.79444503784,266463.79444503784,611511.7247402403,-0.0002745819064847721,0.10033038045927807,0
2023-04-24,345047.9302952024,267977.4387111664,267977.4387111664,267977.4387111664,613025.3690063688,0.002475249786537681,0.0981034734255555,0
2023-04-25,345047.9302952024,257287.59297084808,257287.59297084808,257287.59297084808,602335.5232660505,-0.017437852135948506,0.11383061169788618,0
2023-04-26,345047.9302952024,255893.51415395737,255893.51415395737,255893.51415395737,600941.4444491598,-0.0023144555866995153,0.11588161138940414,0
2023-04-27,345047.9302952024,252662.12227582932,252662.12227582932,252662.12227582932,597710.0525710317,-0.005377215880142949,0.12063570682856742,0
2023-04-28,345047.9302952024,243019.19864559174,243019.19864559174,243019.19864559174,588067.1289407942,-0.016133112683580975,0.13482259006021968,0
2023-05-02,345047.9302952024,233631.754683733,233631.754683733,233631.754683733,578679.6849789354,-0.015963218312792127,0.14863360593438443,0
2023-05-03,345047.9302952024,231049.01382231712,231049.01382231712,231049.01382231712,576096.9441175195,-0.004463161449170028,0.152433391603497,0
2023-05-04,345047.9302952024,236394.83092427254,236394.83092427254,236394.83092427254,581442.761219475,0.009279370697139022,0.14456850685366904,0
2023-05-05,345047.9302952024,236899.1031639576,236899.1031639576,236899.1031639576,581947.03345916,0.0008672775263853794,0.14382661034430103,0
2023-05-08,345047.9302952024,242380.3289694786,242380.3289694786,242380.3289694786,587428.259264681,0.009418770936832521,0.13576250930492256,0
2023-05-09,345047.9302952024,245743.81335544586,245743.81335544586,245743.81335544586,590791.7436506483,0.005725778991595654,0.13081407643695145,0
2023-05-10,345047.9302952024,248717.96735477448,248717.96735477448,248717.96735477448,593765.8976499769,0.005034183417917504,0.1264384350734631,0
2023-05-11,345047.9302952024,266381.28809022903,266381.28809022903,266381.28809022903,611429.2183854314,0.0297479542111847,0.10045176563937755,0
2023-05-12,345047.9302952024,264119.3501114845,264119.3501114845,264119.3501114845,609167.280406687,-0.0036994273592575455,0.10377957898854302,0
2023-05-15,345047.9302952024,250184.88798189163,250184.88798189163,250184.88798189163,595232.818277094,-0.02287460698856003,0.1242802688943019,0
2023-05-16,528118.3507913955,66056.91238260269,66056.91238260269,66056.91238260269,594175.2631739982,-0.0017767083242434811,0.12583616743026166,0
2023-05-17,247743.0376178163,347216.590985775,347216.590985775,347216.590985775,594959.6286035914,0.0013200910206243588,0.12468219160433175,0
2023-05-18,247743.0376178163,337640.3379559517,337640.3379559517,337640.3379559517,585383.375573768,-0.016095635013588017,0.1387709875691622,0
2023-05-22,247743.0376178163,326060.95055389404,326060.95055389404,326060.95055389404,573803.9881717104,-0.019780861372614145,0.15580683927413003,0
2023-05-23,247743.0376178163,326932.5101342201,326932.5101342201,326932.5101342201,574675.5477520365,0.0015189151666636924,0.15452458147870982,0
2023-05-24,247743.0376178163,322189.9263458252,322189.9263458252,322189.9263458252,569932.9639636416,-0.008252628473486512,0.16150197599123156,0
2023-05-25,247743.0376178163,322619.0622291565,322619.0622291565,322619.0622291565,570362.0998469729,0.000752958524011138,0.16087062175668773,0
2023-05-26,247743.0376178163,329066.6608777046,329066.6608777046,329066.6608777046,576809.698495521,0.011304395313570081,0.15138477154579505,0
2023-05-29,247743.0376178163,335925.0196492672,335925.0196492672,335925.0196492672,583668.0572670836,0.011890158555674546,0.14129460192671456,0
2023-05-30,247743.0376178163,355728.55811309814,355728.55811309814,355728.55811309814,603471.5957309145,0.03392945393749547,0.11215919667690837,0
2023-05-31,247743.0376178163,349517.9375,349517.9375,349517.9375,597260.9751178164,-0.010291487879518058,0.12129639954324956,0
2023-06-01,247743.0376178163,359066.01249694824,359066.01249694824,359066.01249694824,606809.0501147646,0.015986437076463522,0.10724905972568574,0
2023-06-02,247743.0376178163,373824.51292037964,373824.51292037964,373824.51292037964,621567.550538196,0.02432149029524222,0.08553602639573564,0
2023-06-05,247743.0376178163,391694.21097040176,391694.21097040176,391694.21097040176,639437.2485882181,0.02874940629469691,0.05924573007672369,0
2023-06-06,247743.0376178163,390287.0488190651,390287.0488190651,390287.0488190651,638030.0864368815,-0.0022006258697682135,0.061315978260211804,0
2023-06-07,247743.0376178163,403359.8273897171,403359.8273897171,403359.8273897171,651102.8650075335,0.02048928232155589,0.042083016328051726,0
2023-06-08,247743.0376178163,405212.7945795059,405212.7945795059,405212.7945795059,652955.8321973223,0.002845890087993075,0.03935688987909952,0
2023-06-09,247743.0376178163,407416.98093414307,407416.98093414307,407416.98093414307,655160.0185519594,0.0033757051334080135,0.036114042000891446,0
2023-06-12,247743.0376178163,399811.86474847794,399811.86474847794,399811.86474847794,647554.9023662943,-0.011608028527861025,0.04730285769894979,0
2023-06-13,247743.0376178163,395279.28983688354,395279.28983688354,395279.28983688354,643022.3274546999,-0.0069995221950006625,0.053971282491599736,0
2023-06-14,247743.0376178163,396014.7112197876,396014.7112197876,396014.7112197876,643757.748837604,0.0011436949410685848,0.052889314233279826,0
2023-06-15,247743.0376178163,408492.51465940475,408492.51465940475,408492.51465940475,656235.5522772211,0.01938276232347902,0.0345316929170363,0
2023-06-16,247743.0376178163,407180.9094233513,407180.9094233513,407180.9094233513,654923.9470411676,-0.0019986805522834716,0.03646135564624904,0
2023-06-19,247743.0376178163,394647.43507528305,394647.43507528305,394647.43507528305,642390.4726930994,-0.019137297398716724,0.05490088123840313,0
2023-06-20,247743.0376178163,396198.39021492004,396198.39021492004,396198.39021492004,643941.4278327364,0.0024143495359369993,0.05261908161960652,0
2023-06-21,247743.0376178163,390919.1126155853,390919.1126155853,390919.1126155853,638662.1502334017,-0.008198381671300048,0.06038607197659578,0
2023-06-22,247743.0376178163,402893.18310308456,402893.18310308456,402893.18310308456,650636.2207209009,0.018748677188906937,0.04276955375788413,0
2023-06-23,247743.0376178163,415383.52540683746,415383.52540683746,415383.52540683746,663126.5630246538,0.019197121073145418,0.02439348498647322,0
2023-06-26,247743.0376178163,424845.2158956528,424845.2158956528,424845.2158956528,672588.2535134691,0.014268302638426489,0.010473235974239716,0
2023-06-27,247743.0376178163,423855.225250721,423855.225250721,423855.225250721,671598.2628685373,-0.0014719118862993597,0.011929732180020561,0
2023-07-03,247743.0376178163,438170.7462053299,438170.7462053299,438170.7462053299,685913.7838231463,0.021315601522648775,0.0,0
2023-07-04,247743.0376178163,442573.241294384,442573.241294384,442573.241294384,690316.2789122004,0.006418437991602133,0.0,0
2023-07-05,247743.0376178163,447743.1805062294,447743.1805062294,447743.1805062294,695486.2181240458,0.0074892326456390546,0.0,0
2023-07-06,247743.0376178163,443418.8349561691,443418.8349561691,443418.8349561691,691161.8725739855,-0.006217730038884817,0.00621773003888481,0
2023-07-07,247743.0376178163,447639.7657122612,447639.7657122612,447639.7657122612,695382.8033300776,0.006107007523972197,0.00014869423904206796,0
2023-07-10,247743.0376178163,454989.84276914597,454989.84276914597,454989.84276914597,702732.8803869623,0.010569828620561772,0.0,0
2023-07-11,247743.0376178163,466630.05764579773,466630.05764579773,466630.05764579773,714373.0952636141,0.016564209817878428,0.0,0
2023-07-12,247743.0376178163,474397.9934024811,474397.9934024811,474397.9934024811,722141.0310202974,0.010873779833235231,0.0,0
2023-07-13,247743.0376178163,480168.15171575546,480168.15171575546,480168.15171575546,727911.1893335718,0.007990348235886735,0.0,0
2023-07-14,247743.0376178163,483260.8275885582,483260.8275885582,483260.8275885582,731003.8652063746,0.0042486994541657275,0.0,0
2023-07-17,247743.0376178163,493949.63294124603,493949.63294124603,493949.63294124603,741692.6705590624,0.014622091429940864,0.0,0
2023-07-18,247743.0376178163,471393.5794663429,471393.5794663429,471393.5794663429,719136.6170841593,-0.03041159009688088,0.03041159009688087,0
2023-07-19,247743.0376178163,490412.5676121712,490412.5676121712,490412.5676121712,738155.6052299875,0.026446975016991114,0.004768909643408963,0
2023-07-20,247743.0376178163,500104.09061288834,500104.09061288834,500104.09061288834,747847.1282307047,0.01312937669517189,0.0,0
2023-07-21,247743.0376178163,498848.1868057251,498848.1868057251,498848.1868057251,746591.2244235415,-0.0016793590023331806,0.0016793590023331648,0
2023-07-24,247743.0376178163,499236.5563964844,499236.5563964844,499236.5563964844,746979.5940143007,0.000520190404138754,0.0011600421846325979,0
2023-07-25,247743.0376178163,495471.28832530975,495471.28832530975,495471.28832530975,743214.3259431261,-0.0050406572031505,0.0061948520127891715,0
2023-07-26,247743.0376178163,499543.4459414482,499543.4459414482,499543.4459414482,747286.4835592646,0.005479116149935459,0.0007496781765633393,0
2023-07-27,247743.0376178163,510066.58989048004,510066.58989048004,510066.58989048004,757809.6275082964,0.014081806884705061,0.0,0
2023-07-28,247743.0376178163,535916.2229027748,535916.2229027748,535916.2229027748,783659.2605205912,0.03411098523159328,0.0,0
2023-07-31,247743.0376178163,543349.0953965187,543349.0953965187,543349.0953965187,791092.1330143351,0.00948482697544617,0.0,0
2023-08-01,247743.0376178163,537699.2630929947,537699.2630929947,537699.2630929947,785442.300710811,-0.007141813282855236,0.007141813282855183,0
2023-08-02,247743.0376178163,548209.1776099205,548209.1776099205,548209.1776099205,795952.2152277369,0.013380886804052361,0.0,0
2023-08-03,247743.0376178163,547397.085290432,547397.085290432,547397.085290432,795140.1229082483,-0.001020277730185315,0.0010202777301853109,0
2023-08-04,247743.0376178163,560902.4987006187,560902.4987006187,560902.4987006187,808645.5363184351,0.016984947710587672,0.0,0
2023-08-07,247743.0376178163,573622.6906051636,573622.6906051636,573622.6906051636,821365.7282229799,0.015730244381805036,0.0,0
2023-08-08,247743.0376178163,568620.628733635,568620.628733635,568620.628733635,816363.6663514513,-0.006089932535109033,0.006089932535109004,0
2023-08-09,247743.0376178163,598047.0663485527,598047.0663485527,598047.0663485527,845790.1039663691,0.03604574631111701,0.0,0
2023-08-10,247743.0376178163,589873.4668688774,589873.4668688774,589873.4668688774,837616.5044866938,-0.009663862749569763,0.009663862749569718,0
2023-08-11,247743.0376178163,613105.6202049255,613105.6202049255,613105.6202049255,860848.6578227419,0.02773602622632798,0.0,0
2023-08-14,247743.0376178163,623718.1402201653,623718.1402201653,623718.1402201653,871461.1778379816,0.012327974166888911,0.0,0
2023-08-15,247743.0376178163,619437.071621418,619437.071621418,619437.071621418,867180.1092392344,-0.004912517858074006,0.004912517858073962,0
2023-08-16,247743.0376178163,616682.7302494049,616682.7302494049,616682.7302494049,864425.7678672213,-0.0031762045077687873,0.008073119204477447,0
2023-08-17,778553.7036577244,93086.14886188507,93086.14886188507,93086.14886188507,871639.8525196095,0.008345522450339926,0.0,0
2023-08-18,414421.9833044861,452780.5095014572,452780.5095014572,452780.5095014572,867202.4928059434,-0.005090817842758444,0.005090817842758414,0
2023-08-21,414421.9833044861,462926.781614542,462926.781614542,462926.781614542,877348.7649190282,0.011700003398577907,0.0,0
2023-08-22,414421.9833044861,463256.2955083847,463256.2955083847,463256.2955083847,877678.2788128708,0.00037557913912733554,0.0,0
2023-08-23,414421.9833044861,461169.7613992691,461169.7613992691,461169.7613992691,875591.7447037552,-0.0023773336534405054,0.0023773336534405327,0
2023-08-24,414421.9833044861,461089.9845700264,461089.9845700264,461089.9845700264,875511.9678745125,-9.111190200827846e-05,0.002468228952057938,0
2023-08-25,414421.9833044861,473554.1685295105,473554.1685295105,473554.1685295105,887976.1518339966,0.01423645183256994,0.0,0
2023-08-28,414421.9833044861,480882.35622644424,480882.35622644424,480882.35622644424,895304.3395309304,0.008252685257141623,0.0,0
2023-08-29,414421.9833044861,483738.7617716789,483738.7617716789,483738.7617716789,898160.7450761651,0.0031904296886702266,0.0,0
2023-08-31,414421.9833044861,478993.3890619278,478993.3890619278,478993.3890619278,893415.3723664139,-0.005283433656799064,0.0052834336567990576,0
2023-09-01,414421.9833044861,486090.53811740875,486090.53811740875,486090.53811740875,900512.5214218949,0.007943840317726547,0.0,0
2023-09-04,414421.9833044861,493549.27811956406,493549.27811956406,493549.27811956406,907971.2614240502,0.008282772115570491,0.0,0
2023-09-05,414421.9833044861,501636.2958626747,501636.2958626747,501636.2958626747,916058.2791671609,0.008906689106466859,0.0,0
2023-09-06,414421.9833044861,499953.6473054886,499953.6473054886,499953.6473054886,914375.6306099747,-0.0018368357073481612,0.0018368357073481345,0
2023-09-07,414421.9833044861,513197.3770804405,513197.3770804405,513197.3770804405,927619.3603849267,0.014483905007526499,0.0,0
2023-09-08,414421.9833044861,516348.34566783905,516348.34566783905,516348.34566783905,930770.3289723252,0.003396833574162317,0.0,0
2023-09-11,414421.9833044861,503893.3642106056,503893.3642106056,503893.3642106056,918315.3475150918,-0.013381369248185115,0.01338136924818513,0
2023-09-12,414421.9833044861,499707.42768001556,499707.42768001556,499707.42768001556,914129.4109845017,-0.004558277874715855,0.017878651123523593,0
2023-09-13,414421.9833044861,496872.01988983154,496872.01988983154,496872.01988983154,911294.0031943177,-0.0031017575368572636,0.020924953419509573,0
2023-09-14,414421.9833044861,500812.60956954956,500812.60956954956,500812.60956954956,915234.5928740357,0.00432416944027425,0.016691267023351167,0
2023-09-15,414421.9833044861,494863.03448581696,494863.03448581696,494863.03448581696,909285.0177903031,-0.0065006011901819205,0.02308336494325543,0
2023-09-18,414421.9833044861,486010.3547568321,486010.3547568321,486010.3547568321,900432.3380613183,-0.009735868903347988,0.03259449723166774,0
2023-09-19,414421.9833044861,489896.0486268997,489896.0486268997,489896.0486268997,904318.0319313859,0.004315364637429209,0.02841978973496677,0
2023-09-20,414421.9833044861,489948.95541906357,489948.95541906357,489948.95541906357,904370.9387235497,5.850463033540976e-05,0.028362947793923954,0
2023-09-21,414421.9833044861,504307.46743917465,504307.46743917465,504307.46743917465,918729.4507436608,0.015876795024370116,0.012936465477964771,0
2023-09-22,414421.9833044861,508170.90632247925,508170.90632247925,508170.90632247925,922592.8896269654,0.004205197602163979,0.008785668269409288,0
2023-09-25,414421.9833044861,524198.1053099632,524198.1053099632,524198.1053099632,938620.0886144494,0.017371908203155817,0.0,0
2023-09-26,414421.9833044861,530254.2892789841,530254.2892789841,530254.2892789841,944676.2725834702,0.0064522207040771384,0.0,0
2023-09-27,414421.9833044861,530357.8937988281,530357.8937988281,530357.8937988281,944779.8771033143,0.00010967198272138212,0.0,0
2023-09-28,414421.9833044861,531701.7810988426,531701.7810988426,531701.7810988426,946123.7644033288,0.0014224342966902004,0.0,0
2023-09-29,414421.9833044861,544550.0843977928,544550.0843977928,544550.0843977928,958972.067702279,0.013579939308524747,0.0,0
2023-10-02,414421.9833044861,569614.7296829224,569614.7296829224,569614.7296829224,984036.7129874085,0.026136992024371475,0.0,0
2023-10-03,414421.9833044861,567736.0179643631,567736.0179643631,567736.0179643631,982158.0012688492,-0.0019091886448583395,0.0019091886448583191,0
2023-10-04,414421.9833044861,568057.1061592102,568057.1061592102,568057.1061592102,982479.0894636963,0.00032692112107457483,0.0015828916778759343,0
2023-10-05,414421.9833044861,584186.971616745,584186.971616745,584186.971616745,998608.9549212311,0.016417515273876804,0.0,0
2023-10-06,414421.9833044861,585777.151391983,585777.151391983,585777.151391983,1000199.1346964692,0.001592394868282998,0.0,0
2023-10-09,414421.9833044861,567619.1689066887,567619.1689066887,567619.1689066887,982041.1522111748,-0.01815436732086828,0.018154367320868312,0
2023-10-10,414421.9833044861,584399.7821969986,584399.7821969986,584399.7821969986,998821.7655014847,0.01708748482945599,0.0013770949675960546,0
2023-10-11,414421.9833044861,568429.9459519386,568429.9459519386,568429.9459519386,982851.9292564248,-0.015988674653121815,0.017343751697314523,0
2023-10-12,414421.9833044861,563779.0369410515,563779.0369410515,563779.0369410515,978201.0202455376,-0.00473205461824322,0.021993734735240824,0
2023-10-13,414421.9833044861,549818.9266924858,549818.9266924858,549818.9266924858,964240.909996972,-0.014271208023338144,0.03595106559496223,0
2023-10-16,414421.9833044861,535242.101662159,535242.101662159,535242.101662159,949664.0849666451,-0.015117409849756958,0.05052498845158465,0
2023-10-17,414421.9833044861,544345.3110361099,544345.3110361099,544345.3110361099,958767.2943405961,0.009585715115540738,0.04142359148155676,0
2023-10-18,414421.9833044861,524107.84672927856,524107.84672927856,524107.84672927856,938529.8300337647,-0.021107795839813148,0.06165702660942541,0
2023-10-19,414421.9833044861,525412.342004776,525412.342004776,525412.342004776,939834.3253092621,0.0013899348041506165,0.060352791052479725,0
2023-10-20,414421.9833044861,505558.2239327431,505558.2239327431,505558.2239327431,919980.2072372292,-0.021125125500709663,0.08020295626788762,0
2023-10-23,414421.9833044861,525788.2496109009,525788.2496109009,525788.2496109009,940210.232915387,0.021989631427952183,0.05997695828769839,0
2023-10-24,414421.9833044861,549007.7171463966,549007.7171463966,549007.7171463966,963429.7004508828,0.02469603788877861,0.036762113633246475,0
2023-10-25,414421.9833044861,509814.77989530563,509814.77989530563,509814.77989530563,924236.7631997918,-0.04068064045850861,0.07594724776454613,0
2023-10-26,414421.9833044861,527451.0535907745,527451.0535907745,527451.0535907745,941873.0368952607,0.01908198677837758,0.058314485363865805,0
2023-10-27,414421.9833044861,534459.8697147369,534459.8697147369,534459.8697147369,948881.8530192231,0.0074413597686859845,0.051307064660498204,0
2023-10-30,414421.9833044861,526341.2462410927,526341.2462410927,526341.2462410927,940763.2295455788,-0.00855598981876593,0.059424071756398175,0
2023-10-31,414421.9833044861,511658.06825494766,511658.06825494766,511658.06825494766,926080.0515594338,-0.015607729474330645,0.07410432639449176,0
2023-11-01,414421.9833044861,512318.85367536545,512318.85367536545,512318.85367536545,926740.8369798516,0.0007135294830129535,0.07344367253318011,0
2023-11-02,414421.9833044861,521600.8891954422,521600.8891954422,521600.8891954422,936022.8724999283,0.010015783431240433,0.06416348502042689,0
2023-11-03,414421.9833044861,523048.48653125763,523048.48653125763,523048.48653125763,937470.4698357438,0.0015465405582977265,0.06271617589407504,0
2023-11-06,414421.9833044861,535694.6689739227,535694.6689739227,535694.6689739227,950116.6522784089,0.013489686181668015,0.05007251124373233,0
2023-11-07,414421.9833044861,533052.7876701355,533052.7876701355,533052.7876701355,947474.7709746216,-0.002780586254805595,0.05271386656202999,0
2023-11-08,414421.9833044861,531728.5953330994,531728.5953330994,531728.5953330994,946150.5786375855,-0.0013976016856617202,0.054037795258926914,0
2023-11-09,414421.9833044861,531761.9661445618,531761.9661445618,531761.9661445618,946183.9494490479,3.527008513848351e-05,0.054004431091427885,0
2023-11-10,414421.9833044861,529359.2716207504,529359.2716207504,529359.2716207504,943781.2549252366,-0.002539352443264753,0.0564066472506535,0
2023-11-13,414421.9833044861,519419.4358935356,519419.4358935356,519419.4358935356,933841.4191980218,-0.010531927472963276,0.06634450400577983,0
2023-11-14,414421.9833044861,520413.6874575615,520413.6874575615,520413.6874575615,934835.6707620476,0.001064689939411556,0.06535045039231854,0
2023-11-15,841469.5086413521,93498.24978733063,93498.24978733063,93498.24978733063,934967.7584286827,0.00014129506475435427,0.06521838902368404,0
2023-11-16,470731.7983765593,465350.8190860748,465350.8190860748,465350.8190860748,936082.6174626341,0.001192403720771118,0.06410375195264745,0
2023-11-17,470731.7983765593,471733.9490776062,471733.9490776062,471733.9490776062,942465.7474541655,0.006818981436524929,0.05772189281069921,0
2023-11-20,470731.7983765593,479532.0378923416,479532.0378923416,479532.0378923416,950263.8362689009,0.008274134986655968,0.04992535655684422,0
2023-11-21,470731.7983765593,484072.6204433441,484072.6204433441,484072.6204433441,954804.4188199034,0.004778233557567013,0.04538567801335054,0
2023-11-22,470731.7983765593,485184.7855195999,485184.7855195999,485184.7855195999,955916.5838961592,0.001164809309984527,0.04427373436365592,0
2023-11-23,470731.7983765593,482351.4767560959,482351.4767560959,482351.4767560959,953083.2751326552,-0.0029639707179844876,0.04710647902941076,0
2023-11-24,470731.7983765593,484656.49064064026,484656.49064064026,484656.49064064026,955388.2890171995,0.0024184810967577963,0.04480192406172037,0
2023-11-27,470731.7983765593,491063.1484975815,491063.1484975815,491063.1484975815,961794.9468741408,0.006705815772068746,0.038396541738643826,0
2023-11-28,470731.7983765593,491480.6579208374,491480.6579208374,491480.6579208374,962212.4562973967,0.0004340940078888522,0.03797911543944729,0
2023-11-29,470731.7983765593,481971.97113513947,481971.97113513947,481971.97113513947,952703.7695116987,-0.00988210734902295,0.0474859090926767,0
2023-11-30,470731.7983765593,479520.16805267334,479520.16805267334,479520.16805267334,950251.9664292326,-0.0025735209211177335,0.049937224033286175,0
2023-12-01,470731.7983765593,480263.97310352325,480263.97310352325,480263.97310352325,950995.7714800825,0.0007827450793340684,0.04919356707033985,0
2023-12-04,470731.7983765593,478648.2688674927,478648.2688674927,478648.2688674927,949380.067244052,-0.0016989604838263395,0.0508089496276552,0
2023-12-05,470731.7983765593,481840.82563209534,481840.82563209534,481840.82563209534,952572.6240086546,0.003362780486713124,0.047617028485300375,0
2023-12-06,470731.7983765593,471304.243932724,471304.243932724,471304.243932724,942036.0423092833,-0.011061184663307744,0.05815151240341422,0
2023-12-07,470731.7983765593,476570.7161798477,476570.7161798477,476570.7161798477,947302.514556407,0.005590520967980739,0.05288608868484448,0
2023-12-08,470731.7983765593,479917.28450775146,479917.28450775146,479917.28450775146,950649.0828843107,0.0035327345557303325,0.04954018664212843,0
2023-12-11,470731.7983765593,464211.6711740494,464211.6711740494,464211.6711740494,934943.4695506087,-0.016520936712052126,0.0652426730659627,0
2023-12-12,470731.7983765593,457243.3234167099,457243.3234167099,457243.3234167099,927975.1217932692,-0.007453228975104698,0.07220963345975884,0
2023-12-13,470731.7983765593,448329.0289297104,448329.0289297104,448329.0289297104,919060.8273062697,-0.0096061783097946,0.08112215315485409,0
2023-12-14,470731.7983765593,460341.4462862015,460341.4462862015,460341.4462862015,931073.2446627608,0.0130703180894991,0.06911212741119405,0
2023-12-15,470731.7983765593,469912.1376590729,469912.1376590729,469912.1376590729,940643.9360356322,0.010279203518878788,0.05954334151559755,0
2023-12-18,470731.7983765593,452169.6782474518,452169.6782474518,452169.6782474518,922901.4766240111,-0.01886203560339439,0.07728226849137963,0
2023-12-19,470731.7983765593,453909.8769893646,453909.8769893646,453909.8769893646,924641.6753659239,0.0018855736890557306,0.07554241621442187,0
2023-12-20,470731.7983765593,452453.6695203781,452453.6695203781,452453.6695203781,923185.4678969374,-0.0015748884219503045,0.07699833375970991,0
2023-12-21,470731.7983765593,461496.82907295227,461496.82907295227,461496.82907295227,932228.6274495116,0.009795604314672524,0.06795697465543665,0
2023-12-22,470731.7983765593,457089.62331676483,457089.62331676483,457089.62331676483,927821.4216933241,-0.004727601820430194,0.07236330295877486,0
2023-12-25,470731.7983765593,441246.00136852264,441246.00136852264,441246.00136852264,911977.7997450819,-0.017076154503230523,0.08820377052031725,0
2023-12-26,470731.7983765593,442661.57949543,442661.57949543,442661.57949543,913393.3778719893,0.0015522067832167696,0.08678847422800749,0
2023-12-27,470731.7983765593,440050.03792858124,440050.03792858124,440050.03792858124,910781.8363051405,-0.002859164112764989,0.0893994958498581,0
2023-12-28,470731.7983765593,456271.9007091522,456271.9007091522,456271.9007091522,927003.6990857115,0.01781092039162724,0.07318086276186424,0
2023-12-29,470731.7983765593,467150.7712106705,467150.7712106705,467150.7712106705,937882.5695872298,0.01173552005482592,0.06230415818960957,0
2024-01-02,470731.7983765593,479607.66837501526,479607.66837501526,479607.66837501526,950339.4667515745,0.013281936959151697,0.04984974113182528,0
2024-01-03,470731.7983765593,470117.9291124344,470117.9291124344,470117.9291124344,940849.7274889937,-0.009985631024057584,0.05933759103429568,0
2024-01-04,470731.7983765593,481541.0666036606,481541.0666036606,481541.0666036606,952272.8649802199,0.012141298612811546,0.047916727833196456,0
2024-01-05,470731.7983765593,489395.1144094467,489395.1144094467,489395.1144094467,960126.912786006,0.008247686240591579,0.04006424372944885,0
2024-01-08,470731.7983765593,495631.4851846695,495631.4851846695,495631.4851846695,966363.2835612288,0.006495360865499178,0.03382911458477574,0
2024-01-09,470731.7983765593,488598.2920150757,488598.2920150757,488598.2920150757,959330.090391635,-0.007278001233320008,0.040860907480425646,0
2024-01-10,470731.7983765593,497345.43289375305,497345.43289375305,497345.43289375305,968077.2312703123,0.009117967805123639,0.03211550811419657,0
2024-01-11,470731.7983765593,497770.34390449524,497770.34390449524,497770.34390449524,968502.1422810545,0.0004389226365593135,0.0316906817011332,0
2024-01-12,470731.7983765593,510344.01734638214,510344.01734638214,510344.01734638214,981075.8157229414,0.01298259744916308,0.01911951161538559,0
2024-01-15,470731.7983765593,515813.8723926544,515813.8723926544,515813.8723926544,986545.6707692137,0.005575364267074168,0.0136507455901758,0
2024-01-16,470731.7983765593,517579.54863739014,517579.54863739014,517579.54863739014,988311.3470139494,0.0017897562140827272,0.011885420882839847,0
2024-01-17,470731.7983765593,516074.8445549011,516074.8445549011,516074.8445549011,986806.6429314604,-0.0015225000573303449,0.013389825386194718,0
2024-01-18,470731.7983765593,519802.7089242935,519802.7089242935,519802.7089242935,990534.5073008528,0.003777704980094443,0.00966270321614436,0
2024-01-19,470731.7983765593,519949.0459537506,519949.0459537506,519949.0459537506,990680.8443303099,0.0001477354179773016,0.009516395321665426,0
2024-01-22,470731.7983765593,521506.1590824127,521506.1590824127,521506.1590824127,992237.957458972,0.0015717606104665993,0.007959592206519114,0
2024-01-23,470731.7983765593,518065.35913848877,518065.35913848877,518065.35913848877,988797.157515048,-0.003467716506971308,0.011399707104207093,0
2024-01-24,470731.7983765593,521623.4234380722,521623.4234380722,521623.4234380722,992355.2218146315,0.003598376342955234,0.007842351197612351,0
2024-01-25,470731.7983765593,528455.0242261887,528455.0242261887,528455.0242261887,999186.8226027479,0.006884229193276248,0.0010121105473945883,0
2024-01-26,470731.7983765593,547762.0644207001,547762.0644207001,547762.0644207001,1018493.8627972594,0.019322753020520445,0.0,0
2024-01-29,470731.7983765593,557224.7774066925,557224.7774066925,557224.7774066925,1027956.5757832518,0.00929088856755933,0.0,0
2024-01-30,470731.7983765593,556826.6536798477,556826.6536798477,556826.6536798477,1027558.452056407,-0.0003872962498843169,0.0003872962498843272,0
2024-01-31,470731.7983765593,558972.7187614441,558972.7187614441,558972.7187614441,1029704.5171380034,0.002088509006277439,0.0,0
2024-02-01,470731.7983765593,572846.0268621445,572846.0268621445,572846.0268621445,1043577.8252387038,0.013473096281310326,0.0,0
2024-02-02,470731.7983765593,568855.9468975067,568855.9468975067,568855.9468975067,1039587.745274066,-0.003823461813904583,0.003823461813904566,0
2024-02-05,470731.7983765593,580931.8438110352,580931.8438110352,580931.8438110352,1051663.6421875944,0.011616043925512853,0.0,0
2024-02-06,470731.7983765593,581846.7093820572,581846.7093820572,581846.7093820572,1052578.5077586165,0.0008699222206816071,0.0,0
2024-02-07,470731.7983765593,577944.2648172379,577944.2648172379,577944.2648172379,1048676.0631937971,-0.0037075092604059723,0.0037075092604059398,0
2024-02-08,470731.7983765593,585769.1163845062,585769.1163845062,585769.1163845062,1056500.9147610655,0.00746164792151105,0.0,0
2024-02-09,470731.7983765593,591774.2520694733,591774.2520694733,591774.2520694733,1062506.0504460325,0.005683985315171336,0.0,0
2024-02-12,470731.7983765593,597324.7349700928,597324.7349700928,597324.7349700928,1068056.533346652,0.005223954158462885,0.0,0
2024-02-13,947263.609441026,111341.86475753784,111341.86475753784,111341.86475753784,1058605.474198564,-0.00884883791541835,0.008848837915418312,0
2024-02-14,536653.0717676427,524199.83660030365,524199.83660030365,524199.83660030365,1060852.9083679463,0.002123013931213391,0.006744610190374391,0
2024-02-15,536653.0717676427,532915.2920570374,532915.2920570374,532915.2920570374,1069568.36382468,0.00821551733325765,0.0,0
2024-02-16,536653.0717676427,534237.3232312202,534237.3232312202,534237.3232312202,1070890.3949988629,0.0012360417705843396,0.0,0
2024-02-19,536653.0717676427,531663.5013742447,531663.5013742447,531663.5013742447,1068316.5731418873,-0.0024034409767754727,0.0024034409767754884,0
2024-02-20,536653.0717676427,540748.5445919037,540748.5445919037,540748.5445919037,1077401.6163595463,0.008504074022684271,0.0,0
2024-02-21,536653.0717676427,550891.1916584969,550891.1916584969,550891.1916584969,1087544.2634261395,0.009413989094303021,0.0,0
2024-02-22,536653.0717676427,556921.869184494,556921.869184494,556921.869184494,1093574.9409521366,0.005545224896868595,0.0,0
2024-02-23,536653.0717676427,563293.5267572403,563293.5267572403,563293.5267572403,1099946.598524883,0.005826448041319043,0.0,0
2024-02-26,536653.0717676427,561028.2075910568,561028.2075910568,561028.2075910568,1097681.2793586995,-0.00205948104137188,0.0020594810413718696,0
2024-02-27,536653.0717676427,550564.5016489029,550564.5016489029,550564.5016489029,1087217.5734165455,-0.009532553883279449,0.011572402810652855,0
2024-02-28,536653.0717676427,545720.169608593,545720.169608593,545720.169608593,1082373.2413762356,-0.004455715358874124,0.015976554836584427,0
2024-02-29,536653.0717676427,558539.9536004066,558539.9536004066,558539.9536004066,1095193.0253680493,0.011844143500363558,0.004321639944346911,0
2024-03-01,536653.0717676427,548740.5037727356,548740.5037727356,548740.5037727356,1085393.5755403782,-0.008947691959942716,0.013230663201305842,0
2024-03-04,536653.0717676427,531935.6673851013,531935.6673851013,531935.6673851013,1068588.739152744,-0.015482712231153384,0.02850852888148606,0
2024-03-05,536653.0717676427,533442.7395362854,533442.7395362854,533442.7395362854,1070095.811303928,0.0014103387916841736,0.027138396773977218,0
2024-03-06,536653.0717676427,519862.0183825493,519862.0183825493,519862.0183825493,1056515.090150192,-0.012691126355487525,0.03948510630692087,0
2024-03-07,536653.0717676427,537441.4355463982,537441.4355463982,537441.4355463982,1074094.5073140408,0.016639059231373432,0.023503042098145376,0
2024-03-08,536653.0717676427,545491.391067028,545491.391067028,545491.391067028,1082144.4628346707,0.0074946435958975766,0.016184545426192826,0
2024-03-11,536653.0717676427,546800.1819143295,546800.1819143295,546800.1819143295,1083453.2536819722,0.001209441892696228,0.014994677800749302,0
2024-03-12,536653.0717676427,543870.760766983,543870.760766983,543870.760766983,1080523.8325346257,-0.0027037817620568783,0.01765791722644059,0
2024-03-13,536653.0717676427,538602.107673645,538602.107673645,538602.107673645,1075255.1794412876,-0.00487601747846611,0.02244783439187726,0
2024-03-14,536653.0717676427,535569.5325446129,535569.5325446129,535569.5325446129,1072222.6043122555,-0.002820330640590729,0.025204854717317662,0
2024-03-15,536653.0717676427,529288.7334194183,529288.7334194183,529288.7334194183,1065941.805187061,-0.0058577380293368675,0.030914949310653018,0
2024-03-18,536653.0717676427,519376.1226744652,519376.1226744652,519376.1226744652,1056029.1944421078,-0.009299392046279276,0.039926851123201705,0
2024-03-19,536653.0717676427,527549.8278603554,527549.8278603554,527549.8278603554,1064202.899627998,0.0077400371399849455,0.03249584929379308,0
2024-03-20,536653.0717676427,530088.1928324699,530088.1928324699,530088.1928324699,1066741.2646001126,0.00238522651366746,0.030188132741445252,0
2024-03-21,536653.0717676427,526218.7894144058,526218.7894144058,526218.7894144058,1062871.8611820485,-0.0036273120263278225,0.03370594299082763,0
2024-03-22,536653.0717676427,519224.39825439453,519224.39825439453,519224.39825439453,1055877.4700220372,-0.006580653242840295,0.0400647891106223,0
2024-03-25,536653.0717676427,515073.00564956665,515073.00564956665,515073.00564956665,1051726.0774172093,-0.003931699200610095,0.04383896561191357,0
2024-03-26,536653.0717676427,507048.75758600235,507048.75758600235,507048.75758600235,1043701.8293536451,-0.007629598843141627,0.05113409073373798,0
2024-03-27,536653.0717676427,502459.5407805443,502459.5407805443,502459.5407805443,1039112.612548187,-0.004397057355260303,0.05530630855923294,0
2024-03-28,536653.0717676427,511447.2466621399,511447.2466621399,511447.2466621399,1048100.3184297826,0.008649405052985948,0.04713527017096133,0
2024-03-29,536653.0717676427,518075.6329936981,518075.6329936981,518075.6329936981,1054728.7047613407,0.006324190743008717,0.041109171867237025,0
2024-04-01,536653.0717676427,513719.0955924988,513719.0955924988,513719.0955924988,1050372.1673601414,-0.004130481498732963,0.04506985269214417,0
2024-04-02,536653.0717676427,502069.1492986679,502069.1492986679,502069.1492986679,1038722.2210663107,-0.011091255705213632,0.0556612271365529,0
2024-04-03,536653.0717676427,493879.1814541817,493879.1814541817,493879.1814541817,1030532.2532218244,-0.007884656434979043,0.06310701391881092,0
2024-04-04,536653.0717676427,506347.3206372261,506347.3206372261,506347.3206372261,1043000.3924048688,0.012098737467036491,0.05177179164550673,0
2024-04-05,536653.0717676427,536729.1777234077,536729.1777234077,536729.1777234077,1073382.2494910504,0.029129286342960414,0.02415058064587634,0
2024-04-08,536653.0717676427,551393.3459973335,551393.3459973335,551393.3459973335,1088046.4177649762,0.013661645961519087,0.010818871366906239,0
2024-04-09,536653.0717676427,420547.8572401972,420547.8572401972,420547.8572401972,957200.9290078399,-0.1202572671724007,0.12977509063483308,0
2024-04-15,536653.0717676427,543297.5870108604,543297.5870108604,543297.5870108604,1079950.658778503,0.12823820584659895,0.018179009574824833,0
2024-04-16,536653.0717676427,530466.0622644424,530466.0622644424,530466.0622644424,1067119.134032085,-0.01188158425768393,0.02984459839852419,0
2024-04-17,536653.0717676427,533145.3348593712,533145.3348593712,533145.3348593712,1069798.4066270138,0.0025107530260517485,0.02740877778821287,0
2024-04-18,536653.0717676427,530750.5091958046,530750.5091958046,530750.5091958046,1067403.5809634472,-0.00223857658483273,0.029585997724870017,0
2024-04-19,536653.0717676427,535872.7745232582,535872.7745232582,535872.7745232582,1072525.8462909008,0.004798808453340797,0.024929166807511862,0
2024-04-22,536653.0717676427,534975.7839136124,534975.7839136124,534975.7839136124,1071628.855681255,-0.0008363347258696363,0.025744652405493416,0
2024-04-24,536653.0717676427,538885.9145970345,538885.9145970345,538885.9145970345,1075538.986364677,0.0036487732321619504,0.02218981557189996,0
2024-04-25,536653.0717676427,542012.8774647713,542012.8774647713,542012.8774647713,1078665.949232414,0.002907344975290993,0.019346984045414652,0
2024-04-26,536653.0717676427,554132.2185230255,554132.2185230255,554132.2185230255,1090785.2902906681,0.01123549053057471,0.008328866370877309,0
2024-04-29,536653.0717676427,561936.0871753693,561936.0871753693,561936.0871753693,1098589.158943012,0.0071543581691171365,0.001234095894920234,0
2024-04-30,536653.0717676427,555026.4080553055,555026.4080553055,555026.4080553055,1091679.479822948,-0.006289593396963666,0.0075159273304919415,0
2024-05-02,536653.0717676427,565771.2342681885,565771.2342681885,565771.2342681885,1102424.306035831,0.009842473373801619,0.0,0
2024-05-03,536653.0717676427,576445.8499965668,576445.8499965668,576445.8499965668,1113098.9217642094,0.009682855929367795,0.0,0
2024-05-06,536653.0717676427,574263.5685453415,574263.5685453415,574263.5685453415,1110916.6403129841,-0.0019605458316017677,0.001960545831601802,0
2024-05-07,536653.0717676427,570152.4084720612,570152.4084720612,570152.4084720612,1106805.4802397038,-0.003700691774787046,0.0056539822305557595,0
2024-05-08,536653.0717676427,566274.4291000366,566274.4291000366,566274.4291000366,1102927.5008676792,-0.0035037587374293633,0.009137930778343517,0
2024-05-09,536653.0717676427,572464.9980220795,572464.9980220795,572464.9980220795,1109118.069789722,0.005612852084269093,0.003576368547889564,0
2024-05-10,536653.0717676427,573901.3946886063,573901.3946886063,573901.3946886063,1110554.466456249,0.0012950800330924217,0.0022859201982943873,0
2024-05-13,536653.0717676427,557026.9174747467,557026.9174747467,557026.9174747467,1093679.9892423893,-0.015194641706953504,0.017445828166864068,0
2024-05-14,536653.0717676427,560358.2790784836,560358.2790784836,560358.2790784836,1097011.3508461262,0.003046011298098783,0.01445295705846624,0
2024-05-15,536653.0717676427,559762.6994419098,559762.6994419098,559762.6994419098,1096415.7712095524,-0.0005429110976057361,0.014988021485291688,0
2024-05-16,536653.0717676427,567928.4135570526,567928.4135570526,567928.4135570526,1104581.4853246952,0.007447643794957992,0.0076520031355474,0
2024-05-17,1026253.6355754508,95278.57525634766,95278.57525634766,95278.57525634766,1121532.2108317986,0.015345835261868945,0.0,0
2024-05-20,609335.6859598237,512109.3257856369,512109.3257856369,512109.3257856369,1121445.0117454606,-7.774996161136194e-05,7.77499616113357e-05,0
2024-05-21,609335.6859598237,510397.78696250916,510397.78696250916,510397.78696250916,1119733.4729223328,-0.0015261905891077454,0.001603821889459366,0
2024-05-22,609335.6859598237,516128.451625824,516128.451625824,516128.451625824,1125464.1375856476,0.005117882783622241,0.0,0
2024-05-23,609335.6859598237,513167.3138151169,513167.3138151169,513167.3138151169,1122502.9997749405,-0.002631037020032756,0.0026310370200327685,0
2024-05-24,609335.6859598237,503690.71246147156,503690.71246147156,503690.71246147156,1113026.3984212952,-0.008442383989660018,0.011051208784878681,0
2024-05-27,609335.6859598237,505795.3097844124,505795.3097844124,505795.3097844124,1115130.995744236,0.0018908781731736823,0.009181227101183614,0
2024-05-28,609335.6859598237,511523.9738483429,511523.9738483429,511523.9738483429,1120859.6598081666,0.005137211758791782,0.00409118125021614,0
2024-05-29,609335.6859598237,501677.61543893814,501677.61543893814,501677.61543893814,1111013.3013987618,-0.00878464874995144,0.012839890409911998,0
2024-05-30,609335.6859598237,496690.58496284485,496690.58496284485,496690.58496284485,1106026.2709226685,-0.004488722565080594,0.01727097826917644,0
2024-05-31,609335.6859598237,489536.0901041031,489536.0901041031,489536.0901041031,1098871.7760639268,-0.006468648211017003,0.023627906597510052,0
2024-06-03,609335.6859598237,495635.5397248268,495635.5397248268,495635.5397248268,1104971.2256846505,0.00555064726711918,0.01820840950557401,0
2024-06-04,609335.6859598237,492613.6942541599,492613.6942541599,492613.6942541599,1101949.3802139836,-0.002734772997183277,0.020893386636119782,0
2024-06-05,609335.6859598237,488716.595359087,488716.595359087,488716.595359087,1098052.2813189107,-0.0035365498316412003,0.02435604596477064,0
2024-06-06,609335.6859598237,491517.657078743,491517.657078743,491517.657078743,1100853.3430385666,0.0025509365695151054,0.02186724012359578,0
2024-06-07,609335.6859598237,485122.31638884544,485122.31638884544,485122.31638884544,1094458.002348669,-0.005809439313909981,0.027549643033045083,0
2024-06-10,609335.6859598237,476631.09344506264,476631.09344506264,476631.09344506264,1085966.7794048863,-0.0077583817063431315,0.03509428409286439,0
2024-06-11,609335.6859598237,479040.5617928505,479040.5617928505,479040.5617928505,1088376.2477526742,0.0022187311743626648,0.032953417700660494,0
2024-06-12,609335.6859598237,481970.9351861477,481970.9351861477,481970.9351861477,1091306.6211459714,0.002692426814116855,0.030349715551977685,0
2024-06-13,609335.6859598237,503775.584461689,503775.584461689,503775.584461689,1113111.2704215127,0.01998031428843028,0.010975798118840484,0
2024-06-14,609335.6859598237,506380.5637805462,506380.5637805462,506380.5637805462,1115716.2497403699,0.0023402685680029567,0.008661215866183895,0
2024-06-20,609335.6859598237,515328.0714714527,515328.0714714527,515328.0714714527,1124663.7574312764,0.008019519024652144,0.0007111556269471561,0
2024-06-21,609335.6859598237,514685.6821424961,514685.6821424961,514685.6821424961,1124021.3681023198,-0.0005711834534650739,0.0012819328800852804,0
2024-06-24,609335.6859598237,514347.9271290302,514347.9271290302,514347.9271290302,1123683.613088854,-0.0003004880717135672,0.0015820357462596176,0
2024-06-25,609335.6859598237,511122.805521965,511122.805521965,511122.805521965,1120458.4914817887,-0.0028701331669327423,0.004447628259925803,0
2024-06-26,609335.6859598237,500400.5745074749,500400.5745074749,500400.5745074749,1109736.2604672986,-0.009569503106099164,0.013974569773576802,0
2024-06-27,609335.6859598237,506092.62187862396,506092.62187862396,506092.62187862396,1115428.3078384476,0.00512918931634454,0.008917058671215356,0
2024-06-28,609335.6859598237,506883.53537511826,506883.53537511826,506883.53537511826,1116219.221334942,0.0007090670829639212,0.008214314381032138,0
2024-07-01,609335.6859598237,493408.98797774315,493408.98797774315,493408.98797774315,1102744.6739375668,-0.012071595919357359,0.020186750416427087,0
2024-07-02,609335.6859598237,498198.2181866169,498198.2181866169,498198.2181866169,1107533.9041464406,0.004343009149863297,0.015931412508328448,0
2024-07-03,609335.6859598237,506744.0228369236,506744.0228369236,506744.0228369236,1116079.7087967473,0.007716065953658369,0.008338274384319262,0
2024-07-04,609335.6859598237,514267.6493139267,514267.6493139267,514267.6493139267,1123603.3352737504,0.006741119310478716,0.0016533643763088552,0
2024-07-05,609335.6859598237,513641.6390738487,513641.6390738487,513641.6390738487,1122977.3250336724,-0.0005571452312621572,0.0022095884434931664,0
2024-07-08,609335.6859598237,513497.6859483719,513497.6859483719,513497.6859483719,1122833.3719081955,-0.000128188808685481,0.0023374940076683576,0
2024-07-09,609335.6859598237,508758.12315416336,508758.12315416336,508758.12315416336,1118093.809113987,-0.004221074037151107,0.006548701309551708,0
2024-07-10,609335.6859598237,507832.97427654266,507832.97427654266,507832.97427654266,1117168.6602363663,-0.0008274340400415969,0.007370716731211728,0
2024-07-11,609335.6859598237,516594.34418821335,516594.34418821335,516594.34418821335,1125930.030148037,0.007842477347884902,0.0,0
2024-07-12,609335.6859598237,519306.4807343483,519306.4807343483,519306.4807343483,1128642.166694172,0.0024087967045149927,0.0,0
2024-07-16,609335.6859598237,525635.7985444069,525635.7985444069,525635.7985444069,1134971.4845042306,0.005607904787570783,0.0,0
2024-07-17,609335.6859598237,527833.0217857361,527833.0217857361,527833.0217857361,1137168.7077455597,0.0019359281456212685,0.0,0
2024-07-18,609335.6859598237,526777.691836834,526777.691836834,526777.691836834,1136113.3777966576,-0.0009280328782474978,0.0009280328782475248,0
2024-07-19,609335.6859598237,527887.2647719383,527887.2647719383,527887.2647719383,1137222.950731762,0.0009766392657537537,0.0,0
2024-07-22,609335.6859598237,531066.4145214558,531066.4145214558,531066.4145214558,1140402.1004812794,0.0027955378032704647,0.0,0
2024-07-23,609335.6859598237,526806.6361470222,526806.6361470222,526806.6361470222,1136142.322106846,-0.0037353301722574672,0.0037353301722574694,0
2024-07-24,609335.6859598237,524527.9744429588,524527.9744429588,524527.9744429588,1133863.6604027825,-0.0020056129058179106,0.005733451451674406,0
2024-07-25,609335.6859598237,524511.0867147446,524511.0867147446,524511.0867147446,1133846.7726745682,-1.4893967241413897e-05,0.005748260025077714,0
2024-07-26,609335.6859598237,524653.2334854603,524653.2334854603,524653.2334854603,1133988.919445284,0.00012536682569597168,0.005623613840494466,0
2024-07-29,609335.6859598237,513933.8269355297,513933.8269355297,513933.8269355297,1123269.5128953534,-0.009452831827646224,0.01502328659224291,0
2024-07-30,609335.6859598237,509984.9646041393,509984.9646041393,509984.9646041393,1119320.650563963,-0.00351550744149709,0.018485979557929185,0
2024-07-31,609335.6859598237,501450.08679771423,501450.08679771423,501450.08679771423,1110785.772757538,-0.0076250516794493794,0.02597007468790409,0
2024-08-01,609335.6859598237,511227.437646389,511227.437646389,511227.437646389,1120563.1236062127,0.00880219308571295,0.01739647521404441,0
2024-08-02,609335.6859598237,499513.6260755062,499513.6260755062,499513.6260755062,1108849.3120353299,-0.010453504424797755,0.027668125508216318,0
2024-08-05,609335.6859598237,470464.80539512634,470464.80539512634,470464.80539512634,1079800.49135495,-0.02619726626971508,0.05314056252680871,0
2024-08-06,609335.6859598237,468917.3871395588,468917.3871395588,468917.3871395588,1078253.0730993825,-0.0014330594104711158,0.05449746835407306,0
2024-08-07,609335.6859598237,471981.7506687641,471981.7506687641,471981.7506687641,1081317.4366285878,0.002841970596380472,0.05181037796033205,0
2024-08-08,609335.6859598237,477829.149279356,477829.149279356,477829.149279356,1087164.8352391797,0.005407661443824763,0.046682889499793316,0
2024-08-09,609335.6859598237,467615.83291864395,467615.83291864395,467615.83291864395,1076951.5188784676,-0.009394450620236472,0.05563878001981407,0
2024-08-12,609335.6859598237,461811.0136768818,461811.0136768818,461811.0136768818,1071146.6996367055,-0.005390046942695514,0.060728931326368474,0
2024-08-13,609335.6859598237,466417.05288624763,466417.05288624763,466417.05288624763,1075752.7388460713,0.00430010120082347,0.056689970676066286,0
2024-08-14,609335.6859598237,460766.0773880482,460766.0773880482,460766.0773880482,1070101.7633478718,-0.005253043096372756,0.06164521891334558,0
2024-08-15,609335.6859598237,469562.69872283936,469562.69872283936,469562.69872283936,1078898.384682663,0.008220359629415475,0.05393160515283183,0
2024-08-16,609335.6859598237,464166.58057928085,464166.58057928085,464166.58057928085,1073502.2665391045,-0.005001507296857888,0.05866337313298654,0
2024-08-19,609335.6859598237,476472.90108139755,476472.90108139755,476472.90108139755,1085808.587041221,0.011463711708584734,0.04787216142185151,0
2024-08-20,947783.2468657304,131959.25177533863,131959.25177533863,131959.25177533863,1079742.498641069,-0.005586701443098585,0.053191415391650405,0
2024-08-21,565432.933023359,506416.1278142929,506416.1278142929,506416.1278142929,1071849.060837652,-0.007310481724440265,0.06011304224597288,0
2024-08-22,565432.933023359,503715.7088460922,503715.7088460922,503715.7088460922,1069148.6418694514,-0.0025194022804762017,0.06248099559072824,0
2024-08-23,565432.933023359,493310.3107070923,493310.3107070923,493310.3107070923,1058743.2437304514,-0.009732414868718009,0.07160531948894676,0
2024-08-26,565432.933023359,494517.03502082825,494517.03502082825,494517.03502082825,1059949.9680441874,0.0011397704975988354,0.07054716262197265,0
2024-08-27,565432.933023359,506431.2715024948,506431.2715024948,506431.2715024948,1071864.204525854,0.011240376282713349,0.06009976299280813,0
2024-08-28,565432.933023359,504242.60454940796,504242.60454940796,504242.60454940796,1069675.5375727671,-0.0020419255945346437,0.06201896934306229,0
2024-08-29,565432.933023359,507471.9797296524,507471.9797296524,507471.9797296524,1072904.9127530116,0.003019023121321851,0.0591871829241478,0
2024-09-02,565432.933023359,516331.693315506,516331.693315506,516331.693315506,1081764.6263388651,0.008257687592388763,0.051418244597820136,0
2024-09-03,565432.933023359,516649.0285387039,516649.0285387039,516649.0285387039,1082081.961562063,0.0002933496025581128,0.05113997851687903,0
2024-09-04,565432.933023359,516696.19563388824,516696.19563388824,516696.19563388824,1082129.1286572474,4.358920752745021e-05,0.05109861846048802,0
2024-09-05,565432.933023359,519693.2384815216,519693.2384815216,519693.2384815216,1085126.1715048808,0.002769579681634049,0.04847056047430181,0
2024-09-06,565432.933023359,515871.6673774719,515871.6673774719,515871.6673774719,1081304.600400831,-0.003521775812253991,0.05182163383907102,0
2024-09-09,565432.933023359,511755.7212572098,511755.7212572098,511755.7212572098,1077188.654280569,-0.003806463154541695,0.0554308398537961,0
2024-09-10,565432.933023359,509691.233124733,509691.233124733,509691.233124733,1075124.1661480921,-0.0019165520582423712,0.05724115582182662,0
2024-09-11,565432.933023359,498126.5002012253,498126.5002012253,498126.5002012253,1063559.4332245844,-0.010756648662211044,0.06738208148184345,0
2024-09-12,565432.933023359,506912.5171098709,506912.5171098709,506912.5171098709,1072345.45013323,0.008260955273564186,0.05967776656964037,0
2024-09-13,565432.933023359,514132.98503112793,514132.98503112793,514132.98503112793,1079565.918054487,0.006733341313062802,0.05334625602769223,0
2024-09-16,565432.933023359,511721.16191482544,511721.16191482544,511721.16191482544,1077154.0949381846,-0.0022340674857992404,0.05546114437741084,0
2024-09-17,565432.933023359,516959.3421096802,516959.3421096802,516959.3421096802,1082392.2751330393,0.004862981275817635,0.05086786960823593,0
2024-09-18,565432.933023359,512818.87029743195,512818.87029743195,512818.87029743195,1078251.803320791,-0.003825296897780772,0.05449858180220755,0
2024-09-19,565432.933023359,517897.6846046448,517897.6846046448,517897.6846046448,1083330.617628004,0.004710230292749085,0.05004505238037516,0
2024-09-20,565432.933023359,515849.38275814056,515849.38275814056,515849.38275814056,1081282.3157814997,-0.0018907449057324888,0.051841174858262375,0
2024-09-23,565432.933023359,509390.81279850006,509390.81279850006,509390.81279850006,1074823.7458218592,-0.005973065373747977,0.05750458950553005,0
2024-09-24,565432.933023359,507409.4125137329,507409.4125137329,507409.4125137329,1072842.345537092,-0.00184346530532975,0.05924204709520912,0
2024-09-25,565432.933023359,501970.0290822983,501970.0290822983,501970.0290822983,1067402.9621056574,-0.005070067800792777,0.06401175370057144,0
2024-09-26,565432.933023359,499735.71673583984,499735.71673583984,499735.71673583984,1065168.649759199,-0.0020932229212207165,0.06597098575171857,0
2024-09-27,565432.933023359,500732.32192993164,500732.32192993164,500732.32192993164,1066165.2549532908,0.000935631361584921,0.06509707891335761,0
2024-09-30,565432.933023359,496224.84929943085,496224.84929943085,496224.84929943085,1061657.78232279,-0.004227742940936752,0.0690496081384428,0
2024-10-01,565432.933023359,475848.23855113983,475848.23855113983,475848.23855113983,1041281.1715744989,-0.019193200565731594,0.0869175257261881,0
2024-10-02,565432.933023359,458728.10590076447,458728.10590076447,458728.10590076447,1024161.0389241235,-0.01644141190461401,0.10192989078860795,0
2024-10-03,565432.933023359,453087.33099365234,453087.33099365234,453087.33099365234,1018520.2640170114,-0.005507703078646453,0.10687619429395187,0
2024-10-04,565432.933023359,466885.5592288971,466885.5592288971,466885.5592288971,1032318.4922522561,0.013547328141342074,0.09477675302720785,0
2024-10-07,565432.933023359,463591.7857847214,463591.7857847214,463591.7857847214,1029024.7188080804,-0.0031906562450407794,0.09766500923331765,0
2024-10-08,565432.933023359,463337.86836719513,463337.86836719513,463337.86836719513,1028770.8013905542,-0.0002467554111045267,0.09788766527491832,0
2024-10-09,565432.933023359,468916.4568634033,468916.4568634033,468916.4568634033,1034349.3898867624,0.005422576621214148,0.09299589201892916,0
2024-10-10,565432.933023359,460357.46337890625,460357.46337890625,460357.46337890625,1025790.3964022653,-0.008274760509535461,0.10050113379363736,0
2024-10-11,565432.933023359,454419.22316360474,454419.22316360474,454419.22316360474,1019852.1561869638,-0.00578894112883932,0.10570827977556374,0
2024-10-14,565432.933023359,442812.74552345276,442812.74552345276,442812.74552345276,1008245.6785468118,-0.011380549199941359,0.1158858106966781,0
2024-10-15,565432.933023359,451629.26504325867,451629.26504325867,451629.26504325867,1017062.1980666177,0.008744415877401268,0.10815474854229842,0
2024-10-16,565432.933023359,458335.81615161896,458335.81615161896,458335.81615161896,1023768.749174978,0.0065940422533736776,0.10227388327071575,0
2024-10-17,565432.933023359,461753.60804748535,461753.60804748535,461753.60804748535,1027186.5410708444,0.0033384413214612163,0.0992768773072718,0
2024-10-18,565432.933023359,454052.81225299835,454052.81225299835,454052.81225299835,1019485.7452763574,-0.00749697887051648,0.10602957952628479,0
2024-10-21,565432.933023359,447720.7659673691,447720.7659673691,447720.7659673691,1013153.6989907281,-0.006211019933302531,0.1115820476276299,0
2024-10-22,565432.933023359,455896.1173286438,455896.1173286438,455896.1173286438,1021329.0503520028,0.008069211383641806,0.10441321537291509,0
2024-10-23,565432.933023359,451384.32667541504,451384.32667541504,451384.32667541504,1016817.2596987741,-0.004417568120356319,0.10836953100169608,0
2024-10-24,565432.933023359,457091.0356769562,457091.0356769562,457091.0356769562,1022523.9687003152,0.00561232507327003,0.1033654109644454,0
2024-10-25,565432.933023359,464720.1222887039,464720.1222887039,464720.1222887039,1030153.055312063,0.0074610345041052906,0.09667558935807685,0
2024-10-28,565432.933023359,466331.84991931915,466331.84991931915,466331.84991931915,1031764.7829426782,0.0015645516191058473,0.09526229168882927,0
2024-10-30,565432.933023359,467365.86272239685,467365.86272239685,467365.86272239685,1032798.7957457559,0.0010021788106864271,0.09435558272833076,0
2024-10-31,565432.933023359,466590.6680049896,466590.6680049896,466590.6680049896,1032023.6010283487,-0.0007505767053567203,0.09503533833127123,0
2024-11-01,565432.933023359,470887.47903347015,470887.47903347015,470887.47903347015,1036320.4120568292,0.004163481362440713,0.09126753482874597,0
2024-11-04,565432.933023359,465031.1957883835,465031.1957883835,465031.1957883835,1030464.1288117425,-0.0056510353139368474,0.09640281408034956,0
2024-11-05,565432.933023359,464348.9653902054,464348.9653902054,464348.9653902054,1029781.8984135644,-0.0006620612781201851,0.09700105078816532,0
2024-11-06,565432.933023359,479489.3311433792,479489.3311433792,479489.3311433792,1044922.2641667383,0.014702497467180553,0.08372471102451161,0
2024-11-07,565432.933023359,484733.39752197266,484733.39752197266,484733.39752197266,1050166.3305453318,0.005018618665164842,0.07912627475682986,0
2024-11-08,565432.933023359,497506.5381937027,497506.5381937027,497506.5381937027,1062939.4712170619,0.012162969141371383,0.06792571605359751,0
2024-11-11,565432.933023359,502412.92700481415,502412.92700481415,502412.92700481415,1067845.8600281733,0.004615868489194153,0.06362338373674119,0
2024-11-12,565432.933023359,496346.5671157837,496346.5671157837,496346.5671157837,1061779.5001391429,-0.0056809321608179975,0.06894287577070911,0
2024-11-13,565432.933023359,502132.60199069977,502132.60199069977,502132.60199069977,1067565.535014059,0.005449375199048312,0.06386919616903684,0
2024-11-14,565432.933023359,509167.25616264343,509167.25616264343,509167.25616264343,1074600.1891860026,0.006589435440936153,0.05770062267292099,0
2024-11-15,565432.933023359,507779.86756134033,507779.86756134033,507779.86756134033,1073212.8005846995,-0.0012910742202214553,0.05891720110671867,0
2024-11-18,565432.933023359,507416.1002664566,507416.1002664566,507416.1002664566,1072849.0332898158,-0.0003389516922324143,0.05923618271393442,0
2024-11-19,953457.957231308,117149.13189697266,117149.13189697266,117149.13189697266,1070607.0891282805,-0.0020897107533018877,0.06120210697923442,0
2024-11-20,953457.957231308,115058.33123779297,115058.33123779297,115058.33123779297,1068516.2884691008,-0.001952911278480407,0.06303549597272831,0
2024-11-21,953457.957231308,117172.3159790039,117172.3159790039,117172.3159790039,1070630.2732103118,0.0019784300567282642,0.061181777235873314,0
2024-11-22,953457.957231308,116065.16436767578,116065.16436767578,116065.16436767578,1069523.1215989836,-0.0010341119983543479,0.06215262042430736,0
2024-11-25,953457.957231308,118952.20391845703,118952.20391845703,118952.20391845703,1072410.161149765,0.0026993708620950407,0.05962102253478852,0
2024-11-26,953457.957231308,120422.4462890625,120422.4462890625,120422.4462890625,1073880.4035203704,0.001370970197661192,0.05833179098217652,0
2024-11-27,953457.957231308,121581.85552978516,121581.85552978516,121581.85552978516,1075039.812761093,0.0010796446577494567,0.05731512393093788,0
2024-11-28,953457.957231308,120456.74499511719,120456.74499511719,120456.74499511719,1073914.702226425,-0.0010465756907906965,0.058301715006307826,0
2024-11-29,953457.957231308,120555.3032836914,120555.3032836914,120555.3032836914,1074013.2605149993,9.177478282951235e-05,0.05821529085071163,0
2024-12-02,953457.957231308,121002.4462890625,121002.4462890625,121002.4462890625,1074460.4035203704,0.0004163291290804061,0.057823198442970195,0
2024-12-03,953457.957231308,123682.51574707031,123682.51574707031,123682.51574707031,1077140.4729783782,0.0024943399023611423,0.05547308925176759,0
2024-12-04,953457.957231308,123605.37530517578,123605.37530517578,123605.37530517578,1077063.3325364836,-7.161595337812354e-05,0.05554073244697214,0
2024-12-05,953457.957231308,124957.84539794922,124957.84539794922,124957.84539794922,1078415.802629257,0.0012557015468981358,0.054354773483723424,0
2024-12-06,953457.957231308,126407.1810913086,126407.1810913086,126407.1810913086,1079865.1383226165,0.0013439488644599873,0.05308387465536479,0
2024-12-09,953457.957231308,127162.87377929688,127162.87377929688,127162.87377929688,1080620.8310106047,0.0006998028375673204,0.05242122006391029,0
2024-12-10,953457.957231308,126520.83013916016,126520.83013916016,126520.83013916016,1079978.787370468,-0.0005941433125403739,0.05298421765911444,0
2024-12-11,953457.957231308,129432.82604980469,129432.82604980469,129432.82604980469,1082890.7832811126,0.00269634546965003,0.05043073594471248,0
2024-12-12,953457.957231308,127771.20947265625,127771.20947265625,127771.20947265625,1081229.1667039641,-0.001534426742569428,0.05188778041740084,0
2024-12-13,953457.957231308,129293.04516601562,129293.04516601562,129293.04516601562,1082751.0023973235,0.001407505217417171,0.050553307521641416,0
2024-12-16,953457.957231308,128619.12731933594,128619.12731933594,128619.12731933594,1082077.0845506438,-0.0006224125816439718,0.05114425508864018,0
2024-12-17,953457.957231308,129141.12731933594,129141.12731933594,129141.12731933594,1082599.0845506438,0.00048240555821110753,0.050686521803354485,0
2024-12-18,953457.957231308,126531.28045654297,126531.28045654297,126531.28045654297,1079989.2376878508,-0.0024107233231923653,0.05297505394626403,0
2024-12-19,953457.957231308,125380.04412841797,125380.04412841797,125380.04412841797,1078838.0013597258,-0.001065970185582299,0.05398455430375999,0
2024-12-20,953457.957231308,123105.97467041016,123105.97467041016,123105.97467041016,1076563.931901718,-0.002107887797001662,0.055978648717518176,0
2024-12-23,953457.957231308,121243.13037109375,121243.13037109375,121243.13037109375,1074701.0876024016,-0.0017303610534543656,0.05761214649740672,0
2024-12-24,953457.957231308,122948.23486328125,122948.23486328125,122948.23486328125,1076406.1920945891,0.0015865848763505497,0.05611696818138301,0
2024-12-25,953457.957231308,126386.28045654297,126386.28045654297,126386.28045654297,1079844.2376878508,0.003194003916469068,0.053102202081065614,0
2024-12-26,953457.957231308,129348.17095947266,129348.17095947266,129348.17095947266,1082806.1281907805,0.002742886797517885,0.05050496861255508,0
2024-12-27,953457.957231308,131795.66174316406,131795.66174316406,131795.66174316406,1085253.618974472,0.002260322249727942,0.048358803867103894,0
2024-12-30,953457.957231308,132435.34838867188,132435.34838867188,132435.34838867188,1085893.3056199797,0.0005894351645767681,0.04779787308204321,0
2024-12-31,953457.957231308,133424.7216796875,133424.7216796875,133424.7216796875,1086882.6789109954,0.0009111146425668792,0.046930307781525016,0
